label,0,1,2,3,4,5,6,7,8,9,10,11,12,13,14,15,16,17,18,19,20,21,22,23,24,25,26,27,28,29,30,31,32,33,34,35,36,37,38,39,40,41,42,43,44,45,46,47,48,49,50,51,52
0,-4.184030374827116,1.272822333337333,-1.1597114581599564,-1.3382552621855666,1.9326401033917948,1.9376188319411236,-1.1237132642146452,-0.20856383263685682,-2.134553997692991,-0.5606236830748484,-0.40464077138354604,1.4315853746756875,0.8003542803292186,-0.14736528117780542,-0.44733901542517673,-0.5408330554463495,-0.5508191980318368,0.22069348028320257,-0.663576859776477,-0.6138261126168111,-1.062367677183142,0.011332323132176097,1.0384276919743194,-0.8394619822886732,-1.9272737754847136,0.6309839211741296,0.7551884615500357,-0.4423959546605943,0.03523009077987095,-0.2140872755147884,-0.005559827802085163,-0.00861666178144643,-0.47071336897444654,0.017330162710483432,-0.513178935842507,0.28415728554734027,0.018096927426763238,-0.3455015526194772,0.42242121060695736,-0.23299366204428934,0.1405706431319069,-0.13744259218293983,0.32952795388003114,0.29225571959460767,-0.34698119418528134,-0.19179669262102275,0.045311318285415986,-0.2212310722399355,-0.12991786135032152,-0.17844207886454777,-0.019677399382211955,-0.13427533711384118,-0.02279338446293036
0,-2.3827344767009646,3.010177152549855,-0.08990202477278397,1.7752270659283846,-0.0024155756681653547,-0.9943119627456349,1.8353116467224078,0.7160604201798291,1.243481839364997,-1.8813456813682519,-1.7498748998326585,0.9383096207499746,-0.4422500026470761,-1.304465345158723,0.5403080343807473,0.14777163355641051,0.2848551075147002,0.18177788785426857,0.629939088094086,1.3483361470463664,-0.22420655706845471,2.0658031685125526,-1.3425494966398785,-0.6569031707154139,0.5787228747435129,0.6980379691098857,-1.1845036361279107,-0.33087933752782334,0.8272701379254143,0.43511599231130793,-0.6233088472358558,-0.42820570407292685,-0.2825739127531543,0.8520293531392147,0.026474378290847554,0.5651272991286367,-1.1663826742102303,0.1741107376550566,0.6356607633988836,-0.3633333733591008,0.1788686726799807,0.22592297835568936,0.2583408758766675,-0.951019287380097,-0.11058223144878387,-0.2744990000857092,0.04241282885765369,-0.2775206093522354,-0.2665865576760786,-0.07239867341177801,0.5761259738295259,-0.04319167209303515,-0.5368927418625635
0,-2.6335850253508566,2.2438023654917396,-0.4794210775519106,2.2950584818382507,-0.7862069795119931,0.706595620241078,2.342692419081261,4.127038378966038,-0.3096759854857042,2.302419689780981,-1.8715528277727218,-1.2264578200182654,-0.5433890365412658,-0.9594618290334771,-0.06656885956905274,0.5350787972740912,-0.731963174564181,0.7028754439161709,0.14797308196337336,0.1974609342055291,1.3514916252927092,0.10098333888784085,-0.942651385317889,-0.08611219948115197,0.5593095222943542,-0.133384900273026,0.04022578717941392,0.06797210653825272,-0.32859138156095297,-0.7904889581893205,-0.19936413684427057,0.6936549037222937,1.4428797483344025,-0.29632157148044347,0.8358789114154365,-0.02003633530006318,-0.26065420993961275,0.48043341825116676,0.20990215346976204,-0.375315549769197,-0.35080324610325475,-0.1651986621172599,0.8085009562234556,0.07088988431933856,-0.6552563899610776,-0.9620517751650747,-0.12645280957542882,0.34583898417414305,-0.08590248897274044,0.01805211254802689,0.3511325369721116,-0.6531576444819266,-0.2385974907334816
0,-3.187176243657022,-0.48404411990144985,-0.18821963819509513,-0.4067761831892827,-0.5570147745927573,-1.8156921706800944,-0.49863579808822067,0.04685645395417132,-0.7187651001641243,-0.6104574557619733,-0.17896495717484812,0.562981344353074,-1.9534782872346423,1.044322201584301,1.7980780718404905,-0.27978881898936436,1.1149303943072135,-0.6478882959477831,0.15175224421785627,0.5128117032757576,0.4462493913047238,-0.8370476912208805,-0.859567357522671,-0.45550071667316633,0.5768961248446698,-0.022398100664845433,0.5582063405568605,0.6161737597102402,0.7550761829816631,-0.36876242224016315,1.0923256395268715,-1.4206711192210344,0.12806468131155385,0.1797080249386057,0.7319183200386319,-0.3735397582589867,-0.852677404738747,0.7380224299251753,0.25413190934596525,-0.7648172169933188,0.36752336254201307,0.48360995198319046,0.7708415865184977,-0.4981970454832521,-0.2749188848621631,-0.08779966756266389,0.0424555209072799,-0.1214069405539819,0.13651639252947764,-0.3674015624894108,0.46385567511558917,0.2858734887855521,-0.2761769668598649
0,-3.375880059529091,1.1404987144968242,-0.42356332835255794,1.8953469747395324,-0.9243627998277757,-1.4287921536800319,0.7171669409848451,-0.39786567337436973,-1.184427977419837,-2.076621133268227,-1.174997075798833,1.3706820610647883,0.3885486759925019,-1.9969326677162806,0.19586122377982543,-0.26751995920642985,0.3412351349336697,0.5317269132107026,0.5418088991463464,-0.975514835472913,-0.5807228933479245,1.4142358761326914,-0.3176030144965268,-0.7664770757336495,-0.46577123212728827,0.374399776372353,-0.11085822774267817,-0.45547737030440727,-0.5432415004205847,0.1364747903386008,-0.17283359488370598,-0.20076931964260114,-0.03667974966212132,0.46067548368403316,-0.5027331903871219,0.35812128031268237,-0.2525516116499163,0.6848826322709238,-0.029391298380172886,0.07113168256519757,0.40040481443004383,-0.23638980495373826,-0.16545355046945476,0.40655471536283344,-0.3732640867820971,-0.13920571163206594,0.7334356783840484,-1.0521629720638979,0.4966529504791102,1.1168648210454233,0.2837722238155611,-0.7896121398738642,-0.5279256131091663
2,2.82670774528433,2.649165939621142,0.8926946407952173,0.2970043079190418,1.138519913892651,1.277773043126848,3.1806109939915257,0.9108428454041837,4.0481640650818616,1.9914315454927025,1.0551426670466877,-0.713927727225261,2.3864106561780245,-0.9072482076037142,0.40560539110137434,0.7768923330839653,0.009383971618596287,0.39124132138043,0.08219311911372514,-0.12834386546639182,-1.3446559573894157,1.0367516500373075,1.6086674261587353,-0.8000175169007504,-0.11672997757354658,-0.5252744051812158,1.393559978666522,-0.0793663038205222,-0.9383657579567296,-0.7879215305250867,1.3031140950894506,-0.5011829404079052,0.5973220122165278,0.6591104071063667,-0.7623133411046761,-0.1646761512840283,-0.4898885341636203,-0.17647184492157594,-0.55215970855689,0.04492015319656727,-0.016069805422775616,-0.06193374085608929,0.5751012689334836,0.7192480582144563,-0.3853862591347602,0.4710764306070262,0.24055559000126203,0.7953086846028061,-0.1480829630401613,-0.19968543337700861,-0.24104901388288275,0.18418309661595422,0.15349981770509682
0,2.2691432478857023,8.251326539164623,-3.5439181454108866,-1.5989638602106302,0.8714145320743323,-3.05886610665856,1.0575441766777458,0.9747462886819587,-0.8513133055705003,-0.8577593384645406,2.913041806930447,3.909108901543848,-1.8225297062252195,0.6214377836478766,-0.49166473655561044,-0.8789201878052834,2.597827088971048,-2.3009453599420273,-0.9138267514137823,0.2753403699281234,0.5037400346346683,-0.3204072263400371,-0.47470226054773806,-0.8472037996876636,-0.27796167563406954,-1.0722135543393185,1.7859396370645124,0.6747078918410563,0.12562412891361324,-1.0717761201406697,-0.21721700363924915,0.7925302546189983,0.7178881049352835,0.08004717819873713,-0.0874240038742398,-0.7855938740922568,1.5116615197531647,-1.1663675459223883,0.3193716436687283,-1.2026727611016894,0.28038381608096824,1.0646278103505955,0.1918083990766107,-0.7011949472282325,1.0151587096560561,0.5956605923232545,0.4534707624893029,-0.5186963607874842,-0.8830775775950338,-0.11243390494791197,-0.5144339066392037,-0.2906797241871951,-0.28446987866821277
0,-0.1605807234293504,5.9804916804212205,-2.8417696007922073,0.10764162712145672,0.4781671840107721,-1.7920324771141822,0.9026906212738327,2.1248645921760043,-0.13955816569021998,-0.22772045243872588,3.911886749194872,-0.4422678187184822,-1.999131271965966,0.23425529658603203,0.8887665114653696,-2.1540692425843617,-1.838583025036622,1.720464259105589,0.2648996460587458,0.9268003455752433,2.4712277909048908,-2.428801875561928,2.2492157866700975,0.9421341195045496,0.2650602414909442,1.7539881074197716,-0.17825737572957276,0.8211161466209779,-0.5105721760993495,0.35643969142136694,0.2488822650873534,-0.14445348512072168,-1.0542189824961339,0.29263849370280326,-0.05049877803701844,-0.22209232063861667,0.08501985215174204,1.3619191000515256,-0.4095324380893478,-0.20218662153507683,-0.08439765818507314,-0.3464633913568505,-0.441488087886602,-0.25813882448247033,-0.4491174684955942,0.7802610214592663,0.4870957171529287,0.4104201846426496,-0.8505978396678656,-0.5700238984013826,0.5492223720853974,-0.3100809411021855,-0.4014174482917701
2,4.319515249816514,-6.089130949891842,-3.8846090352922666,1.237064743764299,-2.084882764791909,3.8523378318384354,3.9793166996263007,0.3943302242415393,-0.7183504216609486,-1.7182240507401427,-0.30201228541120856,-3.293498645953876,-1.0911593498369283,1.6370621479222582,1.27958373613262,0.24801211459884456,2.112649940316744,0.3107121455380701,-0.5244618046966624,0.8848244330878156,1.7103460793560337,1.752246854468622,-1.6877793072139504,-1.49970073816884,-1.0640499123051885,0.7590427195004447,2.2445760265171515,-1.9437829765703785,-1.0648681561337139,0.12176686351566336,1.4388825605457185,0.7456797183595796,-0.36912524410882547,0.7334245238930698,2.0715813483838366,0.9483591103730857,-0.8654067216696651,0.26848364501683947,-0.6963117039425673,-0.25612568626077875,0.7629553287263195,-0.34220712246601165,-0.7500362607427179,0.12491603651822511,0.6709877596797457,0.19429884276441436,-1.4368104989642172,0.22652167815348873,0.6993212778829546,-1.4582523829439216,-1.4089463804334994,-0.4090934979517876,0.5248332712320247
1,-2.785649933919978,-4.296844048572768,0.10441364112914092,0.9949638528181405,-3.3862049059609003,-3.4812392318757523,0.528665405154581,-1.9476971359438835,0.20904971921579316,-1.9648469481184412,0.4615261782966105,-0.9956199115091109,-0.939080178889235,-0.1039450717841738,0.46199320573344127,-0.27418839670998024,0.12999883364307394,-0.8876168733540178,0.8751037902056544,0.725381370342853,-0.23358087095194582,-0.2001487703469378,-0.38855794337726496,-0.7390236942187933,-0.0020544509628714638,-1.3989286205827938,0.6382447119959247,0.27068038327757904,0.18535215361810758,-0.43227519909160256,-0.5025519143585147,-0.6954799151902239,-0.12858036847133994,-0.14942868449274568,0.3750200940744559,0.0016214213433275427,-0.6501305303767952,-0.1817942319560769,-0.9281152905482521,-0.08599755961561538,0.13605189300893675,-0.4479179942085293,-0.1358904724786505,0.1708219433075184,0.0658121052489718,0.07327034492281587,-0.16421866872363117,-0.30738052098162677,0.06447567514723396,0.33666059041619123,0.14049518471367753,0.2929557871687611,0.12115658784755132
1,-3.924507155602111,0.6772632356596716,-0.6844993226069305,0.8009669726457243,-0.28875624950743395,0.13365299124716334,1.3031247271644255,1.937577876814596,-0.7758174381536529,1.0266465610085,-1.1671509944226763,-0.48450150654825913,-0.007632691387486758,0.06051624271051298,-0.8107511694297386,0.1948490643969835,0.09028640210026471,-0.2402672518892562,0.44910045468402465,1.7223694015190985,-0.03576825015544918,0.014654845588199713,-1.5802609551498321,0.18880497904830595,0.5903052220188022,0.25280610580635254,-0.770509062203739,-1.23037001932542,-0.039964025041330224,0.3105501156327358,0.6633961864460959,0.07041882996866008,0.37387813149887716,-0.13725779782630854,0.20342660603005114,-0.4316538083549067,-0.004281879226502086,-0.9631142937870316,0.3508433519213539,0.3549689732442833,0.28069377236838655,0.9083227440597545,-0.6387732793184433,-0.7356931366211885,-0.19573415938461758,0.8195009844957977,0.04723708469051288,-0.35255130619942715,-0.1105896876307176,-0.4941625088470753,0.6258875061351981,-0.1866015457945419,-0.12546749621843986
2,5.557559104959158,0.07095874116295028,-3.557446005938546,2.3605752547552017,-1.7755767363337496,0.19898737791906296,1.369516509679872,0.17803750108357116,0.9626496309573664,0.32397122895808267,-0.35522149213075566,-1.4076852775898314,2.3388454338426374,-1.0430542195288142,1.3803337761822763,-0.42133182287769627,-0.18412797893611885,-0.8534868500747008,-0.5745203206923825,-0.4991275873516731,-0.14332738642169807,0.7929486110806736,-0.3853611803481428,0.16854286670430807,-1.4209477235069237,0.6262422120893669,-0.8054057308949963,1.0707860846562063,-0.30241146114955764,1.7598339590790002,0.22224847635471331,-0.019069988169156598,-0.10672889833969917,-0.49533339853739333,0.28928719937092356,-0.33287903669947877,0.9441003121267884,0.6178780344661123,-0.6708335443949246,0.7836847833479094,-0.23886063722405781,0.5217899597750856,-0.06103634574168861,-0.42897078746440814,0.11700189106034567,-0.9487470221857831,0.10534578691116168,0.7530594362085403,0.2231273178053404,-0.061179940486059396,-0.483638921334945,-0.3116320294800382,1.478459240281952
1,-1.9535915149976715,-0.057361102001681985,-1.1417973659030667,-0.6246497871614387,-0.29440049560133297,1.1866353899863407,1.5165081312134243,1.2860252682273554,-0.02111751935272809,1.6790651970844217,-0.3362280135066356,-0.07056528225678059,0.4905316084310332,-0.7708377382110212,-1.7448344138304936,-0.09029683745069246,0.0023879155692149907,-0.45799190174731963,-0.5978088781904163,0.4202386448297432,-1.0073440485240615,0.47403555158525335,-0.35725731208272865,0.10926218253032506,-0.4201734223433178,0.8085884995433323,0.27815901160680384,-0.31358056683812363,-0.4112514942800233,0.09822855978589116,-0.024816841961210027,0.017338207283405134,-0.9239120519379027,0.17937257812735533,-0.06625216152390963,0.010630523054869957,0.5152372886256079,0.33314548284427814,0.2366903065932975,0.01233036641330914,-0.10198909998225811,-0.4776371253229133,0.3242235568761599,0.40577563869036454,0.1281985991145698,0.4037448089908576,0.410035542688972,0.36420311063201255,-0.5976405631896445,0.15959858895095239,-0.4841962028080083,-0.13897666015776075,-0.16816682625565388
2,-1.6074897100398973,1.241754462185624,-0.5441717359271616,0.4997047430300314,-0.26864514438672077,-0.27796532616299113,0.5665934860872481,0.7615296925995356,0.9273686971371904,0.42899409067278305,-0.3344617862257672,0.29012061578356596,0.2150406884847409,-0.6017862329314786,-0.3876392788572991,-0.22881733245500374,-0.13887588177776328,-0.891285929868798,-0.1555287446709907,-0.42169935776823625,0.1554676224969404,-0.06564087830216879,0.849497135658414,0.20422539466039322,-1.398669671500358,-0.9393436496790182,0.1041496996844133,0.21478310639978776,0.7207260950058686,0.04838329739341638,-0.19624282332397386,0.09853690918318607,-0.4295517693141434,-0.11626186546684734,0.0232015656173455,0.11554120102372697,0.9039209923615515,0.26420304035080866,0.3761239562421047,0.47799596045316756,0.49765508552956467,0.04593862684939208,0.2267480038353758,0.1192720609044134,-0.2228182100908579,0.195753944143322,-0.14483401501471055,0.27775470973414773,0.3520524756960798,-0.09542207681447065,-0.36887560043538303,0.15131293797094267,0.03427939992004086
2,2.758819558565456,5.33075383585351,-2.949892842256165,2.2646844272859257,-0.33295776293307355,-2.2102944162085647,4.225798477932559,0.6627022815933811,-0.29175716645356276,-1.708830370116875,3.541429459305708,1.3733560916200984,0.450584514100423,-0.6556527145173864,0.43895159121373073,-2.7383744036927635,0.13625937833540247,-0.41392027982643553,-0.9133221058240266,-0.8157465249537009,0.3509753089765846,0.5689350194094551,1.313089487989287,-1.4456025706950006,-0.0020105079966334025,-0.3007960987139991,0.09501834050191148,0.5963909373219084,-0.7109702396742872,0.41587233206152624,-1.3946222291511061,-1.0882834026678945,0.5738327268407583,1.228195645089981,0.3036038623801973,0.7267421281941016,0.6946606360197178,0.27134539414832853,0.17506043291278264,0.40394883882977656,-0.5858815349676637,0.23561895990689516,-0.9558114452943509,0.005075097332250571,0.32515653434925246,-0.610446532822584,0.569918691903114,-0.805115304197399,0.42843161835170795,-0.3031487281176894,0.06683389445067747,-0.0109398066466057,0.4676578655930952
1,-2.930872581981392,0.6498992873455982,0.6064827171133405,-1.4713720083434703,0.5697758088749206,0.6059500614176706,-1.0406968255426252,-3.126195626597568,1.7069534674368014,0.11095456542677266,0.13582133464825236,-1.3874332862654923,3.3132953271475385,-0.9343354917369586,0.1232945129651758,-0.1558266134566538,0.9214279059221656,-2.2499001693353797,2.155558642631769,-0.23905220657148052,1.4017800540385568,-0.7052280612091513,-1.4194998507106515,0.9541620803525677,1.0154347989194874,1.3714669145408305,-0.334853643276756,0.21069757031883854,0.5035198832492425,-0.9751719031838659,0.37461359260888133,0.36177570979148943,-0.10831182993597925,0.22135284220175877,-1.2955805613760438,-0.25082328519280284,0.45270693445639026,0.19794933149583885,0.7185971562622845,0.2372857178604603,0.11135480071914089,-0.5254433727862288,-0.56588431686641,0.9114822467449446,0.2393252647994824,-0.18905051703083162,-0.998107083427442,0.13183988567558985,0.018261133110175024,0.038685685272858115,-0.543752698489536,-0.03869434714629209,0.16128717045845042
1,-2.035312420969026,-1.2436442663574163,-0.3731380915587946,-1.92281837613665,-0.5580382705659506,0.18997871975289077,0.4263886205854245,-1.6172348088572146,-0.1417724016518084,0.6897526982426978,1.1420921681844876,0.4796493381688371,1.4643215908992238,1.2817523451149913,1.42681646998579,0.5104854711984731,0.17255526872112925,-1.200324983512136,1.4863989649697815,1.1719084000726856,0.36967785293778005,0.3467504292391351,-0.5625080895768902,-0.4247694932181901,1.2393519940779436,-0.623445504919136,0.8754243840304229,0.13517974874619532,0.6938223180284047,0.7977489392548034,0.25571713766467835,1.357563426151497,0.7140961195730441,0.5216305860320958,0.4455442911291576,-0.10307978066929134,0.5020561138060227,0.5480513005242496,-0.015689506488265746,1.3304164913111678,0.15698861039782128,-1.6393632692371536,-0.37424640207090004,0.20222279421851957,0.17236648286224288,-0.8132384504697843,0.16500370345011287,-0.4276597175308831,-0.1764223873577259,0.083484850131201,-0.38733765218892435,-0.12415064655815647,0.39539521999584
2,30.258564063102963,-3.6442710442467114,-8.980575240147678,20.37295796854398,-4.309282384620005,9.73470860963964,-9.926001955800626,0.3172361519863364,2.732954052329233,3.5152591690191723,-2.91509784446953,4.593674908813195,-1.9454987366887901,-3.300583113776557,-3.0094726024056264,-0.213334247344709,-2.0540967482657138,-0.0788437131618369,3.4920873105056556,0.38597016980257703,-0.12049297005490266,-1.3000178183773832,-0.6913628383256034,-1.2754921581475305,0.39437144554088743,0.3397287813209569,1.0309813464264348,2.1224499155318783,0.6626036720703431,-0.3620280819723912,0.349443201826036,-0.17319626009234268,-0.36103305186695056,1.0067036151118436,0.8443871512889867,0.7732807691266635,0.8688240167532691,-0.33006898863094314,-0.8455310580711438,0.27093470076597154,-0.20197552237068941,0.491399609367349,-0.2150325809489888,0.008911199881450178,0.6632799859202284,-0.028547584742067242,0.2949443087935525,-0.32902450714779974,0.40174886200468285,-0.25489855774922565,0.19468000257844723,0.026557844750171634,0.011151602933025266
1,-5.254714932844785,-4.477769138453324,-0.26514844304167023,0.27071471774081896,-2.6956313439034183,-2.748540443626474,0.20605414596614413,0.36946350752470064,-0.12772643914681328,-0.8862282746937485,-0.16764507965063563,-0.09581234035751146,-1.5102732915494346,-0.5154321939820471,-0.1245745099044735,0.1733376152194515,0.8131606051752939,0.014344262920049863,0.8175550145353302,-1.0433326923055994,1.1643445841191538,0.026281105564734432,0.33387204182460856,0.5596827939836729,-0.03604945286874862,-0.1687922855429561,0.7593770544079035,0.2863248301131819,1.036398216571601,0.17857685048227728,0.25632005024026067,0.3472052803377331,-0.24030319569297393,0.2668981951239683,-0.33421168648347643,-0.043216054844398014,-0.7432622439412967,-0.12707554905060447,0.6102498177830052,0.003050225992727556,0.11984490334983743,0.8672558782267197,0.054598095641122904,-0.14180912927467185,0.2701064497960571,-0.2559941623580972,0.04053835190256501,0.4342304098292663,0.2819111426152756,-0.12008713356880432,-0.17901635561507512,0.23927366450283438,0.0825199889334886
1,-5.424779076982734,-2.7964727646960377,-0.6722591331071419,-0.960049304272651,-0.17353632007855213,-0.41769342429348816,-0.7890624274655528,-1.7993478422961475,-1.3448010513529842,-2.1177884523047514,-0.07209710423465496,1.1746433756739703,0.8601410205529866,-0.08894735040167037,-0.21800151380798616,-0.7703834819599832,0.6455263897215553,-1.1637539507871568,1.605961690513895,0.13957777708093852,0.6077594140195445,-0.09178028741376279,-0.3688717710045009,-0.22108112235822916,0.9319980987662921,0.5816310992101684,0.8311610717712677,-0.33084855960765713,-0.20528552622054674,0.3374233752597675,0.15348374563562603,-0.28626679007252087,0.15274675087219977,-7.994481654274334e-05,-1.1792161786743902,0.4959382926364831,0.05384034867025897,0.7395832066666843,0.27910695858751444,1.0605639399929703,-0.21829758034002636,0.2742426473323214,-0.18343899727552188,0.7087086027384532,-0.12842793052430443,0.16111057425985897,0.34295508450375906,-0.21012210350883515,-0.2580299309114982,0.19435835955455488,-0.5567880077656486,0.399742794418208,0.13092173252778977
2,4.192420944264285,-2.5914907081576226,-1.2236820122528205,-0.6034514159281857,-1.3081661343394375,3.0918945580475627,2.96128857229026,-0.45446390943228704,-0.05093302677040647,0.5708880435081086,-0.3317675334735023,-2.63303578982423,-1.3656200583084468,0.8130170877618506,-0.7806874765436453,-0.6257199389360913,0.6884086563933505,0.22476889170111186,-2.270845226159645,-0.6607982006502083,0.3425784393485573,-0.5782627756849072,-1.113195731062274,-0.9167063496907348,0.8456927662045284,1.0698734839108288,0.7362061092740027,-0.5149237123695006,-0.22438598416413905,0.6873081811112327,-0.1768315312658389,0.33360453627582054,1.002203339902167,-0.0803157010716472,0.7282256695549378,0.8446875929046408,-0.1082391824910555,0.8263407508878998,-0.791200890942077,0.10132285727801303,0.8625605961253515,0.11439628896497915,-0.2756276474811005,0.07079672663876166,0.560613248895805,0.31064228210340417,-1.0461265298337474,-0.5142737801612819,0.8112817770184158,-0.1471808208705034,-0.421579191613351,0.784588265911622,-0.015572020282588547
0,-0.8720841355915115,8.472219684421677,-1.9086201962997094,2.6992109642861672,0.49312873989513334,-0.7983036671591616,0.6457034826807786,1.4653850618859232,-2.8729296148197245,-0.062335491760391486,-0.7936442507528008,-0.7690703936889108,1.1914932337608988,-1.4658365225838668,0.7531308039981647,-1.4965919036491973,-0.9479117528795193,0.17484147857027943,0.8242844317389337,0.6333457280247939,1.405427474520923,-0.252592434931158,-0.06583336304566975,-0.3910838242477093,1.1012004029581466,1.2538923235026678,-1.280646672335486,0.6248762164712861,-0.6886751858849932,-0.6460255266511595,1.0100948300577626,0.29456681879192653,0.3904248999655272,-0.0009069245853253672,-0.6495081096877926,0.3391375304689731,-1.2657083875165807,-0.15130088892918628,-0.39171928939079037,-0.09343075627430089,1.1300238558858566,0.5424415187708119,1.028546691887092,0.03000184249500644,0.24273822215455226,0.6019893639796378,-0.6684071497029705,0.22772443620995603,0.00023953533278091784,0.24656283114891797,-0.06371801113831291,-0.4352703004441946,0.32165217726255607
0,-3.3313335128246657,1.2034410700386515,-0.02966124033993337,-5.008663024083555,4.375846467999408,2.6602992927897584,-4.880870264241782,-2.297105665022145,-0.2727579940632658,-1.2462172622304688,0.41148818528223247,1.2857161681803668,-2.467091373211644,2.662915194576915,0.9515748859439425,1.1751711746466587,0.4248145964231224,-0.48990069195049396,1.4563574775336767,0.5850874451147879,0.2740669367941147,-0.8580429712120999,0.3976965570046942,0.8012604556111208,0.36055619810221856,-0.6894820346568696,0.584979671852193,-0.4324821993998053,1.0422953605178389,0.1338496402538804,-0.39829414471070845,0.14611249434763413,-0.0731444237054027,0.7531827860498468,-0.3302338376591076,0.6131341353831705,0.13516255513341544,0.5574144963901515,-0.20895432873885428,0.3849523200934279,-0.061278176753772076,1.1127285009618317,0.4771691009699857,0.45756192826618025,-0.3367769939838245,0.4245395098719976,-0.5139444726988253,-0.46833086886810965,-0.47266683491297024,0.019754037034162557,-0.3442999164792762,0.02043181047865258,0.1790051608177114
1,0.6854065351796967,4.5607152262920065,-0.34538472599032083,-0.9026318938552245,-1.139509286205344,-1.1879321424940967,-3.0833163225598645,-1.4207219322848286,0.21255278327789048,0.7077279786106532,-1.3197069144599882,-2.6320426248601456,-0.6923436250625563,-0.5119962035798,-0.016503523608590847,-0.41138745057401477,0.8628390144213176,0.035971289853980404,1.1742334451407705,-1.1058428734317596,-2.7996165924670957,-1.355510094266413,1.4665124564067589,0.7963756291445356,0.824057713529831,0.41604890496071034,-0.09934237061060616,-1.6766765696973653,1.5578612910680687,1.0162061451287518,1.1924645976384718,1.0107818115425034,0.44681214598305047,-2.040419716084504,1.3457017695705493,1.5838666438012352,0.0039786355216681335,0.6072935701585256,0.4377133783591859,-1.0930732887088055,0.9068129013174785,0.3815632017043905,0.7249093866529096,1.5351578358478262,0.9851719368632441,-0.2691640504619393,0.7055316762028064,0.6479488728721018,-0.26995174642535635,0.09435076560607088,0.15845233073127485,-0.16518700536582012,-0.5475628059768006
2,4.398121768028507,-2.9946480453270454,-0.1349116760288307,1.0903418913289369,-3.360557843549109,4.718493722916282,5.802497206261615,-2.784153739882687,-0.4470690578310698,0.919387759998116,-2.512027877457314,-1.9170677087946146,0.4886983070646243,3.2520694321459205,-0.5803762541648724,0.4959718656701513,-0.6943643732994141,0.6499325225623339,-0.5393077043637633,0.6579067860875472,0.9701293577543455,0.11406388436934836,0.42751435801747756,0.0416667853184095,-0.9285306186244695,-2.088319121195445,-1.34653542516017,-0.7276340477471149,0.4348030295356541,-1.647658852416204,-0.745847907206163,-2.60429752548439,-0.39880832948464484,1.5285944693834894,-1.0779872058803401,-0.493488990551956,-0.01903497804979717,0.6841201066396077,-0.7365339087102931,0.39254992632326835,-0.010855499293409305,0.09069826707419626,-0.07358455939646744,1.607853658815077,1.182840453349571,0.32323218684190497,1.0196482316823874,2.148137619587027,-0.029813017860785367,0.21406677337445768,1.957949061206792,-0.002278371708936267,-0.12898843976554783
0,-0.18843902912492008,-5.067057117903388,3.4507091101951084,-0.18847938953232063,5.162776594405779,-0.8950201443935852,-1.4564209507015962,-6.256039892331582,0.04971645653857837,-5.819890751334412,-2.2438302296314276,-1.2233199693658672,0.4166809097582547,-0.20894510177235107,-2.2216489228227143,-1.5159585004352967,-2.558732340016088,0.45038882070014896,0.7741172074954988,1.1377113175949587,0.9351588673940302,1.5454702931595912,-0.36100718923112196,0.8331697430582731,3.0772864902707044,1.0590058315250925,0.6902036048630716,0.3024709399355675,-1.5467360231107887,1.9722311476473857,0.09787549515856649,-0.5967922911211025,1.0760550182986162,0.9534175239455255,0.2890113128590035,-0.32808102465435607,1.3693831643781516,-0.8713645923712986,-0.9022512744815243,-1.2413082590977953,-0.10356404427633385,-0.5263920912689122,1.376727539490719,-0.33666403072277196,-1.1377953195773294,-0.07915193655688335,0.2555267641578093,0.19483174769816775,0.1765016477911232,-0.43621546267619554,-0.7318225780822286,-0.7972531768400282,-0.03489492820413268
0,-3.7669164533790553,1.200623494370477,-1.049038888072066,-0.36557681431851785,0.48433815630727356,0.22339125873420476,-0.11978084584969052,1.5171230230293307,-1.8741342277000597,-0.7000229995777971,-1.4010369330840042,1.011062557052632,-1.5980019649468094,0.21052959789390632,-0.6564517526076945,0.5228175275104467,-0.2727906172607894,0.6132234955814507,0.24825550884793424,1.397317794370653,-0.5823298136558962,0.5500253396746977,0.29837980098764655,-0.027094737757830976,-0.29660493269245636,0.6519541723892104,-0.46723361961987725,-1.223088510659106,-0.36222811691434204,0.3344357086778855,0.8033325214426313,0.2941481445945303,0.5540358254356098,0.5496697411008176,-0.7242464405714949,-0.2471694260380363,-0.21140024801988438,-1.2469233492905034,0.42742927354695137,-1.085842988933379,0.44058935212532724,0.5778132905076095,-0.03813085369022669,-0.40154654907275006,0.04752789586046553,-0.2707892829206127,0.9052709561125423,0.5698214896414507,0.17842269604996075,0.1709056442867507,-0.4785344384626753,0.8224835741605309,0.27444795979941017
1,0.5657023274912729,3.596315325038716,2.5341563174854085,1.0122936112098802,-1.2227465272596179,-1.559301903694161,-4.0875011846455775,1.0741654721753908,-3.439026437074105,-0.9530021575651307,0.48725702551807487,-0.06140898198197663,1.4714427290636252,1.9926385512105294,2.668973330374752,1.8549218657654771,-2.416291014514757,0.29191993771213703,-0.5794403988583969,-0.672836034296006,-0.9620251841161707,0.20591670128313427,-1.0015655672327353,0.24138796406095903,0.07355172303203526,-0.2949269434823844,-0.22452184452927995,0.17046646271729446,-1.2952151350578307,0.10227034080025135,-0.8637041079717166,0.2298554933432014,0.9770092959567664,0.013626508318181532,0.05576371623814338,0.8451210637189122,0.6791192209004185,0.7193655961986964,-0.30464918194586127,-1.0538731776469077,0.32045009010718795,0.2997975998681598,-0.32584882007935634,-1.0607086266712782,-0.5922663017112502,-0.4407636288365125,0.47605997696319674,0.16222636170118174,-0.2307298229570552,0.13373235053018548,0.636743699592963,-0.033708236515855576,0.26983813642691284
0,-6.258007131694176,-2.297925285074005,-0.09576488174193047,-1.5620401830595123,1.8433732148017585,3.4547685166368476,1.2744831235361,2.2079688012055017,0.022838175112168686,0.6112031343469579,-1.4400823242618705,1.7178721970768658,0.3342577844533713,0.9117690442664154,-0.5012397034007987,1.2439559489269618,0.3745131345663755,-0.33440758545376414,-0.3817234441810194,1.2185841496217669,-0.0011430520405222998,-0.7003751425068275,0.5771729401453753,1.4653610863685609,-0.3627598995448052,0.3125022550311538,-0.31741815175891747,0.0516366945844694,-0.9040672025866097,-1.0744228169075711,0.5630230241389915,1.2944947709601904,-0.44674447243081306,-0.011684076368255098,0.16495122052443675,0.9672199306038854,0.35181699965292684,-0.7242555934272404,0.0990982612279751,0.8615036188018519,-1.3180405055677564,-0.17303975441974093,0.3758642968461266,0.21400509814480606,-0.373253469753537,0.49285646668576055,-0.04026703544623191,0.37373053943464085,0.3006959340188888,-0.5714006389750548,-0.10029204025269853,-0.006710900013285163,0.002658237614615921
2,-1.544978776354867,-0.7204894566656089,0.4896137754303627,-1.521038909758376,-0.42894138935454085,0.3817606564818762,-0.9540079256528422,-1.3121463628030672,2.754400682740919,0.14824264496761658,-0.2395008934225129,0.039310019270857796,1.3907795066981612,1.44871727914138,1.7774039135343684,0.14954634942180978,0.005605457770908888,-0.36974449827369976,-0.6353612600015678,0.11907949055130783,-0.23089911310338013,-1.659813986322702,0.19232053301747457,-1.1988749504956544,0.2623340650239024,-2.152815379267424,-0.7735984576850095,2.1452462161969055,-0.3562468113812286,0.5004913862898369,0.6154572296231177,1.348800531581262,-1.7501194703410117,-0.30903339520009565,-0.11972854371598222,-0.19468868780043397,0.07465964350931499,-0.7743696194279299,0.23198350292051315,-0.5360574761252255,0.04836649456945943,0.2482394765866479,-0.0037352065412831065,-0.20427226913523408,-0.6254741932830459,-0.24413662302190073,0.6061643151410336,0.6142454195196062,1.139645228932436,0.2817037159666808,-0.5582338808191879,-0.8572893832731516,0.8289563077049561
0,1.86021645278352,0.32030723018084395,4.307439558602066,-6.354411350624652,-4.146882447756847,-5.100710008194005,-3.8476580371614544,-3.4967465444105263,3.6404595914929683,6.155772110531657,2.232031057018992,3.8722548656549596,4.86956895494202,0.46451672213634687,-0.5762246785522518,-0.49366409386948124,1.644740886976336,7.21968632776905,0.21500247957357888,4.260143316642536,2.927542153032326,1.2451819489652614,-1.9292350241985754,0.450894296481324,-1.9193022913047817,0.02573469490812062,0.7493489447971059,1.1450354224046142,0.08918395233576493,0.8900490509533628,0.8980715634009862,-2.225473221167507,0.507299352825849,-0.9266712065452462,-0.25151459140980503,2.677397349387983,0.7982453824584529,-1.3235912204175193,0.26807314443892916,-0.5944918875215436,0.4335946508850529,0.051585586739487245,0.2591144400241249,0.26280906790260905,0.6331229054021803,-0.11045611544356414,-0.624485592404827,-0.12654093904379268,0.054097486973564764,0.7922822814326339,0.29834464586405435,0.2960327368422279,0.2298826749863358
1,-3.4858730576773276,-0.521234284028621,-0.3212715863670855,1.7587022531070475,-1.1462427856196618,-0.30544206866138723,1.3635001618641822,0.7022410197558687,-0.7280811826073265,-0.10936778359824616,-1.542681338454057,-0.4792169784173353,0.6723112708503793,-1.0381904426048658,-0.7409973601045674,-0.6210339660132171,0.23737309612201363,-0.13560520034509485,-0.012678842798290863,-0.24424769344721436,-1.0137143583894452,0.009180144050194036,-0.46900110018944013,-0.21159968675627494,-0.07886703972819378,0.2996338427502904,0.12790380584345132,-0.7481176723049218,-1.4361377174310181,0.13824723658358817,-0.15553630424774165,-0.00941073261635915,-0.347148737924754,-0.031318562303909336,-0.34908164995112556,0.09833101545691286,-0.1675805639204734,-0.35762895674823114,0.7229335444328624,-0.40337627206120646,-0.2205500375808881,0.14013157015703012,0.3030746012027456,0.7280677497332634,0.5688122885327953,0.3391076585863447,-0.45804587100947364,-0.574118578057124,-0.31008454644604533,0.5998164343885861,-0.24910257829447927,-0.6156484138057586,-0.029020580772379307
1,9.05820909175623,18.203006777664342,2.9441814357273532,-0.07492944668974355,6.375915474353918,3.336976335230906,-0.03162225562727634,-2.3572637690110496,10.153217424201033,-4.529530059406155,-1.7276765536770273,1.8650590026475957,-1.541056343206502,-2.289170248247151,2.228927808801402,1.2463171899964325,-0.11388790116526355,1.2669575003761213,1.11016015922416,-0.7275650565938695,0.6203035104693694,1.4777750400149852,-0.980383543803876,3.0790889002676503,-1.5421495554466127,-0.6343707330679156,1.868658701674246,-1.3436776970394604,-0.7922063736352587,-0.9012242112699694,-1.4217237737322925,0.012037587754857467,0.24752277228112163,1.0060816347816293,0.42256457267855807,-0.3073465545993193,-0.692933999028104,1.096811010511675,0.6259175766880906,-1.1016195221164415,-0.26128500107881547,-0.5500956317002923,-0.23234232248146536,0.00536735636374523,0.0977574345286765,-0.35297819818605447,-0.0486452877532138,-0.01294819046362213,-0.05774243394735458,-0.2944662428513596,-0.24619622712845662,0.44267205170966745,0.2773377074507764
2,12.544964005527925,-5.316026971469344,7.066521528030713,1.9488911691548945,6.053895590778633,-4.701556268376904,1.8223011182371676,-6.7920836387037715,2.0704484967917605,0.4289886287003069,0.40257054492292454,4.660009199667979,-3.9665095775934733,-1.7384994776591345,0.26122361337663846,3.384240855891525,-5.605544649122405,-2.560125797022045,-5.530448069700156,-0.6526504904467577,1.9260049543729123,2.849803374163871,-1.1909025913752245,-0.020935910701937878,1.6678900207384146,0.07965616715473,-0.2649647201021772,-0.7654043855655311,0.1078063121596368,-0.3853615949973612,2.2877022378960237,-0.6040078908091719,-0.16075201315097506,-1.3491045961616699,1.2393628822090699,0.6372943389409712,0.9284364698364751,-0.027205530444477346,0.6088965990973321,0.9359844318723933,0.08326902630034085,0.5532591487058327,0.48392817102216307,0.9854117290918313,-0.2660071864340746,0.18658889729948494,-0.03637701540466633,0.514715974473037,-0.16177143027579274,0.4370291046271147,0.3140061540728332,-0.005978370677007787,0.07518291469910122
1,-3.3147067264138856,-2.0434545433261873,0.2778253567074854,-0.645811053291025,-0.9268448916587302,-0.2292674192515482,-1.8145474846484553,-2.3251531203838525,-1.4149648921578097,0.8405468224752323,-0.4491445053435604,0.06825156108742227,2.3719793197645127,-0.12000536336188494,2.422960108599909,0.8025328662907395,-0.17670228299042035,-0.30253062607249775,0.4070286023326571,-1.2167490660725828,-0.4204108367640773,0.12192242371149146,-0.24091148963724565,1.1411677398140372,0.40085545370160724,0.2834356831271053,-0.19583817333425438,0.5510271156120664,-0.5694303396523261,0.32832401781315484,0.3202890242010293,-0.6771846127326286,0.08271743121388031,1.075591836119214,0.9842387524906797,-0.4029481302170405,-0.48397163297265217,0.4873969304810703,-0.06127337019804777,0.14870348034147454,0.7312359831667303,-0.37769908270570274,0.01429177336054034,0.031456855320958314,-0.40561061453565755,0.10755783783658554,0.0439689481093675,-0.6420723408588287,0.42592274513037676,-0.604234214786219,0.6620297760229616,0.696573607061189,-0.41808236362036355
2,7.890461488665986,0.4251467914782044,-2.208463509760571,0.40141653425440604,-3.1825565804476157,-2.5217263785649733,2.3439500102112323,1.1038630030415184,1.524221110434917,1.5248255597305664,3.6482965563587397,-0.22322262909580196,1.4786933507993048,1.1098025937102178,-0.7757187513201581,1.5750937626498114,-0.4590937658601029,-2.1717587716259423,-1.9937922746313732,1.0142837307207961,1.6434078100410927,-1.5059414326332428,0.46086688354739147,-0.2823196448174181,-0.5919417807294217,2.778053671640024,1.0131435598286282,-0.6557539952153116,-1.5723560749997068,1.8603042349742342,-0.7905989169112804,2.8634864888795444,0.061402539853263036,3.0546734557164608,0.7807009856129473,-0.06743508583356576,1.275292149411473,0.025594117542535592,-0.7606573468115598,-0.6023121207930797,0.3249380826330444,0.6309476446266117,-0.4311621631517876,0.8059396835643212,-0.34601042551764394,-0.271791975265478,-0.49479411049172245,0.1593824365251969,0.30464807343845257,0.88021266677339,0.6168269558113382,0.8690648144069172,0.0007970917884000849
1,63.95441999319027,-11.209366354502935,-2.2796311621073584,-21.734462897084896,-1.1644737140928894,0.038686262281069056,-2.813898813827525,8.929585762456844,-1.4210089756547268,-2.514538159783396,-2.0164925016448327,0.14049578975211593,-0.7600713710270732,-4.456191979626916,1.8060981149160111,-0.7626642173211478,-0.9762922465949391,-0.6909354365842885,1.5833028144096557,0.28823571954311233,-0.2961995731264076,0.29081603793213034,0.4583252737273293,-0.78778717098681,0.4366955723567934,-0.04256098787529747,-0.4164688410137714,-0.24876492359281918,-0.6387197052996735,-0.7212974362305467,-0.64279409510017,-0.521373818270751,-0.303320549121039,0.31594751577535435,0.5560057790308143,0.0618270512531418,0.06367434934025099,-0.3148984500891039,0.6963232359426828,0.24202025830393745,0.34402277188948455,-0.2696542932186618,-0.3353749463317288,0.19242534719242713,-0.1268758251395275,0.10390753127940013,0.07861697584164072,0.19780668217149208,-0.09173228861967614,0.3817953113265295,0.13813383750682864,0.020215975417492576,0.04627712683067217
1,-0.5741600181517567,-1.634709248202637,1.1999216619407713,-0.9428152157327911,-0.9133316655044105,-1.920401281020154,0.3390722727024653,-0.008811450956048269,3.0096458802094346,-0.07553424109331938,0.7593420716223998,0.11407833807162876,-0.9527621794408871,0.14254568940839127,-0.2855972847561777,-0.3743170219819064,0.48095104357587937,0.7693233563472152,-0.013393601678985153,-0.6833526698196816,-0.32426268738790853,-0.41010963232478764,0.1346729357340348,-0.8502288686927989,-0.2662879730277148,-0.13645654459396225,-0.031024392598446048,0.7166838462659212,0.2607476811538906,0.6229887742957603,0.3630946197090773,-1.2415831560680286,-0.20049178537547815,-0.12146661554946114,-0.7192428295925299,-1.3874448673378654,1.1502075440583859,0.5274595982731445,0.1330949429008634,-0.5211586176088476,-1.1868255599326205,0.06410056225999301,-0.059096403706455,0.25159538750056354,0.2964721986003642,0.3971873690005407,-0.02282910909703429,-0.19863721504348164,0.5657110179700007,0.2994565655349148,-0.35389539397455105,-0.2861511847215909,-0.3800898559557882
1,-3.082629028344124,-0.08478633768005688,-0.8904291864203762,0.5281426461697731,-1.0847305919067678,-1.1461908522899078,0.8891024087825898,0.9778576721755166,1.0392888693965978,-0.29465142871040506,1.3521169878146448,-1.0858736930555375,-0.8908322578458162,-0.7588306801859638,0.24857717275302174,-1.1907388140229762,-1.1276211850513813,0.2294991298597556,0.05422163676589553,0.6437450456967073,1.2600111482773484,-3.0129510096996537,0.563816697617445,0.9991132494522553,-0.8409445871716684,-0.5560347454861334,-0.30516574315717626,0.3279844162824213,0.28077957161803063,-0.7779616640144597,-0.44621453482356555,-0.28546146514746285,-0.05023494022315841,-0.03820532051457526,1.1920383420933398,0.30554997287231556,-0.5793248041993476,0.5108325449600583,0.34218743612206765,0.2757025921384119,0.00871182962069591,0.5611753234695331,-0.20380920359043098,0.6934767425244954,-0.6439886109399267,0.36040872648720856,-0.20506145029296496,-0.4702349369222851,-0.0793447917948199,0.3148107538678101,0.04725710257387878,-0.29567422016553435,-0.5930004939848165
2,-6.483747020075985,-2.8333399688827887,-0.010353397793812355,-0.9296161077307462,0.7869762818389795,1.915900474108278,-1.8124771024593782,0.2045056045841324,-1.5681879260937217,-1.105869760032966,-0.9746876904167691,2.3121211638373995,0.5028694651665818,0.11508052057614702,0.9744104463160874,0.1699558975317716,0.4819636083532009,1.3302379421347212,-0.8487476081780249,-0.9051780731602653,-0.19535535407081842,-0.5490340719489368,0.49221618724678057,1.3372634248025483,0.07672649736555133,0.35269617218283217,0.6654639553303695,-0.14125400520869485,-0.2459939199971466,0.5750171488185462,-0.4948704968951107,-0.2915389229230919,-0.13044247162237127,0.6906858277548561,0.31681767721090104,-0.27178886729754553,-0.45790766312153475,0.07741562926444083,0.0921339695998521,0.48710477641622385,0.004087301250866345,0.6585148266835772,0.26833380581839983,-0.009961714725569842,0.06478088506732722,-0.11154799949566026,-0.09948542931301685,0.04404164195584584,0.6801334449939375,0.01637101368923639,0.16973376194418757,0.15378414485861744,-0.43320408483420486
0,-2.87662547807442,2.6640655398542985,-0.7360920173773636,0.09135678188148233,-0.2807203133534316,-0.34807632135845007,-0.5264693873776378,2.1082627419874034,-2.9078897036367373,1.5371986551398162,-2.1865180881097395,1.1546657592587588,-0.5260653009079298,0.297650229535429,-0.013823103190033678,0.6141441572184972,-0.3842702311739016,0.5927943648764898,-1.4021441110481918,-0.25692208817745427,-0.7361514242000519,1.1328570370656392,0.7073164577828247,-0.8142648150381032,-0.6792479867517034,1.8136581919303605,0.24305443142835736,0.6742594200285682,-0.5716405837363224,-1.2285286856834468,0.7251941126172545,0.32579778814398713,0.4590160149054444,-0.4502173818104727,-0.991302451767526,-0.2427056977235796,0.8454908002035605,-0.137658046311195,-0.5915450932798528,0.25105063410599593,0.30957171494485647,-0.8830801002655042,-1.2455415768220988,-0.3828648196053016,0.6083290065630222,0.37108873918755775,-0.6859033834440313,0.22271141606187203,-0.16977676512674847,-0.08301600881035459,-0.16158748652523294,0.2080336023471126,0.0064458159352279165
2,-5.435092707883578,-4.223415020891696,-0.09420396785759337,-0.44565851100893206,0.38195023179685,1.7180918481953418,0.9376112271899951,1.0600055385991962,0.9783548493720566,0.5489009426867035,-0.5075627219501387,-0.8545864435781202,0.1458024599083563,0.40307096370529677,-0.18332379772141869,0.6683682203209855,0.19001664695765616,0.560494153506064,0.20418938684307134,-0.3256959867069747,0.4356751129194908,-0.7025673511949184,-0.7636302180726259,-0.2997046970726219,0.5054126403055156,0.5551776039095282,0.07316684363758627,-0.46912008863605104,0.6957679150267227,-0.07539988293278971,1.3095056553829612,0.28742696668825085,-0.7590139664214614,-0.08456388772545684,0.05408594736530296,-1.6337325499008306,0.6879787707125679,-0.3114072423496545,0.17704775294196273,-0.7051741381647433,-0.17658722848561972,-0.43937678184567813,0.21753524236657132,-0.7892474347246374,-0.32703598970119846,-0.2097156931645938,0.7021721983440792,-0.26849927483211034,0.19486596431841033,0.08104461986295883,0.8797500377851263,0.09673687617784955,0.09416566573071543
2,26.748144646816407,13.131303392021032,-6.35164473205108,-1.3415735558926254,-8.71218798281193,-6.977488198649449,0.36175232229359316,-4.062409184689895,0.4963794192106863,5.160672570825737,-6.913379350282571,4.362378515633031,-0.5105449408961344,5.14696441321364,-3.5818743268732307,1.6400026540004384,1.1799909080560778,-2.781655128589188,-1.7558479986663007,-1.4190306813236995,0.5144468034759485,-2.6126823393309233,1.3235074895225891,1.2961394213103086,0.8211816178235875,-0.30190520007538674,-0.7725293434726106,-1.7209122176240317,-0.3473590067175834,0.430313642507838,-0.247025396525404,-0.5745685128373206,-0.2254774596143709,0.8154196654348654,-1.9489129133757512,0.49092296822673454,-1.7262437187191597,-0.07970922394886468,0.574834243937938,0.12802819980148067,0.22871888161970277,-1.3461951445524276,-0.0012988913938964286,-1.0154399253641209,-0.40533226943431877,-0.5898740034224779,-0.598804206402204,-0.2081475298758609,0.23206206983859284,-0.13009504282767662,-0.12592246641283383,-0.5208799052556816,0.27586019022565855
1,-2.4530978671954364,0.9657230112911834,-0.011049965701941571,-2.8014043766508583,2.320922697017679,2.5523153324667613,-2.2344519697614533,-1.9288428988848043,1.1363615217607144,0.30622016489492093,0.21299474934093018,-0.9690296703789225,-0.11639290405266611,1.6821976959658995,-0.1303563895599036,0.8350700669607601,-1.5965578342999307,-0.6632186803157251,0.6063696482891131,1.4833243636233502,-1.1467004946947128,-0.4663067757909616,0.8217397884827916,-0.9866076173798617,-1.6562418730884778,-0.05324257890825212,0.5220289485044334,-1.3993000713398773,0.016382497656039306,-0.4377399477268906,-0.5962896410374606,0.709495100941339,-0.5294813920773821,0.026614300162205805,0.18690967952350035,0.02376868199681548,0.676712062067424,-1.232177812666472,0.03713726442086818,0.1080990007258716,-0.4298176607413884,0.05258518891268361,0.15740610226844903,-0.3651692646313833,0.6055935097095342,-0.03460252309926616,-1.018618130831344,-0.28446234859974723,-0.1849667590470314,0.05524206163111419,0.32329546039500623,-0.2694885719389248,-0.33437740571246954
2,4.424741415378341,-1.7413192337430514,2.4073546072703866,2.2987778404530106,4.495385067049286,-2.0208388788089566,-0.1814118897526816,-2.2134933923684854,-2.7831760845933515,0.14752546460369892,2.4797865050935144,-1.6634015376069082,-2.8217017012880543,-0.20913473480656208,-0.5704010419677075,0.8363551984550915,1.0682752089652778,-0.47171549264836515,-0.31745198290333815,0.7712354032515507,-1.4217452501128762,-1.0009073028009203,-0.5739691338213396,-2.1219407228858707,0.4213600013704374,-2.446573820132211,-0.1776579817858483,-0.5945505402625758,-0.20190576295090104,0.05057617955874848,-0.60789269404145,-1.9610598069414438,-1.1387460187385336,0.6388251264814053,-0.18136470247902994,1.2414673687451083,-0.04993488793716492,0.15707027073903815,0.4649593590325001,-0.1135437297451407,0.09136800442703497,-0.5375055762891654,0.2673143550699408,0.3595933364630588,-0.24107834356672167,-0.40919034404435384,0.4053239771773191,-0.5707464317277097,-0.13908554098660572,-0.5171628811255335,-0.80964460950063,-0.34348018111043493,-0.11653004100333143
2,-1.8262232172563493,-0.42747907389262,0.25893081048923294,0.38181286129518616,0.21725739599718866,-1.6058985623301176,-0.05451824444351649,-0.3653568596698064,-1.490002962608381,0.13884225076591758,0.15816249767507598,0.6581934992122189,0.32385227220890184,-0.08310124047643463,-0.019283604567210642,-0.8192316808737388,-1.3821773726533646,-0.42137144720134245,-0.9667061756015884,0.6836105995027086,-0.07976272781330339,-0.2806677773072002,-0.1642525581196516,-0.35777673633032114,-0.0341665507730252,-0.4573677661772331,-0.7985303525576446,-0.17265458619930146,-0.3400887694112261,0.02490144999494641,0.2724038623516901,-0.17288755595141075,-0.417678537049508,0.292714047973876,0.18246941064298033,0.30477762150750165,-0.21959459157871875,-0.7388722257551373,-0.29612080412258335,0.5891508314504675,-0.14366290030979112,-0.8387139981747539,0.4354764416037339,-0.061137580245203785,0.11908246640844064,0.5885529161120862,-0.051470333284793536,0.4572411980817584,-0.15198068178936125,-0.6117504499648685,-0.337583105674426,0.28278366642869246,0.024593386480718463
1,-2.08594620981509,0.25609422609898,-0.04077932423921268,0.8290299523777808,-1.4769564948773297,-0.26158997613457985,-0.17749824939562117,0.9102916055330204,0.4487502944862873,2.649383341704743,-1.5949591939644843,-1.3986805981576131,-0.1506336222516542,0.43397895739305276,1.5100288303293339,0.6527997243235891,-0.585026967902082,-0.5175259304833307,0.05863141185413411,-0.20837165352082077,-0.018713372241604624,-0.37497284474961534,-0.5463264179545945,0.6045987640411137,-0.21241836805436307,-1.1468837505841365,0.5771461953304006,0.7521769926765881,-0.3185616794789033,-0.3492629562721278,0.01738003191210993,-0.26288456229834,-0.007944914178274708,0.1582016323066049,-0.2736221353132683,0.00897267380623533,-0.14925703574434854,-0.09260684383466122,-0.15028893207959887,-0.9827045622444551,0.543013037352943,-0.3140925156862709,-0.434267382478301,0.43023768848726146,-0.3144403873703544,0.6005969265969495,0.018771817686492484,0.529753309328104,0.17667716923740706,0.2093697664829973,-0.7129177225390098,0.4159106724418536,-0.011731446099623047
0,-1.9963391454048411,-1.2500372370056299,0.8935346072488647,-1.6227034726475946,-0.2342605066807401,-1.579770523368374,-1.4919280328124551,-0.7572296004936985,0.38199689801820796,0.08756604151406701,-0.1318382713252915,-0.6283973440124937,-2.1463819429390774,0.9472312682403818,0.11447370276443919,0.5978337364116483,0.9719712450702565,0.009677581993734257,1.3609179225880688,-0.26864925686752705,-0.5134026014495908,0.5731486429727592,-0.3781976703412741,-0.5475004709326508,0.987704684465022,2.239494018728316,-0.8529166416447381,0.5693624429633143,0.4305210936527201,0.6118824618293471,0.012201618551456846,-0.8080871634970042,0.43215636596049584,-0.6389040298042619,-0.5402988036156381,0.42120051038083983,-0.14651288020092362,0.7882774619366512,-0.5511518602641774,0.16432662258605335,-0.42394771274701815,0.5445759435884701,-0.7632219612902746,0.2544459414123681,-0.2668902598069316,-0.5154092393417681,-0.41312584097256005,0.3144998064714213,-0.0008513249097283592,0.06767466380813228,-0.13214134485031107,0.35078330433682414,-0.14166610234751037
0,-6.285038425468466,-3.000583795587187,-0.18216764844378497,-1.0435479905433782,1.1949071052383582,1.0928038127086122,-0.7422808173359053,0.06024160706048461,-2.0695986690277985,-0.9050957135075273,-1.3409543834751927,2.6761003520992244,0.5667518210870509,0.8336688874844821,1.5367952247806622,0.04697828616071522,0.24585312557670824,0.19681496717388883,-0.10731232933919449,-0.309338783688698,0.9396073324948474,-1.0042352423219807,-0.01144739896956667,-0.34687546191901253,0.3323886304511388,1.487041919857845,0.44007536975118455,-0.33417539768744836,0.0913837548037849,-1.2176899197871793,1.0699412403026098,0.08353031896282942,0.003702100462100314,-0.10444828093629112,-0.591329624557634,-0.07780864319696527,0.19580644863387855,0.06441566441049407,-0.36019493108800965,-0.507297816821486,-0.530430430278376,0.4816966103703844,-0.20103686235662432,-0.43527212397589976,0.05483902410285668,-0.08545988600523259,0.30841152467928434,0.14840483130858945,0.3751628282527175,0.04697735504034333,-0.2321566501929539,0.31725504360725953,-0.14262465227070023
2,7.629023557383467,8.594260903171314,5.989661577770292,0.8898864159056629,0.44703764180467337,-2.840285509667,-4.997982086514099,-1.8575036862080136,0.4246402008196119,-0.9921895950574718,-2.600059462820375,-3.1273742020149107,-0.18089843997973723,-1.1930130170342665,0.8704134474190861,-1.7148404744680783,3.4008538274822935,2.115749898252249,-4.422477872564585,1.1733500113704274,-0.8488572134937319,0.38552589916275726,1.6302048116619072,-1.3055055107622562,1.5994369109285274,0.04442935052531939,-1.9387322934619633,0.29346580169260167,2.051086248289041,-2.196367210479253,0.6653291236693577,1.1089615400533357,0.7435591028187631,1.9558883042446407,0.6037986575042564,-0.5990316191769957,-0.14581256764212058,-1.0811382643451635,-0.6214950876561202,0.4615932446171063,-0.47964418126426195,0.7647735288718656,-0.881205590626983,1.5686656985079668,-0.16097502618867296,0.6761658362224858,-0.05269118727381065,-1.0690346204080323,-0.08426974764300386,-0.08578993719234837,0.25903282804413347,-0.04983888269573034,0.5252433101115787
2,8.381394593731475,0.6056588023962941,1.5593284066558197,-0.99316355451837,-3.2112978659892213,1.239322716389042,-2.0347516297775927,-4.2916747125791375,3.6120440653024883,-0.2545850283258237,3.679318226816418,4.426882507050147,0.37437653421641026,-2.4661749995991666,-0.06799000590425572,-2.707180432163133,3.559630987677291,-0.6877990322523432,-1.6426871815892496,-0.05826880276433815,-1.9881047409737178,-0.3244796566606574,2.4709660780188183,1.5662826079728782,1.9300721863651835,0.26279888446792643,-0.8004818181071902,-0.5838096283888663,0.3952643540980961,0.6389786862800285,-0.2225308148928398,0.10885911417934584,1.1238996219158313,-1.0745703730994327,0.10957444486659672,-0.8904732767238763,0.39747822816755835,0.13246797025489954,-1.2727620168924214,-1.4077926116876887,-0.10733831464552515,-0.47867959323059195,-0.3566980327872128,-0.2548890984561522,-0.3468437766616585,0.2890112480767398,-0.08947151883750784,1.264618793172523,0.9763290976174241,-1.3635337840279182,0.2629039872352802,-1.02203284838141,0.05114285198544114
1,-1.7027802245842734,1.618571388768231,-0.32347592627088423,1.4812634047350042,-0.21910683730797204,-1.4428137192002681,0.49409196540052897,0.2010893057622742,1.6273058233908453,-0.7713875816384322,-0.8048425315854459,-1.1650711133596334,-0.9520899547836154,-0.501381469937766,0.38529765699209295,-0.4832847015849901,0.848803735775253,-0.6505855128152731,0.14750157339495013,0.2007548212587359,0.17627558696357776,-0.3627823140299309,-1.5537717027476916,-0.14242437355838186,-0.31200445468698146,-0.47156315030022555,-0.5640947168761449,-0.47291161137441295,-0.8203141431230223,-0.8314576351662204,-0.5778072560813132,0.18519782568035356,-0.30215541238344845,-0.6307691082329946,-0.20274836895532294,-0.4740907734707289,1.3610497077770247,-0.48118042950612294,0.18033648613915607,-0.6986139491588728,0.46497073676145495,-0.2720867056145546,0.11958175676603583,-0.4956312220048842,0.29808359440509624,-0.5188136648316809,-0.046214676750852016,0.3255243561648287,-0.08692298501801328,0.27851598004735906,0.26733641108363965,0.7802563483515931,0.16580678695402185
2,0.46349900292475943,5.770446519066323,-0.7490234881569694,-1.3098575036264886,2.3001021706636644,0.25590232278390757,-0.25285394264889444,0.433325944506033,1.4812992720344218,0.7373871032838747,1.9047584437790344,-0.7352982542699833,-1.1506247435030155,0.22995609737914038,-1.2908995752919916,1.0962140456408036,-0.44273433678766755,0.2793211942752505,-0.6806723547317396,-0.271822302890981,-0.8624131992378989,1.1500024269353357,-0.9377009233101433,1.637333823402067,-0.08108051984956242,-0.15050835246111813,-1.5659454809409703,0.7316552747202081,1.1887971738761656,0.720285263618542,-0.17910099514320502,-0.1210292760477514,-0.17914518428255838,-0.22086045214786265,0.35089134912969305,-0.42809298078398955,0.5347648652296135,-0.8827089696317594,-0.17773760341791173,1.2738502306982824,-0.49495174848203805,-0.6540313915449795,-2.235081091549542,-0.0024142339769297385,0.23913566580804504,0.7800552553123656,0.8916874233033386,0.07650792464761756,-0.31485161854261134,0.09857537790921576,-0.9155562977339633,0.2883769370361796,0.014618297020045778
2,-3.840984299518676,0.9437091318237741,-0.6440047070754488,-0.7103820771405228,2.292809619094279,2.7902292744299086,0.6931263279618077,-0.3792065986503733,-2.3018195970985897,0.6734190406339369,0.15903575055213967,2.74267859180597,3.67736231257322,-0.9917999390239078,1.1584258817583828,-0.34848588409325176,-0.18614192986969808,-0.42184746189713757,-0.3988355772703541,-1.7096231968148086,-0.030703148202421888,0.23864265058480286,0.1997949176148902,-0.0376570653507953,0.30230670268716986,-1.1645524362505597,0.051145281910964256,0.08125789199233141,-0.6833490385280477,0.3762821891224605,-0.6006534902200392,0.5953188681239053,-0.4519133698662582,-0.7249550016793627,0.07523736665414765,0.4310406536638321,0.0024960983075064244,-0.008165521172126388,-1.0860456489238763,-0.07116297425269592,0.800619140003647,-0.6575253300037028,-0.037319788290961574,0.562690456120134,0.3002684134723503,-0.20404367048279862,0.7103428055735472,0.09606329383299735,-0.5094895249662085,-0.31734093286753723,0.07117252987086968,0.2615337785737944,-0.028893612015963056
2,25.779946334438808,6.196270011240813,-15.36797817443681,0.3318402583646443,-3.48889109047938,-1.104368151354377,7.76024726836146,-6.089336219272331,-6.266879289068188,-8.232144992757792,4.454488937859715,0.2834659278265604,1.7999761745520608,0.329635487853865,-2.2974205570477113,5.928435341441145,0.3794066249874011,4.016741464244331,0.6239827605564241,-0.7525721848258153,-2.944579587710598,-2.2685274548358523,-2.601653647822865,0.6575935421621488,-0.2142756724540627,-0.35294071345532835,0.07296296377129283,1.9826545964850624,0.8009157312436561,-1.329161281214446,0.6209388601147604,0.6016402022250202,0.3329611076967567,-0.5203737904712958,0.09865100969220779,-0.3873540396753076,0.508001554033138,0.26110190456142585,-0.2824264202940828,-0.3146313150877583,-0.5233413236932652,0.3071925328547802,0.5680836519480577,0.421334893553492,-0.40090560373019973,0.273924483464798,-0.4821903320252208,0.0009523168601437043,-0.3203466575115702,-0.24773508884442522,0.051373116353299206,0.31827724746843655,-0.024548541896736
0,-5.611985194803234,-2.2632137154286225,-0.45381704175312865,-0.8827187086853591,0.712463976563235,1.3198755609227448,-0.007566301461945628,0.6109521218902774,-1.217925324382214,0.2212250503721427,-0.17889573050153856,0.25046884867313207,0.4326637106222186,-0.12486627198741318,-0.05880375409290115,-0.5127843522984582,0.08449509586375814,-0.550042237265717,-0.04818933127289236,0.3202451792873171,0.09761576623069392,-1.136987969905401,-0.7485616167066598,0.2756553595158374,-0.49399712962314274,0.7342426518417777,0.19378026766680817,0.04866516730507327,0.6180028548387476,-0.3765325477266856,-0.4143306224853097,-0.7571204246031716,-0.24681763937107631,-0.29006059161489617,0.22809202668008405,-0.23511708239094684,-0.9397949142488151,-0.5115888387329166,0.45156293101415956,-0.5797573704113,-0.25536841870784244,0.5151486338558151,0.22336131837350295,0.3677006735248522,-1.2295760098739188,-0.7478361821293278,0.1645218697801762,0.2874195539510483,-0.06836777189881957,-0.7069925526422575,0.4003653717758392,0.48590837585340824,0.8350081587192146
1,-0.20956236693945765,-1.1619611256917277,0.8358708080769538,-1.6261676413502397,-4.237056607713056,-4.924735415760758,-1.0441922180831207,-1.1836520282545153,0.8649253466664261,0.7841908955979788,-1.1366361329694843,1.7935641335978443,0.01565480655136989,-0.5694359942241477,0.41503594922843656,-0.22177139626092962,1.4780640119668758,0.5050613290348083,0.45923600597125513,0.3349367993221543,1.5923245909033594,0.272279143824058,0.254931342624376,-0.39345223534679913,0.09075055709069133,-0.6024899303867979,0.5597067196987243,0.19719432600373096,-1.1305523782195768,-0.7866070751985238,-0.8183120966263988,0.7211929514849804,0.282658856831063,-1.1112539648099238,0.41202380713546755,-1.7506586263872088,-0.36880450790041747,0.14419581110429952,-0.0003940170329542993,-0.12259642016739253,0.364867889639621,0.41133157802698556,0.5444928595591149,-0.13891858472770013,0.24629792815774407,-0.12458704096307174,0.5042925908213437,-0.024748316601781357,-0.5977084225561462,-0.47662594930431756,-0.15883770649761442,0.19562298456811275,0.832577925853729
2,4.131453282932746,0.44785355377774333,3.951739593075582,0.24234231044616406,-0.7043248763235547,-1.9960682417160547,0.8044517616930308,-2.585005894312573,0.37440762793029203,-1.4959375332311229,-0.20630167433446162,-0.17697559956927408,0.6664118033356049,-1.1115576405663496,-0.6322235777263431,-1.4782233454732363,-0.8214065161775544,1.0293899794380965,-2.269416588431558,0.5682490077820898,-1.138154641420033,-0.2738789562628687,1.150948930333642,-2.449582974634373,-0.10985572107087621,0.6976870849641034,1.0360393556669598,0.5959877593307525,1.3611199266261989,-0.1861222623364571,0.6963734772031055,0.6273040329008136,0.712111221269283,-0.6511697425533024,0.9528092402564047,-0.8352687937395505,-0.3092837580443554,-0.2614260589585405,0.4815717133339744,0.9222198230318162,-0.12998558388564208,-0.6553920924209495,-0.4117021689125946,-0.11539723332821064,-0.598457185764836,0.10908223655345207,-0.033776090423148636,0.59763997094537,-0.16659528846073798,-0.22678741448618117,0.1568794185098163,0.2396496342538956,0.38648283984291937
0,-4.442289039136941,-2.91409628835323,-0.32516206094530564,0.08860230324782702,-1.5856067750450262,-0.8089054591865102,1.292604018812904,1.7578440008988654,-0.45817310369454706,1.0168322643221215,-0.6028676789115315,-0.1467463263371017,-0.8161158881428052,0.5605580324803714,-0.10366756107568717,0.27597042255192145,1.2671370267799777,-1.4504938570160928,0.40426526673573787,0.5863350899633255,1.0691889551300011,-0.18078990667927358,-0.6741841731540968,1.102029498270351,0.2624261684178546,-0.2142101239345609,1.7958187129711096,0.36675879077865703,0.4545881509034492,-0.36663702271808063,1.484329836396796,0.2069040087440626,0.46901729474911497,0.6300137283351068,0.4509577370962228,0.27548793924905896,0.0791382099610471,-0.14518094512273588,0.3669025221281142,0.7636044917456208,-0.11318952767166254,-0.959138267653947,-0.8369785441004797,-0.271028275758841,-0.2036428748552128,0.8389569475509255,0.2172306205976855,-0.0006141697948290796,0.2728992031575946,0.352242707207899,0.17461687350324867,0.22976739663496665,-0.19966070940371408
2,4.80438137297245,1.6651893602877763,-1.8650509586867823,-0.8021021230029014,-1.1540666176460779,3.2869592037354063,2.030705233024593,-0.716661367517319,2.0697572982566155,2.592530456524614,-0.42008407087476535,-1.9242386355441206,1.3968482320498106,1.1776480508603602,0.16847658337889787,-0.6072032195769309,0.2675908565236606,-1.2457627187889047,-0.15502527555354145,-1.3842955058547346,0.09899690958494677,0.051796041304358054,-0.47163014196660685,-0.11495904016157585,0.16407668977339776,0.8990349421999143,-1.396781423994471,-0.047228528414711805,0.5339709687932727,-0.44809373262479485,1.3031199693072515,0.27771379322511186,0.2657573667563498,-1.4300085473879183,0.7519505035610276,1.0001149048606084,1.2822621357748765,0.5442043997951111,0.8406135786019769,-0.5758475181140452,0.27309341070929843,1.2411793480225617,-0.58026251739279,0.35808109097338026,-0.5551777803094702,-0.12797543320648494,-0.38322095897808406,-0.4290820730195862,0.37185132145475785,-0.3152369546195671,0.38995462357015453,0.5008061525600279,0.1931725501660743
2,-4.494621496524685,0.7998080408871023,-0.6159114541639031,-1.427525158173457,0.5400107777934979,0.021644249647773766,-1.8984210854122745,-0.19076099860823942,-1.4012324556221285,-0.7648230239893414,-0.24870260510546008,0.7831964630073841,-0.8926557330803973,1.0713663427740827,-0.09949502002462593,-0.4434549752065423,-1.0685479929666495,-0.34817728294949507,0.018522555756051735,0.6027640952099235,-0.03025591790499435,0.09441123566416298,1.1353999236891925,-1.2856756764067654,-1.6474867064746568,0.16988140948918623,0.9374328305175411,0.38988618666309427,1.1728609154384286,-0.09203170300172994,0.08287784514160987,0.9756569695161031,0.4898329043066029,-0.018681940654009733,0.054130938807011114,-0.6917612017620486,-0.1261024109349632,0.13347497467985384,0.39419152633458154,0.08144515200484982,0.009518538469849047,-0.3534844021263143,0.5822069374805234,-0.3568839675849889,-0.031623045145491434,-0.6403564830216288,0.03209345676534846,0.2756979569840201,0.48592818753484196,0.6379129805114179,0.46059248738949155,-0.31578683024982124,-0.15406325136501725
1,-0.43088295038469987,-0.5260103004943741,3.308024300594839,-1.2516337925872478,-3.4389154044851353,-0.5314827485038843,-2.0707523516183657,4.026907804055886,-0.7935572467516745,-1.5834145970162359,3.0486624976750405,0.5028196792481502,0.5043365719544419,2.8790341329730085,-2.203141685120127,1.3686505991166924,-1.3115120138945042,-2.2076322299783127,-0.6672866353443714,1.5047180804252887,-0.8576282385949517,0.1486805984999843,-1.3978159866997764,0.8388817667596797,0.8213069131306692,-0.05702111170384986,2.243747184091175,-0.08812516321143132,-0.4966552272766959,0.8170016317697483,-1.2742890252060879,-0.7148547966379384,-1.4606075964866494,-1.7241348640192893,0.42393008442572294,-0.10401657271488234,-0.1627250025979402,1.234772492758113,-0.2664003148365646,0.32995100612724015,-0.7041523162054127,0.47076301340409704,-0.17521642909475763,-0.5976307891106608,0.28490787358832936,0.3761687240446075,0.6112043867197581,-0.6090628491083202,0.4935743452106619,0.7750861866964361,0.5559318495115704,-0.18527821612233092,0.8286065980360303
2,-0.2681987405159333,-0.23815769144751261,1.0983539294914904,1.2458634348725883,1.2429140500772569,-0.2749510730344745,0.6429770316375126,-1.3144121537838165,0.7240127028933228,-2.341302788622297,-0.37061853417311064,-0.5893300474519501,-0.8338779315047881,-0.12093368608168112,0.5973025055251691,0.04299342699845066,1.0000118494558792,0.19930779432156615,-0.14854062697800396,0.6520463806357044,-1.1124720895536302,0.020465058154899397,-0.6720930287145822,-0.7061673163512218,-0.09382264971152648,-0.30754140011650943,-0.9375771869580762,-0.20724935628975444,-0.40770248506325213,0.13926652912405543,-0.8124781074428173,-1.239031287787552,-0.49528919629380663,0.8299419788004557,-0.009254646635229319,1.1762604907329253,0.08778373971119376,-0.14261265693051803,-0.019777922737811537,0.43655204795724895,0.4416288865202255,-0.20222073253461748,0.816561475708601,0.2787419740471175,-1.2353559864392585,0.2849786517101552,-0.2895747587577539,-0.21591124534060313,0.8537860947517653,0.15919317514153897,0.04434900164601686,0.039792149971174404,0.1836204524038602
2,-3.4662261680027693,-0.9181244784564597,0.21849989878501969,-0.9713925379516022,1.9936722015170918,3.441573287792723,0.31563039089759554,0.03549918298460243,0.7451036495093303,1.0085032480168974,-0.22818310076918108,-0.807906491392607,0.9609430554171842,0.3284561242533932,-0.6393592613584301,-0.48949214737784597,-0.43955930947278454,0.0027807830048203106,-1.7960380160674307,-0.5170044980432551,-0.936563038893995,-0.6527825990041576,-0.7300788842523497,-1.7989061839597873,-0.4569938654787015,1.7511585437163872,-0.48330058142599697,1.757281563265342,-0.2761945851464425,-1.3401363452907569,-0.3608778486957879,0.059464861957261805,-0.0885362684347687,-1.1691439065646463,-0.0034653673146232983,-0.4175844879737113,0.4793711460119105,0.6661481431409041,0.5112196053666612,-0.497202609817668,0.4943793591779785,-2.259854157703473,0.020257539487677063,-0.5097564281341337,0.01206681638326809,-0.018366592476044587,0.23646508593528268,0.04795837602249602,0.10499393102817313,0.13571646956272354,0.36631490843450354,-0.09309241294735877,-0.25865145705166415
2,15.393611395700793,0.12340717190152699,-4.97656396031208,-0.6729528043338484,8.690073846188705,1.7565660545200246,-4.175237833260584,-3.4203492404987954,-0.08005193559323118,-0.9829144031671602,0.4567354108817017,-4.085656723924805,0.24138312965436035,2.6139606600657053,-0.6166722595229682,-1.365800758614018,2.620088354822627,-1.3136412264729784,-0.9080343845418081,-0.6055034672384193,2.799242019360334,-0.2881226343156077,-2.5403954353539433,-0.11156923717801709,-2.5443220100693216,1.1018817387164774,-1.031811981350768,0.44072311108702045,-1.4105500848272625,1.1418331305923186,0.8491028271532756,-1.0803875143808166,1.000207048349184,0.5615842289485611,0.7241275491981468,-0.379309529651198,-1.0975399473093117,-0.0456535812865823,0.2969221380837124,0.47674053671613836,-0.35207015715185647,0.7095015009765643,-0.26039960723779704,-0.8460682930599555,1.308760534360099,0.006155427678136026,1.2495747862007553,1.0292709321410642,-0.8103098071192104,0.013993736518851985,0.212847797521175,-1.342008757158211,0.1342527851564547
0,0.4432707868969613,3.9852096720701136,-0.48681209766149514,-4.754105847677313,4.48590099853893,5.1560347448450905,-1.1276312151984298,0.4905065517130698,0.9290700213302765,2.1185372991079383,2.0849575822418616,-1.6775874395910204,-0.8291665029678337,1.141400850141753,-2.5000928414094044,0.4387393287318557,0.5801603645627901,0.05628757186356452,-1.1048001453025065,-0.3099309010501998,0.4906297387566804,-0.32417851141734255,0.12221790558067831,1.1916629462330306,0.9545216336038839,-0.9141335410378088,0.694085358170307,1.302335813675857,0.7425546142962912,0.7052802043510452,-1.772868393417251,0.7485754937659825,1.6064390082028759,-0.5246079297250335,1.33304577036837,0.4149746732701135,-0.801271737191335,-0.3231772365115917,-1.0630586160396835,0.4837858775851026,1.2760483761350063,0.17915364030980027,0.5651766658985332,-0.20453964035074662,-0.007664254426251477,-0.09679010638998745,0.35618824928104803,0.3005187125495631,0.28247445829122664,1.2572590276023414,-0.2982544796320861,0.11544056320929219,-0.8890982157642927
2,-5.092666504198119,-2.9698469118208743,0.0947604740658786,-0.4688091420224593,0.4940624248141327,2.1693096547300725,0.4296581757556782,1.9094458008703166,-0.7443501159075158,1.100691342354416,-1.5448002166577939,0.28450711336432793,-0.18378744203953254,0.2914677764695563,0.35197537768608994,1.4784246324682069,0.22218455571402063,1.4683238821733384,-0.11396631694805326,-1.7158918065104507,0.49949611692721263,0.20686475777346872,1.0899170461671763,0.8532661793742028,-0.0785959689176194,0.1435571307811724,1.1427462995979467,-0.6182399311728289,0.23995576898401158,-0.5054262295921537,1.5444778563612755,0.6674481941476459,0.8133248248528121,0.7098836920603712,0.05276557286489295,-0.08535426518424198,0.6941274791771436,0.1365806146702473,-0.1256792044062317,0.1880923463050075,0.10832720084608777,-0.11735691925652993,-0.592628960254822,0.09463040721539023,-0.06118341781603109,-0.7128529940816412,0.4146074617642463,-0.5566465729104635,-0.7830139840208262,0.10240389376421033,0.5107338995534135,-0.7317942827858063,0.5642321809031947
1,-4.2983690434678685,-2.57082272589114,0.3923406565881293,0.43387587674711314,-1.0894277894707614,-1.2093838683855413,0.48617162516735196,0.1638878074631556,1.2881047301361566,-1.3674109420049847,-0.9626745527881893,0.1219020018914323,-0.5215558446457969,-0.03085097217314295,-0.5425617355300136,-0.6861321551231352,-0.6475631131470204,0.05262158607118889,-0.17129037202058273,1.3449579183745302,0.0898316509288506,-0.4438310594269016,-0.4061125232391569,-0.22529189084885398,-0.054254373394304285,0.34695879973825017,-0.818544667663659,0.3908640943817636,1.1528619242583573,-0.2962523102120693,-1.1340425625478292,0.7229772191326211,0.2677765459872949,0.19879816985631685,-0.19728067401754465,0.17061220529529217,0.0104583386445871,0.9334517561236507,0.4667827054270457,0.09593960843197913,0.4612874585178382,0.14922744767081847,0.3317008869212655,-0.43403241016031563,0.36325658806176014,0.5392905492228317,0.09455084456629827,0.292462371558035,0.07975233616171878,-0.11617305407624387,-0.04436750011669897,0.014616889583310939,-0.019787014958867966
2,-2.11829565798353,-1.6204171360804345,-0.5116955650679881,0.8738925572231842,-0.6388327233677603,0.4412207189291058,1.3418747372154756,0.16558635157959273,1.242522810974478,-0.4498650090573793,-0.4283135139330321,-0.5293574347946167,0.6646086581169314,-0.9601726907901934,-0.3781172214906005,0.3927915657493549,-1.0366459675920037,1.9092209427334466,-1.1190418164857814,-0.9022221793817042,-0.09837394308470276,0.05458974323312622,0.147710296369838,-0.6218023241651237,0.011726287110871822,0.14096249516733955,-0.08088400443854717,-0.33056850124878884,0.26235212776643807,-0.7329586876241396,-0.4589564860029091,-0.18864729794049953,0.4840808402519253,0.4645089464333426,-0.36059777054015835,0.5988487589200747,0.13971371223920676,0.5296372756275347,-0.2313271347212835,0.4356365364112052,1.1062486797644167,0.09995982330719151,-0.6205450370987615,-0.9362221303356915,0.07753754844703188,-0.5581971788998312,0.2544410545888752,-0.06513720628892863,0.0036182174884194494,0.3726821720098745,0.008028696217842714,-0.3136088080211237,-0.3458295743321025
2,-5.759377055322672,-2.0603900252847343,-0.5468890897707926,-1.7786325416047453,1.94147295895606,3.134186326283147,-1.0297959981036244,1.2970630727749877,-0.9722984175774286,-0.20187443043026945,-0.942484561836911,1.0453448572490731,-0.6528418945031224,0.07659126399148344,-1.1296705640650762,0.20997972875180018,-0.47986313297203753,1.2194429499208201,-1.9486821381065655,-1.0416308254879778,-0.6029345780561783,0.003811443470795555,1.7681658970108234,0.5196210763438732,-1.3788658606348778,0.6020718059703422,0.8408972715690695,0.7311104885574595,-0.5004904717115554,-0.658261680923236,-0.40839657356118336,-0.4988866107012756,0.5555732978402831,0.9134631989116221,-0.3153471365413014,-0.3258081266928731,-0.629939407480113,-0.26938313365811206,-0.27925525585299865,-1.7442927811694666,0.8123995828692546,-0.09991158508326901,0.10368330692749468,0.17107929809970707,0.1845554648122912,-0.2165010000679841,0.004361351106493713,-0.08386247638847545,0.20505873433781094,0.212833104199779,-0.3820129459459962,0.30612127934780686,0.12250350148938334
0,-4.019776343715567,-0.2202001991191636,-0.3852108657789331,-0.2807954198112853,-0.030666801341433927,0.1415638031382859,0.013147219311094917,0.29107379422675594,-0.29522077142721154,0.4328064396554296,-0.5283550112301085,0.11656654844334838,0.08975067992734774,-0.15532764914996783,-0.5565207051415844,-0.25106635901449587,-0.4612356131718712,-1.42125957626904,0.5103656626386514,1.182503190595093,-0.801120147169385,-0.31899634609796157,-0.42400300582871436,-0.03132030413694162,-1.8453063031548855,0.10404327783899889,0.3235514329161341,-0.8649337571438803,0.46883184760223384,-0.8159223677894925,-0.14132289426385533,0.054936860802091404,-0.7223405560725247,-0.7773886826802093,-0.049215710426938036,0.1697679667246925,0.21517793603497273,-0.6256867615821416,-0.04149693337550115,0.1408635748216297,0.6328910906324381,0.555843317057767,-0.23987706320346508,-0.14995895388522995,-0.8268009484228408,0.23620724001584514,0.08218416976144065,-0.5182938886123983,-0.45446964903961673,-0.5719145244716742,0.6730816302242751,-0.039820979754499226,0.6203894607778597
1,15.982954195375916,-12.82117721542255,-13.93889506548117,11.990620351747674,14.325934667544194,-10.03920314203975,-2.6831644636423775,8.732701580062274,5.31770893949194,-2.991559094723309,1.8488922258747165,1.789405430677178,4.7866502347966655,6.467208334688185,0.03505437476915083,-0.8010925673720293,0.957333364691222,1.3057157946199234,0.20692279307363934,-0.5899951036860186,-0.18828315352398306,1.2852033288637361,1.1338432677828336,0.21298029635669044,-0.09335414334298864,-0.37023493500868115,-0.6496731925008382,-1.5890423466563135,0.9384902438975276,-0.4410871462617926,-0.3322054996365967,-0.044240323504821266,0.4454027768065124,-1.1250595790590217,0.23091372188454137,-0.6120009171790659,-0.11717301469635892,-0.08107428197428516,0.4363294796296696,-0.17174022870357186,0.6675934515007607,-0.640920200088312,0.1156247290058294,0.7901654075587754,-0.6909583518700819,0.21713174206552646,-0.5372636696956774,0.296873580111695,-0.035020493556807954,0.03822610480488033,-0.20499605979097535,0.05163791957618369,-0.318731612560321
2,-0.5003841299840633,3.65959833996481,-1.266125155092142,1.997182299596022,-0.01672347254594521,-0.2332394901086642,1.7362668018960081,1.8054392203370282,-0.5293680815693664,0.02172024958616281,0.10428084510945491,-1.082217080206785,-1.1464125843015782,-0.7825685319482981,0.9215391035775904,-0.7574972525389485,-0.16514743726548062,0.944448066231844,0.2867753241273049,-0.32116822596195954,2.1082987091971996,-1.4763455355178279,-0.25294099865936276,-0.41647999572062433,0.6432847223965775,-0.7285430283755057,-0.8374608659919078,-0.004264180649700099,0.02272092748510079,-0.3999016230500156,-0.12311622170156135,1.4101791716317942,-0.5076349229532827,-0.6348134994512916,0.10018688089969031,1.6860364612464258,-0.27825571413765715,-0.6727411470317558,-0.10129972792667055,-0.22597211411475618,-0.12282134943033364,-0.7746946593582608,0.16009700767742566,-0.4051622666008798,-0.7285458928783188,-0.3943879519947804,0.20358780010110086,0.43956535170862326,-0.664305676823937,0.438683611572337,-0.1777100607477507,-0.018064964089938844,-0.2904901649881596
2,-3.430687742656487,-0.8726172315017588,-0.6764000309167101,2.222987004940648,-2.287967291648351,-1.9291306542539397,1.5631908449278602,1.0143257457302195,-1.4193468451844704,-1.802889945798399,-1.4654919544288043,0.9182002426532311,-1.1962782336278306,-1.2117300439783603,-0.32320102200009054,-0.5169728542521755,0.8694573168227464,1.0835900605358224,0.23841671981146087,-1.2511226167245515,0.22274955693898632,0.31365558479907535,-0.473576776779866,0.09752616374021847,-0.043110643312864946,-0.2009158775831318,0.7278788047232105,-0.28994061234758334,-0.5042331459553653,1.1768078890743854,0.09498102104396862,-0.3135451660881762,-0.1701972627745738,0.16441915490723547,0.033830183289316265,-0.2973966640993131,-0.44285513373556057,-0.08111060687745043,-0.15818487432426265,-0.1565792144203411,-0.18099173583514383,-0.5819497457580112,-0.04929754994535044,0.4924332350951301,-0.29712281201557317,-0.08566196381423952,0.09413963306720899,-0.3143146268485036,-0.14748583823957337,0.7409440429758258,0.23044629364996663,-0.13663544522862203,0.0867399793114966
2,3.7171917274214334,-2.5551927024234344,2.3096331086766804,0.3295170427823845,1.0175835811880631,-2.665525521037561,1.4253451149361234,-0.4260206787997463,3.1964863917224107,1.627613676133834,1.2211871822040483,-1.052299148841283,0.3928650023493295,-1.7189405835520983,0.34247033888711437,0.8363318198575154,-0.31316016183932177,0.35931427846475106,-0.12601588219625182,-1.775710057531549,-0.27451070490727614,-0.5634144116665137,0.7897769411755622,-0.29963605100435803,0.72054170275326,-0.3748058674534056,1.2282669831662822,0.5590762759890724,0.29127574918541066,-0.180681511244613,-0.8153456280064355,0.6103879436523506,-0.21181944364881528,1.2280642001417674,-0.8636618959990391,-0.2536938760219052,0.3686030019796043,-0.28390054300895845,0.5706455448213671,0.4373894875386126,0.21963033200444132,0.8707773990850224,0.8036570008306289,-0.7456316638375315,0.24899924794284775,0.7929880196760448,-0.11932066969515406,0.8043399743417378,0.49772942790414093,-0.12019678031388695,0.7786751710232079,0.40836669859885305,-0.5560083219725012
2,-3.4386499405782875,0.2309225466934953,0.055250751677064655,-0.18412790381233152,0.014016472440874157,-0.615191997530163,0.5249803649535314,0.009241487593968443,-0.35058795495081346,-0.4242858539589392,-0.49570108825552595,0.9582160562358306,-0.31912586579522845,-0.8943401250575134,-0.5662447450484613,0.3453241677213279,0.28275733202123804,-0.708195788043165,0.7479452861841949,-0.1551330025409378,0.42121157404804144,0.9442217602654485,-0.5455041257025185,0.810320285695706,-0.3413025181747431,0.1401964546536321,-1.5859138303308693,0.5560500906413577,0.1319522681875612,0.4345526192506235,0.7697478880530952,-0.4126402541435995,0.29880145937314223,0.3670092850448578,0.8711917824512522,-0.7437051677379765,-0.6291035626104218,0.049279300304426496,0.3386850435513606,-0.7802932988970203,0.7821451528915744,0.04634037412340179,0.09468618433029798,-0.09767107527783514,0.08513112734735688,-0.1660954904526919,-0.5438028328230384,-0.3479955464766971,0.014294359933582978,0.13064604172861377,0.3518478070069379,0.23956975938124647,0.28329377087578356
2,1.3177484390224246,1.468598573714686,-0.29885660233919686,0.24854029671844036,-0.5629328293497011,0.7640193254424279,0.008706457326709298,-0.3609945843926368,0.6094824537285808,0.8880719096813757,-0.0660988610297782,-1.0241501587539703,-0.7162049022751795,-0.0760628891477653,0.35965883632800216,-1.0397919787385361,1.3497277088650372,-0.983806929243895,-0.10718168617172316,-0.1671524154782869,0.25427695541306167,-1.0669263779768516,-0.33446596240412946,0.2950104637202959,-0.14723184887927213,-0.2000317369778565,0.1667619530395103,-0.00714778911926964,0.41127074398163393,0.19453504896863472,1.1935877441675948,0.20547322744882057,-0.32370960581988195,-0.28384431062172116,0.6396345103456457,-0.13910507186062002,0.928999050706873,0.1454872355973816,1.0352933940938287,-0.7692782161888131,0.27148911531271425,0.30130014884312867,0.3312447809387525,-0.03769827103819838,-0.6722610398609532,-0.832675045105116,0.09056550483676712,0.21892951352951975,0.26205613899781127,0.003950130471818281,0.1133440228822532,0.4610054115743936,0.45586758461901694
1,-1.7528074791170567,-7.854760571233242,1.298577302334043,1.7576129842041992,-1.8877301944682077,-3.9311345346105138,-0.863287968482457,-2.8787598038210267,1.4015011206366763,-2.5159691865224993,0.42699432878543303,-0.18222543128234883,0.7887207212691286,-2.135826575865442,-1.668198753493776,-0.6721522721291675,0.4699883561405399,0.4217260809673863,-1.2891571025584265,-2.674222504147968,-0.2052448127063962,-1.1140762963117703,-1.1091657175860685,1.185441229877049,-0.45103714027899056,1.2790397508165086,1.8713036353470045,-0.5499616618935655,-1.3595673953360974,-0.8628656960429595,-0.48675609403371733,0.16754517252585577,-0.5334067709395405,-0.5637355621968022,-0.3014513713395665,-0.16501164434094165,-1.436048497738457,-1.6907281520746278,0.20247270194830425,1.247780306752576,0.5600605559749767,0.022133818954551073,-0.47560154405752536,-0.4390457312200038,0.4125826256796104,0.27672884987364904,-0.02691369652157937,-0.44091224045492194,-0.7440570418710839,0.05990585293753718,0.3997471654673986,0.4437151085559234,0.05788624987255919
0,-5.585230917846593,-3.6175465203963704,0.25037370487661215,-0.32387421213582535,-1.643044323506236,-0.5862601235247902,-0.22730535701888155,-0.04481020459638411,0.24079411269628528,-0.5284392141580668,-0.8082017219498685,-0.01376811332563781,-0.438952054554148,0.04026530695956409,-1.9584887226312135,-0.4682654222735644,-1.667013615886069,-0.39019752939383845,0.5306073210847628,2.8038786956406967,-0.730654097146187,-0.4851214140428881,0.32143373153041405,-0.2527785070858649,0.28162480951263,-0.7025455912605811,-2.0099243904269035,-0.2553920325454873,-1.1906392014763796,0.27255856160337844,-0.4136543457477794,-0.06109999624440749,0.8268849198895588,0.08109898659548356,-0.050030809522180246,-1.480507947508436,-0.007050397639001921,-0.18634913782165075,-0.7287333498972138,-1.1034384337797152,-0.17510532455548056,-0.04090249710621943,0.09377071612554515,0.34800685562812594,0.5178683954927741,0.5962687172009181,-0.4495507322865246,-0.8086417576297951,-0.40851313106265813,0.547766898158781,-0.5076728873323946,0.05135179098306677,-0.049997186009742595
1,-2.354865560322981,-1.431505152818568,-0.48654317947702846,-0.059752391864638196,-2.107747377499218,-3.345484286046471,0.6644830211029602,0.2065516012740261,0.6951076111636744,-0.4216258422364982,0.8997873787207388,0.2905529075203053,-1.7453360024091098,0.20943107310539644,0.24702868166748138,-0.28012310532621004,-0.15581883898351903,-0.193858706604391,0.3202600401944638,-0.13044956381352876,0.4863221347230063,-0.3589147524531784,0.2624171702104464,0.9404650897337435,-0.3450011831591256,0.3812647764456934,-0.7338060321506295,1.1219909673081723,-0.5191854379188694,-0.28194857483947805,-1.0746989449533204,-0.020965890651383354,0.1311583001487199,0.15656248641559403,0.4258897270667788,-0.028850969637717102,-0.986855581799325,-0.5194506377496336,-0.535264331815647,-0.15892476600039107,-0.17934516510998674,0.7925242716815134,0.19906220692815574,-0.05027745600467393,-0.26713104949529154,0.15871490192683568,0.2634070551794678,0.32106535870639513,0.5482242695398037,0.1557166218556589,-0.2871852824239709,0.27853797686418375,0.537434473686141
0,-4.665743149319006,-1.565924112943928,-0.028271728188748013,0.18039614762743908,-1.0875109745362335,-0.7633325138767845,0.297246492875062,1.5419887056169883,-1.000369210629068,-0.40831957083366177,-1.6375156711067844,0.4837646442794147,-1.8675263433521294,0.013259233389333037,-1.859914836244659,-1.0627795526941783,1.700740969904443,-0.28223388076896877,0.21602334793558312,0.21792245155243758,0.18587273936007906,0.09078123216839648,-0.4410790543472753,0.6190297198442478,0.4710142877061024,-0.11423639311794812,-0.26859494841645554,-0.14455214449259204,0.014209111409661303,0.6371913909673362,0.33331062244994913,0.4504671886497579,-0.255605937398831,-1.0044794205713836,0.8591489902483961,0.7302390265196883,-0.1618727720896719,0.27476988416881143,-0.5591214430263295,0.6666921458607649,-0.34942402431010067,-0.4476633855392626,1.065283864792119,-0.18392660783770007,-0.28853686201158496,0.527493832923065,0.16317785193592996,0.32382953171622014,-0.3328192163584383,-0.16043758331574237,0.39145914236506424,0.07882094195142174,-0.11206261016886702
1,0.24912754999130074,0.7057653021132204,0.4265612484758607,-0.5880257241682275,-1.1668479487418892,-0.9069488724719986,1.6113582876803865,-0.1348265567315556,3.201573538431618,1.9162278919029145,0.609031422247957,0.018288772777834014,0.6185611470276239,-1.5696592698276017,-0.5750338340290134,0.4728981808813534,0.68820157450149,0.46803965692707716,-0.10633745248712131,-1.7999747481424486,0.7546064824525626,0.1898611236088569,0.7150926664298477,0.056600654132139314,0.06794096089237685,0.7572037238815473,-0.38465147439729047,0.06526108698743933,-0.15665356929250732,-0.30740743570014784,0.06600318975981476,-0.18759254188408575,-0.31215887518908586,-0.005796517920417064,0.5316649127083851,0.7631021531578511,0.5128971899809085,1.3483665741942306,0.5338143158160303,-0.27362116252953117,-0.5780226201747116,-0.0769963000299418,-0.3190367876178592,-0.160937569719472,-0.45913822865626486,-0.18547641187521874,0.6393382151167345,0.08339210660424967,-0.15816556863856007,-0.20463493828412477,-0.1916695075962376,-0.3497576899327919,-0.8075814252541694
2,-3.925802675475161,-2.6543196989099216,-0.462474630179272,-0.5761188537619579,-0.09118291618651544,-1.2937173171073204,-0.07324232984943252,-1.6795853888038599,-1.8419340407773068,-1.5895120204009332,0.7207124127798316,2.920775089359611,1.4476091493737253,-0.6698769820770367,1.2777880894596052,-1.1672801210647363,0.060261977569841,-0.7443520710287429,0.5372110161464159,-0.2957800414028548,0.7712082071556444,-0.5280129077624628,1.336811468396005,0.4223357792664676,0.06876062597039118,-2.19309490649329,0.4674951362901695,-0.48903504122671937,0.051220740624307426,0.11233153337022385,0.18650400065161543,0.7518791538328172,-0.41965559077427284,0.11657563723056351,0.4506910663492503,0.04710644493862944,0.4564338321129172,0.028090289534383688,-1.0374681654623124,-0.3766574348139455,-0.35830955585772767,0.10540552345795572,0.3609926402459698,-0.3946556423624251,1.0862092876902516,0.09162163799418828,-0.06262472501916225,0.328150350330346,0.026059500526950077,0.11440393577219113,-0.07756266675499919,0.8566281487536336,-0.2482478572377935
2,29.40925120716492,-4.16655935619154,-0.2189814846012462,4.243135666797137,-1.4180292825042846,6.489324948636548,7.250436552252927,-6.34475656082508,-5.0712502007652835,1.0344192101595433,-2.15660239757393,-2.819698989707108,-0.23004779437141804,3.965150906436265,2.278993520298908,-5.3964533170848945,-1.3329297141309084,0.8211878783177197,0.025240248160967253,0.9236272267458998,1.0943569108810052,4.068150376683025,2.748710796563977,3.585225157272913,0.7966999491984866,-0.17730311990260644,1.3450415229327837,1.0751402325499235,1.0011697108497604,-0.0445019668366098,-1.0227035821062813,0.32701509147761043,-0.7260828677312952,-1.6644709147738515,-0.9831884180434546,-0.4111830422743626,0.4782091625617175,-0.6616655511155602,0.6992258089507436,-0.3719633206242325,-0.16848297682533864,0.5170342706497358,-0.19339688817905967,-0.7480651721144397,-0.4000071414056874,-0.3663620938565537,-0.377920225696392,-1.18815522183006,-0.20296004784172653,0.3023240714315427,-0.04457473870933869,0.37930765981167514,-0.5417976257109683
1,-2.9840675467022604,-3.1501895954126042,-0.30222758992585236,0.6829894105459889,-1.715278864521813,-0.662684890541323,1.179573424654436,0.33736547333837297,0.002109175955195341,1.275819460345518,0.37373783751122225,-0.5788982775564958,1.4672115431261028,-0.36060094353674577,0.9348404667131767,0.5271639210911189,-0.9806199672131518,-0.960085770894695,-0.06530236950966117,0.48076610126555935,-0.952995348466595,0.1342305454034728,0.8453842293707585,0.5049913171472128,-0.095102601553424,0.31327924691227904,0.9154858011293063,0.4323545205143669,0.17185020359307554,-0.7040214987792772,-0.18517459507865766,-0.07649312774993362,0.6385913504233519,1.4843785200408903,-0.7872966671462909,0.7334245049997743,-0.5470517561414052,0.2187939798923189,0.10819079292327934,-0.667449931717479,0.2783466658997275,0.0033284731791413356,-0.6539039220807902,0.029636355959769628,0.7899403871681604,0.39889462794246244,-0.03713527529137929,0.18132803164375463,0.10850510144640806,-0.029894824545781285,-0.5677742265566091,-0.36042159569445625,-0.0321229393654298
0,-1.3980771242845422,2.63277227969622,-1.5484353722694133,0.5907928040986714,-1.081503680076105,-1.232635697599045,1.7553702668639657,2.606536136773402,-1.459757383556935,0.32021753160278454,0.3306846347544052,-0.007092807741468093,-1.1489635008938854,0.5381017488034042,0.5738409654985872,1.751599353113391,0.0019443162823664913,0.8442731839138549,0.61080414453608,1.4560834233676387,-2.6939344668117013,2.8847849116797377,0.7755992283702993,-0.12715913073665489,0.37535313852613145,0.5322080031600477,0.7127168117539928,0.39192752459142155,1.3124893069451626,1.62919300370545,0.23095515114369086,0.17369796063032109,0.13207544744118735,0.9254932542945379,0.0273644078554774,-0.5712652024502378,-1.197904604423847,-0.6497058972705259,1.0515402441809905,0.03846848758636431,-0.13345775920484035,0.5676298524899142,0.07805777140097545,-0.6068468424565717,0.8331217345188597,-0.019818056338537778,0.28337447746339534,0.7004670660090744,0.8070165745725454,0.2066565364143161,-0.04647395150456508,-0.6671967226285314,0.014556574038625007
1,-4.478252584594869,-5.185376686618686,0.3715813143850844,-0.7537766055120265,-2.4156607616076715,-1.018546846746417,1.2709614483080023,0.7094190119606235,1.9371896294171977,1.3675945806361265,0.4018303393969115,-0.4614364559733806,-1.0745987250829254,0.6311173416351646,0.9438641198866987,1.5425383748921624,0.3311121796042668,-0.16928885198677598,0.44951417797982823,-0.8192341033689249,0.9186569384677625,0.44660109824358657,-0.12905901332055775,0.7309021916319487,-0.31578947708959193,0.7669684474210507,-0.4991003650471808,0.1713415185708341,0.403012238621985,-1.713029285881813,-0.0028569512465218836,-0.7943656445637554,0.44850255204002765,-0.03256035089507476,-0.37352017982580515,0.5011145923763715,-0.7698800194996852,-0.02435214417935687,-0.5957838637748456,-0.40590044305320194,0.04223835444364859,0.5434043654796024,-0.7716292574494019,0.5723998453660086,-1.013888266280975,0.0865912264283654,1.1813064160190998,-0.36813975723543174,0.3656862108289809,-0.5070233803946468,-0.5681429394875241,0.19330312570689764,0.055407937028508575
0,3.6575228033984306,11.026155479422851,-0.8343785944989498,-0.04417320285441377,2.6449397027765817,-1.250997710351538,-1.1658029428063543,-0.288272043816412,3.1810939788232844,-0.3563739785578954,2.074877552208683,-0.37913865603909414,-3.57130376994565,0.6753928759888745,2.267524488091777,-0.3496578860015421,-2.673825981254818,2.4377543513287714,0.38634637990056475,-0.8421837763687041,1.7005347805784794,-0.9730236434297693,1.3949575374876313,-0.5238056345325626,-0.34562532315028105,2.103512989074209,0.6166466080743552,-1.1651579057318608,-0.9972258576320822,0.4340523823332858,-1.3674244022422326,0.1679302216495721,-1.8626920886969864,-0.7961261489273495,-0.8076675060024241,-0.5619517351031983,-0.5557314732785524,-0.06256980734195587,-0.6642978319045957,1.1734206327010825,-0.3758795351274818,0.060562017906515726,0.5584754732218928,0.6781624199593042,0.6965657884377212,-0.36755741908162953,-1.011594833248333,0.012295401557421976,0.467204839476861,0.032216232944797835,0.3071157965538323,-0.252725052772272,0.30105311371719196
1,-0.22257679749338768,2.547688329211549,-0.11622823969857793,1.1329563186229927,-1.7518620289348872,-0.8590746514530239,-2.8082155523510464,-1.6096448374364472,-0.9791097555856707,0.3556078214269062,-1.1468167861200547,-1.9745886542744462,-0.49928312453708645,0.20169257824261919,1.696857455243683,-0.029570263844452247,-0.4915695635361957,0.14899362349092926,0.683985986826262,-0.37950408543838354,-1.1609553414897138,0.950115425006006,0.09325831872747642,-0.3084007726213228,-1.5257621290433572,0.0017850354685198528,-0.11420619468593769,-1.3092111417004242,-0.9400086813512495,-0.05432613869858636,-0.765942971273646,0.4315177505528842,-0.6056443891891725,-0.47720382201795347,-0.2919781044109777,-0.27986030408370555,1.1520790049680791,0.02827689929116007,-0.6536542763711809,0.41479124854212934,0.9262830127819427,0.5185542373982207,0.24535130307831904,0.6169290523176763,-0.3205598608728032,-0.26012387597128855,-0.10195809711581569,-0.07295441109349189,0.1952565491696468,-0.319642360351311,0.2944945226340601,-0.017320055182596713,-0.2204524614009169
0,-5.065392387818616,1.6142128165507603,-0.6062254533426191,-2.283226517906628,3.7600642577624916,4.629129381885376,-1.2732375284356439,0.5499036478588061,-2.219612446579335,1.8157962518274438,-0.9811182820020362,2.3037230983201775,3.152100363757814,0.8335592603977058,1.8290707689349728,0.2754788472077797,0.600149425714481,-0.7519136805663013,-1.039927121737516,0.6039834127727246,-0.07350340908090758,-1.3782903188171562,-1.7746534706293435,1.1863094513600358,1.8031983222228773,0.5549624408693639,-0.7572269678260944,0.7216139385641716,-1.622884747218578,-0.4720319901479401,-0.7563156622084788,-1.5156636488119322,0.6658143103027355,0.624837888791434,1.2574388039220998,-0.763262614975304,-0.022721439328086568,0.9727240247649033,-0.19633928910042664,0.6603237158009422,-0.7684560528518875,0.1424005015619398,0.8346079689293656,0.2710819729560587,-0.0898294471953018,-0.3478294024400493,-0.9565467083462504,-0.4864674379357411,0.215628548366529,0.717517814349721,0.09769063166538908,-0.11892322734425864,0.07894359391777142
1,-3.434963180886127,-2.3169190419560284,-0.06582152556468934,1.5451005080168843,-1.065267793022736,-0.3951335376265324,2.0062302535948198,0.8463646785256987,1.4591566951684132,-0.9884633796034247,-1.4203077466089336,0.05430027164992526,0.23271362242937046,-0.5372207698869191,0.19621077367367917,-0.07930591990769974,-0.5548854579350887,0.18474882216567295,0.186733536792431,0.9901969783261808,-0.2812992703330238,0.8856853688266564,-0.9303999089089517,-0.6622569856910678,0.7713567738082883,0.4679524770140475,-0.10296521342328582,-0.5150905215065933,0.7225613203146513,-0.2293887697016995,-0.3083503957363618,-0.8925419692641435,-0.14844975046083084,0.4971903280794986,-0.5488914731647586,-0.2619064400841979,-0.06371199887415319,1.0835767729200618,0.0076492794760753295,0.06627964829796112,-0.18374384690435833,-0.22104650329869763,0.174192398590548,0.08975456364601328,-0.016449879424241646,0.048500725151234,-0.06066590127249733,-0.4532850565354073,-0.31002264351046077,-0.18243592641966216,0.07770433200078707,-0.11371150332624183,0.15982097556176766
1,-4.831059564538124,-3.890803400838381,0.3463321053671231,-0.6526533127435181,-1.793442776334636,-1.2598432228635912,-0.6678702453201215,-0.6521280168755893,1.3925682622678794,-0.08225405770602456,0.9886914034778881,-1.5518407290480105,-0.5505532076652153,0.04124241448265237,-0.2319824187076048,0.37394671745201624,-1.4255211434075865,0.9299275096440766,0.5781616595206113,-1.0238998045177758,0.5292624887100447,-0.9157181207318501,1.334824159448512,-0.6369445528850386,-0.5189992791661951,-2.4759659013445265,-0.39694090596649384,-0.3082041867986363,0.2445054865584079,-0.815126533359013,-0.5578903111670158,-0.353771004975288,1.8708977778972318,-0.10862107582205006,0.44754455709460184,0.1493679704337845,0.21794317958548134,-0.31765574403847274,-0.7201950428527323,0.8720142563895344,-0.6031599736588419,0.27448776374312395,-0.8262048355001964,-0.985095972344489,0.24383098485264487,-1.0711906933783444,-0.7086518080884104,-0.0004046184255061214,0.0647720722609408,0.11185837225384186,-0.47432886381389794,0.004332189622706832,-0.33105328119868604
2,-5.4273581564882685,-1.4358757777785762,-0.9651820498421965,-0.7290461143168685,1.2377744815420773,2.8903145114946387,0.36293625508375166,2.979761078195716,-0.84711794081588,1.2141854231533327,-1.014095626104094,-0.2624347140504377,-0.620248814921175,-0.34052248006837277,-2.132074087183062,0.7686048873360926,0.13136335262147453,1.4096865231891185,-1.0372761910349313,-1.3212034378088766,-0.000539609955255175,0.3187620508559352,0.7393245267431054,1.2987562559348726,0.16172982687994913,-0.7012478336645804,-0.33161658523602644,-0.19361477528259738,-0.9154755516073277,0.506716859656096,0.4774790301558746,-0.758158749422557,0.5261439234858465,0.7496124595968566,0.2687419466697165,-1.0191834467058771,0.3375800959848192,-0.07074390693945543,0.10298613928379245,-0.30952052680067577,0.18283369890005943,0.7695721149000617,0.32509949759747725,0.1545008613237281,0.018620206394100582,0.23071329494184306,-0.37515456855170215,-0.42528952756329064,-0.34988024979496224,-0.02989938121305634,0.16272045821809625,-0.29382566092367146,0.26536587245791254
2,-2.9234948937906795,-0.5360544080122934,0.45078224513214554,0.9523296281417223,-1.9003762125755272,-1.8913584657363434,1.3192742378736004,0.5838738308980747,1.5745267199035706,-0.1525655413485255,-0.9397709151525648,0.28429925265693345,-0.41225630470226343,-0.7966430692005452,-0.08735969026914336,0.09681790465376934,0.07869947531559573,-0.8360822487898825,0.6374502840565924,1.0539719847816564,-0.6154121592168921,0.24887517805278972,-0.7324625980221474,1.538356941093417,-0.5813128945754342,-1.1460221478443757,-0.14755608201705808,-0.286770225038942,0.15859756092427174,0.06571068919990605,-0.34494388549859084,-0.25609052664397924,-0.357821699247142,0.07215765424642764,0.7185502441324182,-0.3406251726384655,-0.5066704524332601,-0.1545864055097599,-0.2579631446892971,0.5760373520254998,-0.23209184168961033,-1.0081592375960315,0.007620457626807396,0.5693730854175755,-0.5837231215591805,-0.7245600040867471,0.335525294023021,-0.22824373697337563,0.22127244425527123,0.21203392324246184,-0.43593873348955203,0.23952373252313003,0.10516927621075603
0,-2.6008377672304097,0.8952350195520322,-0.3357105850710209,-1.3698782247226895,-1.3670809627055396,-1.544578889702319,-1.5417554233482673,0.16089028237933978,-0.6391821878943051,0.22444221759784727,0.01723949618890318,0.09994094825388448,-2.1810743426625048,0.2494323593862034,-0.8269084760686533,1.3511879528572597,0.7537340922413291,-0.10846779143349125,1.1518275547162435,-1.0607511332753452,0.7893511610628736,2.3189914787601262,0.6527183354711266,-0.5222043994716848,-1.2690163903590135,0.53342611629898,-0.2566084150383566,0.19718902942710426,0.5028438803600799,0.3058649185485503,0.17593594848715147,-0.09480660736940594,-0.4361564912345996,-1.507648125538578,0.4487067329812883,-1.4234384217278202,-0.5517627349960682,-0.7005983866479523,-0.8210032099349269,0.5974934573532703,0.3131354729152024,-0.48786901069731836,0.1085270514908833,0.7261478017330528,-0.009151275061922766,0.26388280148317517,-0.18168330883245376,-0.3191726098613113,1.9710515844700027,-0.07603542079290786,0.605458255001925,-0.08574793486435689,-0.5401415710588273
1,-3.1401397434632092,-0.046736870908480534,-0.7908556699390448,-0.36359689991744804,-0.4070504602577012,-0.09545671551026784,1.605193183160035,1.3861148446696114,-0.07397376125963563,1.8208499958675692,0.372363466697471,0.11652949579843015,0.2458730773792452,-0.55155391649343,-0.7971290176000622,0.31025796341338296,-0.4474579269464978,-1.2716349497619406,0.5185399246330804,0.5601401334540018,0.13216797699380958,1.1867624227177502,0.4043912045137305,0.6736806528760726,-0.14758056649065496,0.3174006258419693,0.0001792372800955869,1.0199869255436294,1.5218120714217163,0.7207172005975889,-0.012577294113167523,0.2336462955326406,-0.6907172168540355,0.5163876462762599,-0.0877809823232251,-0.5256421675423567,-0.11888199171049113,0.8462710070232597,0.6793960095498834,-0.5377389024203347,0.34980988964181686,-0.48708596397787524,0.5658147592130396,0.06264829484997707,0.22332914145262317,0.2492490113775489,-0.5150226752526084,0.3236412294891815,-0.5015734941554315,-0.5227299729714903,0.08625473169722682,0.0029728458847666835,0.5239453506007903
0,-1.9183522268692499,0.25783912032627393,0.028779973857135013,0.053019786996485914,0.4289999493686711,-0.6785806039015708,-1.765204890397663,0.4233322118597159,-2.839689321478838,-0.041657629303424815,-1.1689386362610545,0.4383069704274261,-2.053167536942564,1.3469832595270756,2.243462422975018,0.7846183565586734,-0.624726131870817,0.9261967589930381,0.9040481150295798,-0.22646340367396936,-1.2472674352529007,0.6706148000967513,0.7530612189482175,0.3122422002893243,0.7907287393909185,-1.0480146939349608,-0.5085972830739667,-1.5323330371264614,-0.056391142681906516,0.8411443634071919,0.7586083557787684,0.10940109596584324,0.9041724133542196,0.15744177517342683,0.7447800705900596,1.2200201991825175,0.2080488368139806,0.28377177535139353,0.06746612662227669,-0.9861615935379868,-0.29903813575366034,-0.9223258042666306,-0.11075902244819814,-0.23417288106530101,1.148627243249759,1.3189709273519927,-0.1459082109711934,-0.3762820771734404,-0.24546789180856218,-0.7606294429944341,1.1820653592714856,0.12250080513329066,0.33940672665690025
1,-2.4911779295490333,2.6953768547382073,-0.5502385936688496,1.2516113083621083,0.0018914304532497662,-0.30509352923986616,2.635884024748241,1.6421212330058736,0.32205672906099264,-0.6373006101419312,-0.6608616851057896,2.215872344126061,0.44864071821898793,-1.4707331551628016,0.46298388849104116,-0.44743657939392345,0.20172906392493142,-0.3080354757489262,-0.035039223852713186,2.2325829136293596,-0.4745869460851102,-0.24082206635728495,-0.8131294342769095,0.9934499426734145,-0.5187180356549446,-0.34108491370622707,0.15104123157356764,-0.4581514524764139,1.1718054909032662,0.0988006988044985,-0.23530634273181367,0.8604582702258025,-0.768060675015618,0.09712078290799979,0.9241070138438461,-0.22795937668781868,-0.5407913514880813,0.15374801585365622,0.9621040805663917,-0.3741251854322287,0.047489124314508996,0.46730527644620384,-0.18250230690997024,1.2756949672657103,0.10430683159968583,-0.8596701932720461,0.38549195956809174,-0.6104744056076205,-0.1742703976961981,-0.06976218930149289,0.4430305014793951,-0.7942228491378271,0.061034092713844065
0,-1.4077889469147882,5.585189788718266,-0.8913021965910324,1.6288710721965134,0.3022473354949123,0.26980627631403103,-0.5855555981242057,-0.12342668341976834,-2.540604651151725,-1.6160101381971075,1.028056466025871,-1.1795990193148482,3.0653935406475052,-1.969148031408301,-0.21260078208170738,-0.5816268255559596,-0.0933412898115097,0.0584179574768503,1.57135829839419,-1.051141147226092,0.6865183334337597,1.2741850966344304,-0.5288058844769906,0.6216103113809194,1.0280610680723634,0.06141411447806394,-0.07746361329356033,-0.43706406835016137,-0.026257814891655174,0.42994638988744704,0.2320158408348195,0.9399529414876376,0.08901654510798505,-0.7743825382166964,-0.9178580816611508,0.3349103525813345,-0.6381143245533307,-1.000646808885446,0.3237718435229065,0.8531587707725853,0.02149390188816647,-0.38363514163005685,-0.5050295708854515,0.2947555271801583,0.29513230805220214,-0.8738657583091923,0.5773742219506236,0.5802171253648878,0.6377297392043068,0.4146472348071752,0.18792273072880122,0.3477687369296167,0.4702431481182364
2,3.9729296385884876,8.041546978014843,8.680328080246362,2.6588959986822434,-7.001100549341826,-2.2122747609759146,-10.489825491837532,5.672450773229658,-2.4276087297253,-5.079677541708267,1.0168175368994925,-5.853380131573088,4.719089955315464,1.2672772362021119,-2.6533875899809654,1.2002631509824564,-0.6008365461803807,-0.7986998597150485,-3.129869712658015,-0.8423507244924932,1.9883927703916617,2.415061409477494,0.32559372828963506,1.0447823485343706,2.206671056773399,-0.6943017731448451,0.7204530868103431,0.8381154392861536,0.5972474213771042,-1.4411768297211078,0.2754427227299937,-0.18303590139537837,-2.5176965172087717,0.32626192975057,-0.09006886289821656,0.43008289111871767,-0.481145795700478,0.7992934245053196,-0.26584536267323655,-0.868312122713387,-0.7940511511353926,0.35382823548715087,0.216709212389455,-0.04115595166536607,0.4662191372941906,-0.49240260577539774,-0.07728078825190013,-0.15716554730638713,-0.08287768791597684,-0.4687833723753508,-0.163362950879607,0.21460145417316512,-0.08439295487705199
2,-3.323506911614874,-0.6461362475683023,0.2633832194993171,-0.10471879957455914,-0.8045496495902009,-1.2519660354381719,-0.7969476171773533,-1.0214365685910738,1.1708637694794402,-1.3825630212014115,-0.14276766940312785,-0.05361398149010889,-0.45277649555876953,0.19948664180665962,-0.30322432197593285,-0.3881404277288386,-0.22194001795991988,-0.23006102257247776,0.004471331157170085,0.5699799145471942,-0.4579580286721783,-0.1339950916454447,-0.5460385306307457,1.033179410002131,-0.5537380048007043,-0.2997382112248197,-1.1571626279052691,0.3783158832098006,0.15313502933056028,0.12672518155636436,-0.022983795193130947,-0.011220625845897744,-0.49490805388362813,-0.22124861178850472,0.5960287430296745,-0.7683331959286116,0.08942167115493052,0.7465445025262869,0.34473301961718106,0.8765385005954511,0.9615869238880916,0.13315076667124098,0.3312178970851237,-0.7042119886086834,0.703188528781415,0.7210826108440752,0.19602563271735032,-0.5202273618049578,0.5690100994098926,0.2352399938529954,0.25215217845448007,0.23999100852545519,0.05905192132926396
0,-2.869468063645178,3.1517483268665045,-1.2422797972730242,-1.716649918047058,1.9725172517462488,1.397734653759431,-1.3505710480234294,-1.015057835232236,-0.8918357486748256,-0.11148494071442248,1.271792125808952,-0.7897996607968415,0.3990542198855437,0.2621705469113275,-0.8086849886557339,-0.2792517715902156,-0.31293912147125286,-1.2170256902536476,1.219859645230647,-0.5093666819446141,-0.013197542284348041,1.1534143304070896,0.8913974369001126,-0.7450188582344924,-0.8715463144552498,1.0321522931904334,-0.29615286385557676,0.6278893723936047,0.25375513462209676,-1.400545310341698,0.07697947747134654,-0.2628493883149263,1.0914274265162616,0.37256881402007386,-0.4463873723695271,0.6375389803143261,0.5618513947327957,0.33925753406058523,0.3788817228458376,0.3746093227371705,0.10406960537145471,-0.22977623507837708,0.9200760354833962,-0.2441497486197865,0.08978011292005024,0.43600988059175516,-1.0651070069133206,-0.32166680072014775,-0.08753235656802631,-0.053697765758515016,0.6948995267220174,-0.22442618734150038,0.6982158177949059
0,-6.138089513490754,-2.969847178334706,-0.3541291123655979,-0.7646135713989053,0.7347711381859057,1.7449696024058887,0.019034421000750666,0.9541315073888855,-1.1602862134420135,-0.47464407773476003,-1.2490260517774918,1.786380388732404,0.5038900125142853,-0.10377424877797496,-0.09089988351212586,0.17315698110344696,0.2535102870160197,1.0645535153483197,-1.0750634676171489,-1.030037002987576,-0.31219750443907024,-0.43183928526141463,0.4725635721567931,0.11721308458222578,-0.6043184846615901,0.07981687020631745,-0.3489139645852728,-0.10289020605248625,-0.07144068454321331,0.3119560038465257,0.4584865467872828,0.05718454414444661,-0.9660042964734883,0.19145325208825653,0.6679665342714645,-1.139774248856116,-0.2296125852029882,-0.5180915322017364,0.24826604436326813,-0.751888790193631,-0.38433068079364135,0.17636243361672396,0.3017784165777075,0.12233766051666503,0.6757927106360134,-0.17232113365626547,-0.2667717152191368,-0.5560711928126606,0.11558314770916044,0.7192745303065505,0.013781254347642794,-0.5431454114572242,-0.3962246496085694
2,4.016755131009026,-0.41305625068316015,3.5685252547494177,0.23313897346533213,-0.7960570597297281,-1.7659837962374185,2.4754587422737164,-0.7859006780096075,1.830423666848689,1.0426042990084627,0.13535176833570672,0.715109078819873,1.141353816671866,0.13916309875834962,-0.3645337835476501,-2.4470984045105504,0.9473709174985393,0.7006714919203065,-0.5542175759257222,1.1790233089915827,-1.0248480805978097,-0.1884411259639065,0.39314695111176434,-1.2201111575752144,-0.022900605820011244,-0.12630623545933567,0.3029318491117691,0.16861625239081518,-0.6318034154244898,0.3772914194063557,0.0679239779580474,0.39490782027719723,-0.047628531231272135,-0.3346999810209289,0.37439184586206253,-0.8189166520694937,-0.1742444952671285,1.0667189464591758,0.5545482666906175,0.606344219156227,-1.4298771850196994,0.3889295259127521,0.40309305977455906,0.006120258637359831,0.8322707851970187,-0.019473211406397788,-0.08811530201560061,-0.7472623919396381,-0.9105216441746127,-0.14746779567765267,-0.25134962093624946,-0.282074293570151,-0.014817461123696885
2,-1.3811258202102294,1.8648738029314649,-1.4390589267506286,0.32120898817234583,-0.8153890213983308,-1.0673191289988058,0.4491905329769793,0.15842383627994183,-0.2445755163353899,0.6156260312986518,1.3783272342918602,-0.9332334830487885,-0.09807342574054904,0.3315828591822775,1.418777786391582,-0.14682259178438403,0.7196817829367597,-0.7221557959109978,0.3702047810802031,-0.08141848144607536,-1.409065994898945,0.3282098210803527,-0.6456268717425311,-0.2607791353877464,0.7604943714392619,1.0536627824742262,-0.046763273468080145,0.8975317016004755,-0.3925297477235749,0.9894105637132842,-0.75048797786157,-1.124488414961759,-0.03947429292925879,0.7973156305332287,0.12451263685469591,-0.04919216383055002,0.4064744539931563,0.4754428268813012,0.40549743008758143,-0.2291490819901341,-0.18558157952658397,-0.5938537388415701,-0.3416384815789111,0.022839367815652288,0.24224979992591356,0.20107925830330017,-0.5133700277363763,0.41811398121596094,-0.35144967595338117,0.125426201401238,0.17315423851855977,-0.15823655169692993,-0.571825277383808
2,9.065483598660098,-3.9044594598869335,-3.8271042390529506,-1.3034488113830824,0.8448300457124867,-2.336898494230456,0.044778746519276276,3.037201704442974,1.9931758357688016,-1.008167347242889,-1.8428020961159837,-2.8237863061398243,0.2610431579674347,-2.360341775054302,2.108432907356388,0.32348977196992107,-1.2155149511649457,-2.0501275132268564,-3.4672779482106892,0.5898669362063151,0.4802054890392528,-1.8228120605502085,-1.5908422299855334,1.300742490186577,-3.2477522963428074,-0.04292313023005978,0.015541256369404208,1.0868762551544855,1.8739938764476027,3.4197685101343556,1.3364305160534566,0.3660271395095377,2.0012116489921756,-0.8412086684639446,-3.356059392433412,0.5756732188042193,-0.49565284465032,-0.03926838077176833,-2.051873291481759,-0.09784060144850301,-1.3124039770355274,-0.14228697906130136,1.2640690846750133,0.528974275653718,0.7373715513594201,-0.594855061315576,0.5308519112934885,-1.4576496080526322,0.14078959944823005,-1.2062720719521374,0.3082877518928921,0.24203854375062453,-0.7490595867765077
0,-3.0761780522646993,2.165263622235429,-1.5585989195174765,-0.32581108603041004,-0.04555534809443848,-0.6944279655201026,-0.5094081901223708,0.5235524842164414,-2.1790082790345013,-0.14000500982561193,0.2055305750260753,0.23764160949511043,-0.7052049663954518,-0.4031905802382558,0.18247394736708256,1.4530988095382762,0.8497313681515092,0.06549866208451652,1.5714515033733487,-1.3379360337685051,0.1647177136571945,1.0544490411311789,0.4527852264153572,0.7256302448485962,0.34391005267969754,-1.6320612610677643,-0.5304472798401065,-0.9726103178127498,0.26838332702133705,0.9143988598393583,1.2637791632523847,-0.27063850080879165,0.562756004941055,0.4264562066871487,0.328630247015175,0.7991933385192986,0.5877705704208233,-0.3960047900317969,0.6177264743088402,1.4551938084754386,-0.012233754597620678,0.36255223668421943,0.13413391034272368,-0.7029733562047328,0.45691992208011145,-0.33882499965349305,-0.16062449194747333,0.06000993929603147,0.2688612810753507,-0.13008561326534818,-0.3632248444409148,-0.074745581624067,-0.23629851774272162
1,-1.434989448712538,-1.737269139168342,-0.46574467720093393,-2.822522726007254,0.02662328959506925,1.8347584538033195,-1.2899122852558984,-1.9944911501782945,0.8536018942925171,0.4661228746054462,-0.10383451795719302,-0.5598547222714545,-0.7791494903588909,1.6841963170219623,0.6965524437780358,0.8253458430098274,0.035157670752253935,-0.40849406827413187,0.82886100101855,0.5198324822631659,-0.5750860098876903,-0.9124138335087109,1.017179290751914,-1.261394241263054,-0.7985927910754597,0.5415785650802795,1.1478841970342926,-1.8560867593539518,0.794819531386589,-0.5697486423893736,0.056559072556585474,-0.469447562355698,-0.5944726679807927,-1.0074976526992203,0.3926277208620749,0.041909413256381055,0.14856197679541872,0.30800402478621247,-0.6606703868170694,-0.08397288251889656,-1.2245283361890966,0.5561295019037562,-0.6280028573829597,-0.21607807294620687,0.009696686401207908,-0.4354651289331925,-0.298350567110539,0.09955665869642993,-0.2869858547702477,0.443340235796544,-0.07130443408380843,-0.8389588052112037,0.054853867840205656
1,-0.44379398716521357,0.6585905640111661,-0.393468031830757,-0.5690772716111829,-0.470117745944927,-1.1176766830197076,1.10510451508247,-0.16029052894905854,-0.2847682811801702,2.0602684030998404,1.0735035532624462,-0.37149562977629935,0.27803660592742885,-0.7777880864689448,-0.9357388221400539,0.04973777937165002,0.9158411254628218,-0.2752731738281557,0.7957846468799659,-1.5478542663885644,0.11752740549433298,1.6158617344932402,0.3032500245558438,0.3363947373598778,-0.09700036394627973,0.8118286405114916,-1.2024786135715768,0.5342301722796867,0.29229825630708306,0.8238950596191758,0.651339119567466,0.6858851636905552,-1.1963252045885078,0.5088165804087647,-0.5449344274486468,0.20168896363304603,0.8728676234936839,-0.3679453603289663,0.6052875446663641,-0.2207373015428967,0.09768674778522504,-0.5191760535371911,-0.27795489889867764,0.18452483498323982,-0.027737801964966415,0.3640887137052873,0.29294711071922247,-0.6097390579855775,0.13507026320635224,0.531705746410967,-0.3092753021036272,0.10060134814756327,-0.17875091208428967
0,-4.357152955731242,-0.662430551686081,-0.4580922467738702,-1.177910648776607,1.8168560413378316,1.0511565891998107,-0.8030827288387848,-1.3466682328693957,-1.9535221478338705,-1.0490953348469887,0.25142487128289637,1.2800465390729574,0.9332956191099085,-1.0572237863035103,-0.9509593674230898,-0.6286964205504624,-0.3988169444389399,-0.6724493337082241,-0.07014354344657511,-0.6789692245651325,0.3736094216386659,0.3014702285291494,0.44960006144847686,0.3801938998068563,-0.3482247373620329,-0.4457998886921628,-0.04862706593165996,0.6569105184797102,0.08430211153387054,0.11948931589562019,-0.6226304016351797,0.27326331423508854,0.04416485524290345,-0.6162354024688904,0.4471449694108799,0.2500365605822673,-1.0880015284211166,-0.9863030995208205,-0.6938518700520662,-0.02025804722152816,-0.20324309604809165,0.14288581799495517,-0.5501294097901056,0.0825427105624712,0.23243981779343229,0.37433363310053186,-0.7809584209916293,0.3067194259081884,-0.3360194317942377,0.4523260363179265,0.41365293429177546,0.20786785708517713,0.02850653399643027
0,-2.8285758020601692,1.54864509052081,-0.8610383727332617,-1.3867266526093949,1.7880177477753616,0.5299339968402641,-0.9495071937938339,0.19522553895212716,-0.3583108820696841,-1.6920944894085277,0.2098459034102468,0.6020936435675187,-2.319601519524561,0.0990183153437484,-1.4906774612978624,0.4115856508021226,0.2709813487819639,0.46624849472679747,0.1246324213612575,0.1630621427538979,-0.5814656633961887,0.9397998622875465,1.610509067515554,0.1652080453413038,-1.3749656184211978,0.7182101989730626,-1.183175912560692,0.45967680087808127,-0.045600662207039004,0.4705805318079658,0.5649096019247042,0.5166201044701175,-0.9239037036670287,0.8783366353542611,-0.39048264902392843,0.7879885380300584,0.7141356104228442,0.0625824730301165,0.4645189949544166,0.12876228823040237,-0.07982652630005298,-0.15519887777799468,0.0020977137672391127,-0.3279028042310494,-0.11027819202174337,-0.07069988778317425,-0.28653262334024804,-0.038242284078443635,0.012007600116346117,0.14572066762438676,-0.27711887181519557,0.16860810130183337,-0.3548288002211407
2,15.887742347063591,-5.639323421932207,8.069996495279147,4.814309566553397,13.315491300319518,-3.7399571362168564,-1.8565830568348227,-3.2418145312056037,-8.104361061974746,7.003373462683063,2.435133740940412,-2.025333325836997,-0.5747594966920325,-4.410160389582463,-2.002588026168081,2.361353103280615,3.236810046005519,1.7064201647617299,0.5711541032070585,2.4135209503761175,0.37422968272345203,-0.26588795766504186,0.4989938487262034,0.8735542733160777,-1.059324231575419,-0.9299485663732955,-0.5055990039420297,-1.3603023458334975,-0.8665375413398346,-0.3180365369912862,-0.8861925476336336,1.552009449117945,-0.5459094243202097,-0.15399299638414995,-1.4446217793413947,-0.5912987458077972,-0.5351090075026456,2.6137001934887483,-0.05939534004246205,-0.39179344148058126,-0.348975829753902,0.19330907855270915,-0.7847681942777771,-0.7569646517998392,-0.4960288290059978,-0.12906297182038715,-0.02828644837465443,-0.318467392080896,1.0187520835000965,-0.15975177786800243,0.21600142731765493,0.18095790621046584,0.33833563664037075
1,-1.992594997521466,-3.96071464339989,1.4210833622179968,-1.38868116483068,-1.7002912317536825,-1.1481074454302218,0.5941886622362416,-0.01819678277829497,1.754280893577008,2.188369507065959,0.4747186460662777,-0.33821954315170605,-0.31995279318766967,0.1107126442688989,0.7824347655549224,1.4504068879288419,-0.060739207097302246,0.7623477754845359,0.41798556465123576,-0.5309665809728261,-0.8426687181533151,0.11948491971130812,0.22843110259060528,-0.22395096673445858,-0.006269466675681146,0.5055574484854334,-0.9805900476628178,0.10942616781495944,-0.14076162530915723,-0.622680028451275,-1.1799725677310275,-0.04293403857141349,-1.14925284408922,-0.696159968754933,-0.010602439424620962,0.7644693916526173,0.291481791892051,-0.4204353137995929,-0.685900517637398,-0.145102946766832,-0.1294024128470194,0.5112091898413236,-0.05787439160318391,-0.036809519763060704,-0.3568885297040567,0.07515075437202866,-0.21723188894165854,-0.34459177594562657,-0.631390292202819,-0.5864557809261008,-0.17728786758527,-0.3221845700272789,-0.01631705568639849
1,-5.106834108573582,-2.8073280523786917,-0.32297157417069305,-1.3468225860179028,1.960690888303068,3.584163868465019,0.634017050704481,2.64523691127268,-1.421346356200838,1.1163783169966206,-1.2998859705661905,2.144981177965264,1.0005517346495276,0.06876340596123687,-0.27850988748896455,1.013728867266688,-0.06836627963625067,0.9936190269252408,-1.195491876546061,-0.511266933895944,0.025756283429173122,-0.3492907184129603,0.9748282719999591,1.676194173479177,-0.20318918312753145,-0.5057315797672658,-0.35536354266930964,-0.920589334658743,-0.3561464465963404,-0.22633900276916016,0.12188371614708518,0.2714786579378132,0.032405872445382455,0.7179582900847069,0.1472284473443196,0.2806391227740678,0.0989990836458146,-0.24815853096720297,-0.5049778408034358,0.229603897166475,-0.7355212642163161,0.1728326508132958,0.44774309337914237,0.4412125062618113,-0.37184215402749704,0.15877048035710273,0.13068292446911203,-0.37337658379564265,0.33525209060404376,0.31585064727560513,-0.8585200665052438,-0.01828827098381893,0.23503137260315501
1,-2.782952398271526,1.1789383411960463,-1.1754614109903438,0.34596751305545526,0.30945032392702027,-0.3476797829501683,0.0738866896939328,-0.7530904609348832,-0.7492866184430689,-1.6202239087971695,-0.11953621431351877,1.0664385659910598,1.339614625135667,-0.20293780355853294,0.03184587649827656,-1.3207133745254296,1.2961878286607957,-0.9273000696010951,0.10878565031779905,-1.081036789365121,0.6700340720088034,-0.2118352421036437,-0.3102809334837383,-0.7652601784718516,0.5059839952281232,-0.40195622319951874,0.24146940907444317,-0.4938618435188805,-0.22352311281172946,0.18700009044651644,-0.36790574642706103,0.6210265635973615,0.09734255089206532,0.2206874047345467,-1.1837928311259618,0.6509750053355645,0.5747928086524619,-0.26597265854953756,0.16734491918915498,1.0072645357118997,-0.19632800403177783,0.2981738022903153,0.40041078964199117,0.4303368800804461,0.3174817208689371,0.31848386354754094,0.015190511166313021,0.002190724724483474,0.016753543589641658,0.22972750830397254,-0.318639048922635,-0.2479327105378098,0.04392698647009484
2,-4.814603647639002,-1.9877690278525073,0.4401244127154445,-0.26880984269437314,-1.3469043581502627,-1.2580648515169135,-0.8121840054481845,-0.1756967514348635,-0.6557103054924786,-0.5273032634642827,-1.1915680027152422,0.21313433120331968,0.16944097993439552,-0.946286190508088,-1.0037672739199766,-0.8083604131071964,-0.17324060335813193,-0.3677357953094121,0.563221893208578,0.4459098278631453,0.5384378373001083,-0.3067510586081868,0.9557140171515299,0.7898262422638935,-0.7033454513650124,-1.402930025315889,0.13548440946676996,0.9436780666420581,-0.32675089431567705,-0.5079118589637582,-0.4335842706369783,0.669554657027587,1.1318889306929751,-0.4539614287905053,0.6051938719382207,-0.49335673065292357,-0.2665137025798759,1.0119522674398702,0.05341227727437517,0.5629939046662699,-0.09376925784721232,-0.44229004890821644,0.5353646187260336,0.3684912947307619,0.15274981281316857,-0.25642088588218626,-0.8138584065709491,0.2287539880559403,-0.08875011737238639,0.016570441881366187,0.08901671666314728,-0.101499909451692,0.2956891256894788
2,2.033471481939143,7.749950531756495,0.951431570527656,4.174728075443345,-2.1534923636434056,-3.154277171950222,-3.7465993195630993,-0.4359456439315733,-1.735269534366617,-0.6533103194132036,-3.94197474124325,-2.8048734040247845,-0.35035660632651944,-0.8571032244893652,1.1853679515408786,-1.6770801928413592,-1.3809063357880815,0.6662263136210322,-1.388652426361748,0.5725813590005211,-2.295255446807171,0.35464860666272624,-0.9327440274178941,0.4279798646071071,-1.9276119342509808,-1.2987282797036552,0.2317746294587576,-0.498806137606296,-1.0945761673114112,0.14804772493257273,0.9942186683929933,-0.038358118905490034,-0.06476437843558583,0.22417088302201346,-0.021531864714108055,-0.18927584417166476,0.7290558542003057,0.23501413582082498,0.5197201155543791,0.2568313067074851,0.4084650331114224,0.144930569347047,-0.12520663505489574,-0.31009224880933084,-0.4832846482730674,0.05842918544320425,-0.34409602492430974,1.0221354864248944,-0.28357697443381236,0.7079762802279099,-0.7465232593667767,0.3728287909361978,-1.0173315563226282
2,-2.8119035851106786,-3.1307106462346384,0.47388420510595186,-1.1090770139521093,-3.1374846892190216,-2.4127277095453006,-0.2753916081220162,-1.5628784867894958,1.2549276198547985,0.8292142236534349,0.2721955490078751,0.06734036061912779,1.245594609769112,-1.943460694095234,-1.148387040249808,-0.04894724860026776,1.4535715679698928,-0.394529239766966,0.702075060980957,-1.2876364576199208,1.11017528751285,0.9054192249089633,1.2615088888132011,1.0020870330977691,-1.3623328056015518,0.6229820846640985,1.0216752844152646,0.4387503808467756,-0.6654769158180314,-1.4583001726372609,0.28888272784517355,0.15594296144574682,0.08174639365305128,-0.35099877228589127,0.8228144288892983,-0.011958006287586927,-0.017688797551931083,0.7057710629446579,0.3643933243659697,0.8746741553358013,0.03184807389099403,0.3464111817836901,0.599425625218032,-1.0934550763030244,-0.2840758584312596,0.01640269524810174,0.5388321829978837,-0.1803300194157383,-0.5902140092296844,-0.40494755426408846,-0.1921219441034098,-0.4151153668467753,-0.5850670328955097
0,-2.608339422810147,4.067209825699735,-1.8458087933528635,-2.0784068057367318,2.1355931246993407,0.9647035207832855,-1.0286553826448506,0.4446513426741514,-2.4492146005449613,0.6489116453957763,1.2609670316103334,1.0317804829485342,0.012667999110844916,-0.1467918781214307,-0.5637198840540886,-0.9924693144131974,-0.49502873645926976,-0.2626790452332244,-1.070657427381946,-0.16455959418055544,0.28622221546809135,-0.5161966189725432,1.437874371439634,-0.8308253935839434,-0.43661107721856934,-1.5962435434979836,1.57588492966355,1.2700448006046237,0.46029494277878236,0.4395497448015911,1.7860170856569155,-1.6738760759819744,0.48223148480386063,0.19378023606559916,0.5009716926282257,-0.8381415689144522,0.084372902461185,1.4038776658430432,-0.29934367827784936,0.56456275269209,2.127588817659303,-0.7621476338973091,-0.32290429881054206,-0.2990982762763715,-0.44198012446677637,-0.5237582653078198,-0.19685939374553788,-0.5140580055842064,-0.11770479190549046,-0.134403943507443,-0.09843457490804215,-0.07062751855475867,-0.31992445996258584
0,-1.8582409399496351,3.6071404040308623,-1.562889726067552,-3.420238945883572,2.3674769602088066,1.1133410904480139,-1.7434759813637861,-2.7602375133239274,-0.28217814451731826,0.1462966895685609,2.200177114054662,0.8435594084981474,0.8015201425362837,0.07427475324798478,-0.9363402885203668,0.5379919324924941,-1.925948732330293,-1.7742994646697485,1.2867278197899361,-0.7671819748404456,0.1038026803251033,1.078476350324248,1.176235688805868,-1.0277303380123635,-1.3839003713662643,0.40329352916851313,-1.0859006667803002,0.09401581362421502,0.50108343576283,-0.7343474516422459,0.29603786598590576,0.029294111416251673,1.0367179126113266,-0.27573851963446394,-0.3675783282244144,-0.21577526025138008,-0.04313480903948647,-0.012798972384389,0.37945177781834805,-0.6289850726230364,-0.7401761548934651,-0.05573402870712735,0.5594311197513551,0.009419558645631178,-0.08023568301342576,0.06570293054482954,-0.18850899395528528,-0.1532495953850983,0.5667561891466504,0.23561068609319488,-0.5746013181467088,0.3808850445961573,0.4057916405829927
0,-5.920656165899007,-3.41377879590375,-0.5588130972822597,0.18811027849928458,0.07799392761926098,0.9566477997085271,0.8699917624214123,1.45799756653468,-1.7696074213134823,-0.5767602296032417,-1.2403669140898688,2.192126084536289,0.5806517252121036,-0.7347884767575614,-0.19919192806904915,-0.39478770617193726,0.6100987846749074,0.8990089725925928,-1.1717149977216164,-0.8347810750997672,-0.6776676109614121,0.19728049940831038,0.059260455661840857,0.5616638407093419,-0.28997083124199097,0.48621765397614125,0.40316891833418456,0.03756516572652621,-0.196938217295896,0.9810710747847143,0.0860869993200755,-0.4500148112004649,-1.4833968509509203,-0.019928435287263752,-0.046226556045571944,-0.6348053679248862,0.049870960415603655,-0.42008788980808975,-0.3586092144150066,-0.34017410622546396,0.12557215609659908,-0.06928401249541245,-0.7291407512436138,0.0705207866646441,0.6212028575128112,0.02600040857844025,0.0702947115388947,0.274548144682339,-0.46341936564560027,0.008560576286622755,0.07548677344618465,0.41728108348621445,0.37266640135339446
2,-0.005473003999098658,4.793861375447624,-1.6460009218673095,-0.11757144175168084,0.25665353068857527,0.024412333437911604,-0.1972701938726906,-0.10562171962592415,0.002711029770950085,0.651350841564697,0.6488874340443762,-2.75163325873521,0.43666283896881586,-0.9017473934943112,-0.5126952137962076,-0.3521319638172277,0.2948665459526447,-0.05800139963255596,0.514971528225554,-0.35327228852013537,0.17341015526948048,-0.6923792388108567,-0.8330642710433303,-0.6725659752188586,0.3167020252384646,0.9775110717885505,-0.14419405919166434,-0.5244461364831624,-0.36529244012665385,-0.8127138498250744,0.3805600370955542,-0.8827545795528813,0.42694569533410315,-0.8083555638959135,-0.3072651264018224,-1.1136132463298591,0.2367745778398926,-0.8443411270044435,1.4389691815656243,0.843316512848188,-0.7488781493356216,0.2779334968645657,0.20587762780298227,0.008588931501160526,0.14901144731060006,-0.36947422223692006,-0.5912788321632303,0.3115359705537527,0.5635140614928467,-0.15267774454881505,0.07706815288662952,0.6549638322760998,-0.6673556049805156
1,0.8878758206865474,-9.127534551596835,3.8212623905378322,3.851196967259151,1.897637561702494,-1.2174379254971148,-0.3719451949764647,-1.5445019025116713,-1.817301391531007,1.5442853187546899,1.9432509128046505,-1.2414178627523489,-0.9074721852492721,-1.0355568282301713,3.101449586617336,-0.1460142580173578,0.1870921325603264,-1.212174958994884,-0.43302939596136103,1.127348731078628,-1.1343350012233078,-2.235133333110433,-0.5172532151675454,1.5727110567418832,1.6530564546356001,0.5004360044501489,1.4696971145282411,1.2535207139792888,0.24660600400241442,-1.074040257814655,-0.3802825101364904,-0.8635581997068252,0.12617834661462887,0.6273713705699272,-1.694780088555513,-0.41126689784776654,-0.31394023018023853,-1.1377797058893222,0.7840914278106563,0.22902120525565894,0.5234262242454264,-0.23567879803848682,-0.4311159540924784,0.7716943151121878,0.6042101456829657,-0.6325682837643963,-0.5048220425397555,0.9967034674668246,-0.3288253137503239,0.4104015792921791,-0.3163358560230159,-1.0601195377813712,-0.08006640571138038
2,10.838363851053836,1.799854068719207,4.391711182434726,1.6676220371544503,2.8920677897447566,-0.4464115913957091,0.777552352056655,-2.0288259222947267,0.9195299856411795,5.651262860108238,-1.0008843945245762,0.4011682855885283,1.0203546652899445,2.7643399369278683,1.0962594609430751,-0.6150614471026751,0.42554454263805674,-0.08291194264095227,1.4218821440815925,-1.1433582153972324,-2.30242479188681,0.08002455049192525,0.9654832472912,-2.720875569107297,0.5445818480547798,1.2136912614023307,0.4034940001298648,0.9574941276479254,-0.8084183756568093,0.9291939710348613,0.00991401404076389,0.06893373817944838,0.13053435807120328,0.5621510876336883,1.2815703318441924,-0.5890461954543901,-2.2599681665476945,0.03468529017175077,0.06538855574580067,0.6286272910723296,-0.9450581364293548,0.386126405669888,0.980991254613017,0.6298388924381695,0.08066169446999633,-0.3003614551275093,1.1023026803199287,-0.45898421284864654,-1.1122749778008005,0.27650053070897884,-0.3613454185659409,1.9523633051117002,-0.016163191950349418
2,2.4021209193967996,5.019480417313522,0.30816340328532177,1.4688694907210589,1.895728892481563,1.664859863490506,3.467490188023679,2.497010017510681,1.8934185510303938,-0.04821479432500053,-1.6164689843925137,2.001975339251545,-0.40238153459551307,-1.3837671217348309,-0.6029874262049237,-0.7207104555722497,0.20002240406866806,0.4929103930201949,-1.3915496209713807,2.0934746653911143,-1.0960882237396892,0.22045771997646857,-1.2656345208361002,0.587664361921295,0.2772003001427766,0.32808421934099635,-0.6703363762519073,-0.06371907724534512,0.9564028565910249,0.06871262107257144,-1.0579076368598332,-0.2030398402661561,-0.7920158731370609,-1.1852728941548203,0.18000291448177413,0.46169119648927376,-0.3432983581724009,1.2810654538044983,-1.0388222948859427,-0.4008186570945755,0.02565210925699081,0.7873605999375369,-0.2843889492502416,-0.5895947204764242,0.5002290688763897,0.008848576466126053,-0.35210205416684565,0.4114215593220477,-0.2818962928777466,0.4154611533404096,-0.9598948498627426,-0.007629160420303507,-0.34689905877784255
1,3.5326111497102928,6.199671272674893,0.9036817613480707,-0.6951045325638849,-0.5875145215539034,-0.23123798646459212,-1.365078556639238,1.2514277103062497,1.235342660778442,1.4688439498466577,0.8791121260306565,-0.8225651524630391,1.2567696185561557,0.46599697292112696,-0.4461211104209732,0.9572064155249919,0.2701703633455211,-1.148355586065846,1.1047089071230913,3.382713940287433,-1.2679491255022555,0.6293057094442093,0.019290723994730963,0.6390688469819111,0.6126137314321222,-0.10930353072043197,3.115973703546911,-1.4972904593360588,-1.432891710252641,-0.6303191977222209,1.3470037443603011,-0.3095065009960681,0.8830208908584872,-0.4804066199382411,-1.0441428274623277,-0.5632227541312526,0.718902030731029,0.27038561282888235,-0.6841804307929155,1.0459382731180755,0.0031067408038276127,0.3041535228073703,0.14926488730047108,-0.4329684417171818,-1.0496904632949926,1.0255610566885245,1.0064545793886557,0.5661060022458019,-0.06619818040875021,-0.17194978508777303,0.24355583853769042,0.3647950816925249,-0.6153548952381382
1,-3.01844160421977,-0.6533332496084275,-0.7552583456649359,-0.3614945810181668,-1.0882551757363015,-0.050295324251406114,0.1384415555513396,-1.3076716770581363,-1.2932449784237712,1.0422303666340853,-0.15050792238005245,-0.07977292516501704,1.967747669600281,0.45846413630431615,1.3599404573700018,-0.7355579037941432,-1.026866619213403,-2.155389819770717,1.0069823631155452,1.429228548086794,1.0310450225731709,-0.6653095547124104,-0.18299347850685901,0.10618060242894951,-0.311197190125943,-1.1599700724774162,-0.07797397732584846,0.1889947935307304,0.8302153051360532,-1.2044360681415678,-0.14752739289386138,0.5718136940096502,0.4673793297102661,-0.22829392306165863,0.36454596403968154,0.13226703451737654,-0.3651994319540644,0.5311293537652093,0.2448238703840419,-0.12060342083474873,-0.32015540885510585,-0.16560614456929434,0.13569499032221213,0.6939702209038819,-0.16199743588733775,0.5878539856951968,-0.21830206005472796,-0.1797019820872528,0.9122769176619872,-0.30941976524804676,-0.33961213536813145,0.002726611135868413,-0.27629588001286387
0,-3.172543853059695,-0.788166395386845,-0.8917540410543765,-0.8078598587288047,0.028551462410013256,-0.03506417372842176,0.42182684304787926,0.916095951225181,0.27190681213831946,0.9207051216431822,0.16232702919777964,-0.11685537268455885,-0.2500048893693149,0.06223064462388223,-0.41378750572114215,0.6407339448147161,0.28152734811745206,-0.016221385596532543,0.14291923349521946,-0.9130352638934583,0.33282233775971465,0.10818171076607005,-0.2690855248326628,-0.1283246010235387,0.2656219601550798,0.3115474976399334,-0.619757502080387,0.2428781784807183,0.1182871890960511,0.13481272133145283,-0.7382286202293279,0.059538849774559394,-0.5631444791393263,-0.17660776452969917,-0.2647383824628752,0.10795354697799361,-0.21032034428261173,-0.7778129005666551,0.37807841182457047,-0.14779865986985613,-0.5993873815598552,1.0570788117818082,0.2398383608545479,-0.07654489115414202,-0.26700417697889745,-0.08393727718236974,0.02685734785636259,0.5142365917568369,0.8448957073025003,0.2199212911063233,-0.47724201969970914,-0.12831731095793358,-0.19395550111357063
1,20.26314480606229,4.112762259914196,32.206703662767175,8.307075134940217,-1.2627467657005087,2.9863180618293836,4.759236422733905,4.157236304987701,-1.9950295733928076,-4.881762261252773,-1.1429184274536939,1.348891167736923,2.120813104625031,1.5845603357995386,0.6148359092983356,3.7505941480622114,1.7302962439588088,-0.9549048390440057,2.416489623563902,-0.4961174664463538,1.869457802644962,-2.7514817698319693,1.875891000907342,-0.5234544379719956,-2.1226703397960573,1.294944614899327,-0.7696601835333793,0.2466574415211449,0.7811223757565999,1.430190699704192,-0.6370231493564977,-1.192589409412691,1.2695502311534188,-0.9910800755864987,0.5834375123737452,-0.35077376535047655,0.8267487009098486,-1.1796261847933516,0.17700990748137438,0.17929352278382876,0.7568152937986944,-0.23465565297196997,0.1743213538304865,0.030977600237789938,0.07871068067762733,0.5233907364824497,-0.09312793146783202,0.03593156789454132,-0.2071834348601529,-0.20607776477119397,-0.5780298995127727,-0.18770822764620512,-0.20441365028049294
2,2.5678453199197953,0.3427428961835159,0.6692394405856774,-1.4812227872095551,1.3423591838951832,2.0602236161361027,-0.09220570758490683,-1.5003725512386608,0.8854231709131815,0.9685997991487316,0.9711562422257038,-2.619660103034465,0.05637880334276362,1.3671979523264233,-0.5337340755193478,0.20657415195967974,0.6138107310364933,-0.04730707797842652,-0.1063422602302332,0.47544022900667654,-0.6018862162042526,-0.5495670786206595,-0.17583315169758088,-0.4693568568548096,0.19122841692196937,0.21908032862724303,-0.027098794990615713,-0.3748739540329486,0.07937063274995515,0.46918939535743237,-0.49667322522056573,-0.03850797704710775,-0.3799655687812254,0.0813553412855066,0.3149029595343556,0.6511172958407698,-0.07011758521152964,-0.3222526922189174,-0.6409930404099435,-0.3829286825629234,0.6504735323351629,-0.1305915384940294,-0.09285136343212733,-0.12067695912963447,-0.3594170979340084,-0.5164920455396321,0.4031037084176295,-0.2753092058538757,-0.7565127292921312,-0.3183421625935258,0.5318997441223378,0.058171268813397015,-0.0005485018313886814
0,-3.6277446843399828,-3.213987814307329,3.151113161338351,-1.3211151340186953,1.2239655283336368,2.2044968803239167,0.16187148723155848,-1.5379202024539653,6.803462375951191,-5.060101182988288,-1.1038304833578785,-0.15513889327261435,-0.29071357010458476,1.9295586964790963,-0.8513204708928669,1.7616288177291,-0.27686906160672564,-0.3022958593208274,1.0231930581047952,2.4922662220689125,-1.4879939876914323,-0.30226954629450337,1.9033935169621188,-0.511639455149736,0.6548717473020497,-1.821598498068867,-1.1931279672327877,3.1645396048300367,-4.77265089853161,0.41311062400309995,1.8164623981554964,1.5186409387259097,-0.6120529391322513,-1.2741471699675646,-1.0102264637257916,0.6509231823127256,-1.2165509230005438,0.2257849836250779,1.0895154211194138,-0.0005746737764651756,0.7248401182042118,0.40392035124008835,-1.7207854132284968,0.3981588481621509,0.5201114081374363,-0.7468383849031466,-0.14326895098308975,-0.5217025944416736,0.3238984751811166,-0.6752708841973745,0.7988424558417649,-0.0676400744077174,-0.6400705516349697
0,-1.8464136190426172,1.3313288358384592,-1.2403121780599577,-2.449211724535045,4.886975597671062,4.07520139070003,-1.599930357955971,-2.726729979205384,-1.0412840773487833,0.25079287315120685,1.3297190416178126,-0.745695726743408,0.4156938935754867,-0.3695684444883945,-2.5671303650583632,-0.08236619734066226,0.9380074438814091,-2.0161476085825516,0.6437670168983604,-1.2968042891633331,1.0521718566684757,-0.39756565237745256,-0.24479551724561271,-0.21237213585681033,0.46631691865776614,-0.2936572656197104,0.7802297842157226,-1.006093461684504,0.4193156223121775,0.7828075109220333,0.16362029134561606,-0.9162438670408757,-0.7488486314727931,-0.9526193752006896,-0.6320689572868513,-0.4720502604632784,-0.04249111591788287,-0.2957534659892674,0.06565702011602391,-0.9928825091862928,1.04821850830254,0.38076759437973495,-0.7281548215379056,1.301711213918878,0.5801488472799408,0.8615694815208006,0.03628630717074305,-0.18304513976341652,-0.2520101686698637,0.1055571507758303,0.3876520070463268,-0.013016920335638739,-0.18995999715577164
1,-1.4135470410467168,4.41190557054279,-1.1855040458079356,-1.6898450984438336,2.049292649013742,1.2308611001229386,-1.6967252552725511,-0.3068783367262471,-0.4227505782362454,0.1115303962510548,0.2926554736041795,-1.6949419967474095,-0.43511512776913946,0.6141871224787465,-1.3866591506222172,-0.5601008760127869,-0.454010534159737,-0.32122496540738465,-0.23617749104342745,1.2914217959175651,-1.1874788362091446,-0.3544022677593015,-0.01068218116547202,-0.4452123211177248,-1.0608792461337389,0.6883773473516531,-0.731743190085947,-0.04849589488453012,0.08136303030270683,-0.4855991215063671,0.011323958984871218,0.03160686100838926,0.314783714581986,0.03642391024741067,0.1499419579788571,-0.41661785540927554,0.5716740212684699,-0.18633144345461158,0.38969389261253,0.40234658678823876,0.26576440229576603,0.2821123879432269,0.6206424735858371,-0.5143294406594491,-0.41642817864263143,-0.7091717078864477,-0.22694631438696827,0.18361966281486927,-0.2617509008464787,-0.3190271909132554,-0.35234222059054443,-0.25922317167696596,-0.1884714991062845
1,-2.687063816553667,1.4351590677746848,-0.8295327488505383,-0.5097078247883534,0.057967055765693845,0.13367779803882868,-0.5945723383807696,0.34545275982911616,-0.8607368733120184,-0.3277933633429378,-0.5468935152798118,0.11616305745601475,0.18222022765157941,0.2551538769992655,-0.1110504643640598,-0.18603693388970277,-0.5141349861814508,0.18494137688290876,-0.48644305242083113,1.1996913702600094,-1.1165074641635448,-0.4674398154517028,-0.2982934841159157,-0.9946987704330754,-0.29339668995936935,-0.22938016014385532,0.11316716178236477,-0.28200717350423377,0.4020516503602818,0.4093155532282097,0.402727180062305,-0.2649656044603997,-0.6604342133016509,-0.1910137736227311,-0.2013066082559358,-0.6513417586130612,0.7350402775218637,-0.06867773941098528,0.11341957621177724,0.6492033291534501,0.3871493843382139,0.12379690386203583,-0.17248341082383137,-0.14062612686167658,-0.058017475784674276,-0.7765833992104647,-0.3919331227084143,-0.02713698023873773,-0.5431750652677847,-0.1839880190815226,-0.28108388737389073,-0.09146550687547546,0.29326368039674977
1,0.5002461385568125,-3.4654051281115885,0.2324578980729088,-1.1502754850523158,-4.116618077492884,-1.8705397949802975,1.4332322996185949,-0.5892594087112137,3.230478067502463,1.9359777531044258,1.3842141676068678,-1.952594022062797,-1.4414102538936264,0.7017528640856981,-0.31127809503706144,1.404159259901609,0.7009224939696802,1.8001514712147755,0.08081440277509627,-0.8773862162615111,-0.1188680576191216,0.0969553423659142,-0.13099345936740137,-0.07580910270841648,0.8407407325072399,0.08224195032929306,1.0781354500158924,-0.01865654970249198,0.6256097986216028,0.5349195637206483,-0.003136340962322233,0.6377635152680554,-0.2573453416822304,0.20381842904961334,0.814826985904916,-0.7782241961520595,-0.11961264592908266,-0.7610076501635326,0.08890042160839971,0.06628797806978219,0.6006016350839477,-0.1752581668689139,0.3384336871268821,0.10168007367023632,-0.22258459058887295,-0.22910977802753,0.5504125488287497,-1.018854123926687,0.2052156831514718,-0.2479326253869519,0.18220513887242606,-0.5307749851063063,-0.3057348123808548
2,-3.5314522659149863,0.2764195269607875,-0.7091516461846128,1.8262430277905743,-1.3972950262803219,-1.0548450723908152,1.9308571897682236,2.8524840961122084,-0.26399406959828464,0.8192686504504154,-0.951292122181982,-0.5798864065879393,-0.4235042824545664,-0.6679856433225162,-0.6921715585727272,-0.16470525896669638,-0.7712290683863036,-0.43700684119993305,-0.2544999197888154,1.553309671811339,-0.24501545120502652,0.0665738063194807,-0.06492473506154427,0.4141809115987392,-0.5560079681595482,-0.4518007865004511,-0.9473223734348911,-0.4040711000082869,-0.28870015478411803,0.35743718426544346,-0.5937092440859203,0.0346998962983582,0.32756222815830804,0.07435284598846068,0.16805540372776948,-0.23340687372878535,0.26398050426976316,-0.8253544304670392,-0.27559776078957104,0.003441557270361479,0.21058305662013396,0.04685758758174924,-0.5490529045070357,-0.23691485175106025,0.03843820472344654,-0.11750895191502272,-0.23045189749290437,0.4635026130055446,-0.11970129204905422,0.22672117291349791,0.11234409966369148,0.2308054290912384,0.32430748454908076
0,-3.893168070320165,-1.2280094941878177,-0.17554879995747574,0.28160187235593265,-0.29681163872063954,-0.19141607896569116,0.3122544454743483,1.3121235808195666,-1.2557822812611747,-0.9243039445360068,-0.8620260322125635,0.015451895596983855,-1.5309028782337375,-0.05447987637288587,-1.18510626256136,-0.4077450542728946,0.5359042363365676,0.37087099992290595,-0.5560982318271536,-0.07616538064718933,-0.2970649674866197,0.025304086239635263,0.28417483439593777,-0.26765813916955267,-0.21707264951941635,1.039332610536546,0.5149421972580512,0.66814819267771,-0.39457366815548484,-0.6916969067608396,-0.25469076989596257,0.3219725397694467,0.7708280523838487,-0.2793819754921984,-0.6639161536020718,0.15881929966361688,-0.010573984224755048,0.3104415850730239,-0.15178514605236615,-0.013197153886918448,0.36912166516152933,-0.028277851987353612,0.47398977310992846,0.49784846629372037,-0.29571217824386026,0.1427120761911068,0.256569418926743,0.08077765484486066,0.5541426051116505,0.8670814641170723,-0.2332194942694375,-0.4304127205022251,-0.046801351870344815
0,-5.850897969946069,-3.4129845725830057,1.1555874570570357,-2.2594818025449874,1.892790014742084,1.8811562492981693,-1.798617053716908,-1.0094237341917094,1.7981903289968604,-4.360026725336727,-1.0495246676442607,-0.006568936073055815,-2.3803990454141237,0.7040929251864599,-3.0158324550260542,-0.1148109062618833,-1.0555439703558152,1.5737506526968694,1.329320752050214,1.2478922729246587,1.1121219912180764,0.1391128764873988,0.49347557605036635,-0.27930831892045527,1.0895561571182406,0.7829477910090176,0.12202978633458383,-0.22452444471269473,1.408570092529682,0.9474636509964871,-0.11575284202980221,0.8121130495116706,1.7798338321558649,1.0522067837204485,-1.9597577526018812,0.15652743420600357,-0.5749273515336575,0.5012986403575894,0.857117387467222,-0.04681895087691224,0.5973954336316482,-0.08060789582073512,-0.5294656667710705,0.30435490874292903,-0.5242112814968679,-0.02412115043599902,0.5328141164906363,0.04288230384538516,-0.8022403184208569,0.05524851143371903,-0.1710508364823313,0.8758774067453367,0.9648509487693495
2,-0.6151938798137794,-5.608487656190009,0.6912310880502098,-0.013472889378930134,-1.959410756232124,-0.23737702434306276,-0.7445193339287189,-3.0139621018102627,2.4033035566410184,-1.2214095013556543,-1.4812010882630464,-2.8295151822445948,2.3137892524240913,-0.8291079419333786,-1.0362836923270347,-0.26120986753830494,0.017847020397747382,0.5197186961395875,0.26710146445465904,-1.817558047224905,-1.2509649814164903,-2.3603081835788116,0.7791751798858502,-0.13408463714438618,1.7488853560426032,0.31485514735929504,-0.8911045353606221,-2.271017114304096,-0.075012388121795,0.1532461878874472,-0.15148413078646147,-0.008498657354942185,0.8088750592875332,-0.4906070014136929,0.6119163868221169,0.5939832753854194,-0.07115992475943739,-0.07517219418863863,-0.3879965767858947,-0.32393932638114814,-0.5989802441977368,-0.45277953050990805,-0.1942156041537956,-1.1984001827191477,0.1127395490395095,-0.09613277549624015,-0.35436457735397203,-0.1580161446218389,-0.20784756916947955,0.9147899981790918,0.12452646493104615,0.05299251517825047,0.08707858579554106
2,-1.0195286902144347,6.727047968988771,-2.5212734924951463,0.30457872339451464,2.104569076266133,1.7160696097067738,0.7275517377663495,3.725092558983711,0.4609488359331639,1.6741965927923046,1.2938640857160284,-3.6682176993490416,-3.3863550801046896,0.05553383351827738,-0.7188502809690679,-1.1772538470816167,-0.8441712655859315,1.830109757465417,-0.3695754203277973,-0.10565000254718365,1.228426438351,-1.7402857259575548,-0.8237719335271508,0.2555121885797035,1.7428089337304695,-0.6146674960994577,0.34154787780732315,-0.3254906487214464,-1.1807446664402728,-0.43002979461258733,-0.8397909036048214,-1.0695320152634344,0.02589021303649543,-0.8186365863251186,-0.11392592448007673,-0.5964347742565519,1.060915111344022,-1.020833522110486,1.4160184122254464,0.02454345437636773,-0.3718419939832848,-1.4464151499483848,0.7044342756766834,0.0783092928571831,1.2082696869824705,0.015967989306094808,0.7687878699714695,-0.8196605073400112,1.2038117335912326,-1.0501787418096156,-0.18778780998082897,0.811028459833861,0.5414262267460307
1,-5.5607809127421755,-5.000256639261806,0.012136593097425548,0.09331301937348395,-0.557146297301247,0.6541562741121844,-0.029713454177930095,0.07915080298925539,0.4098692314051167,-0.9606523122347688,-0.3605446567797791,-0.0852857110053167,-0.31089650901841726,-0.022183541156654343,0.18616905523514415,0.05217762569778,0.084880049931402,0.748779227248546,0.10539317751692547,-0.9015582111098933,0.41155005959734625,-1.0769496152546012,0.2912994539320335,0.048000202406696335,-0.2885121542729677,-0.11318482505224006,-0.25994115266821866,-0.6501934853694389,-0.0609640674355283,-1.1586745000405327,0.31678590097666093,0.1451567599046795,0.10667638948134585,-0.19179546055488472,-0.22498194009606864,0.2180024259203335,0.6308570210924709,-0.3861105055505243,-0.19614902932221953,-0.23636545510013446,0.37368547265040236,0.14696515938478943,0.19081992185181815,-0.5021921404844889,0.06622019833604859,-0.48348249288627426,0.3908439392304096,-0.4440158092419546,-0.21370424918322772,-0.19117116429471148,0.04482428069984039,-0.09563964288015932,0.1690031820530855
0,-4.05092347358991,-1.5478671696787436,0.019086427084373078,0.07270669345669982,-0.4059327996422759,-1.7897634249845502,-1.804629127954923,-0.8975022921224423,-1.8173270267711945,-1.4328684595242673,-0.47486667679936573,0.4522963780285593,-1.037107533547715,0.24984957216021283,1.5136990452367738,-0.5813431617408068,0.907390935796933,0.33215746838153165,0.7372550686157466,-0.6013482020316674,0.24407150637516345,-0.7979287764659984,0.2816428146212875,0.2637932198851173,-0.3399837095365004,0.8161620651977977,0.32590476241687033,0.8816886857458426,0.14869306312474606,0.04953103397566939,0.6507989352137822,-0.17817280046350956,-0.5335545889175201,0.7383714032736345,-0.14042973943557824,0.35094983846249,0.5895029055335069,0.9831416894069035,0.9394003888974647,-0.048397239844300916,-0.19688849711773726,-0.7365344273719563,0.1540512770664664,0.7841603154385454,0.13144338041648146,-0.16605660586964657,0.1813307032020043,0.07909918599489466,0.14916762701150774,0.3489604271180759,-0.3064928219437839,-0.08889277095297006,-0.22598585461628173
2,1.2954883560749584,7.46175147619436,-3.415566384147617,1.2095258544063332,0.8248400914767507,-0.5266790843734055,2.583729893562167,1.2377648064090425,-1.159201258879805,1.1481851429314427,2.6051300250756744,-0.7370644192380441,1.6801504840695658,-1.232434184130835,2.2199804983421156,0.4629407948027749,-2.987549888540247,0.5683772606878742,0.9693302439320729,1.0253219069205308,-1.6656536395417294,-1.362348783217681,1.6082755057940858,1.224916641784767,1.2587749302661648,1.3003949940087762,0.05430020352277276,-1.1501465507262365,-0.25971166162115694,-1.0902056307835266,2.2753577281721293,-1.5580505036941832,0.5184881504907247,-1.1792677013237953,0.5706530904901111,0.20646055610209363,-1.7152824331041177,-0.2512466303389313,-0.7005066003067797,-0.008940587851012547,0.456892909630417,0.21646887238394982,-0.22573129091391816,-0.3160762903604902,1.0373142776155482,-0.016064306268242536,0.9520768269144009,-0.3877091988031861,0.7025966654573088,0.5241633961997473,-0.8556347468264363,-0.48079966224302423,0.8314024785212808
1,-1.37247060843005,-3.3005020730902808,-1.0466592630354905,-1.0177189720831135,0.2821324609348137,-0.5118614397208769,0.8683841206250157,-0.5351653515581419,0.7339963919527452,2.973029904032185,1.411400131987807,-0.36623129652041875,1.9144699712032696,-0.3212583337656381,0.3287071068076802,1.5457904457651361,-2.0386604265004378,-1.2276567306652846,0.9237887238967306,-0.5840901759325143,0.055146748143938586,1.6263909972766175,0.0880270875203526,-0.22263346905484824,-0.2790447468452303,0.707016441559767,-1.357838949382219,0.2376717148815286,-0.07900316711645011,-0.7124505301883298,-0.06441666219188151,0.018217457950831555,-0.020881766466769605,0.40721374338267113,0.2187112591418511,0.24492713757006448,-0.5389415912302125,-0.17540588439189292,0.029181257211501492,-1.5073994263664452,-0.7651186869036252,0.15583580374824432,-0.06667088281051184,-0.6586280066499226,0.1896176886718335,-0.09680272752986588,-0.06121863238413166,0.07439120371548659,-0.47652754020395693,-0.5572355574726715,-0.26974351096601723,-0.05329445936759065,-0.7003837733373987
1,-3.0572050923951695,-5.742005651500991,0.004871873500632157,-0.3292614794285292,-2.8108262174559298,-2.338947054706027,0.6572180801490057,-0.5411998904469769,0.2843658646092374,0.19095815342173963,-0.05828652233157099,-0.16165257162587843,0.5033316335704969,-0.9047190847989326,-0.06453988816262612,-0.021104962547335814,0.024536806065592203,0.1320206320825922,0.6181438768475743,0.5590965426675155,0.9697199333359131,0.11555192215472812,0.35081550806911693,-0.4759465806353917,-0.03024619228324852,-0.4745158590354971,0.0023296177453009654,-0.48825567977494017,0.546393244580905,-0.306036479327235,0.47044798125696696,-0.354501920081731,-0.4425666009693159,0.15785369306079935,0.1493403585074897,0.09044038667449901,-0.2471304869417416,-0.15696643657710782,0.323772836096599,-0.6304246597894728,-0.7256128364272096,-0.14704087114455458,0.3164650165534368,-0.318962655419093,0.48301884072585155,0.01992867072792802,-0.5653237248383814,0.26359407547569524,0.009274070067035916,-0.45147070403990663,-0.4166990688376209,0.03648929380722646,-0.44766559252129395
1,-0.6610744315131556,-0.28992043754215935,-1.2614686445424297,1.1364695099037843,-0.809859635182043,1.6717808336142264,-0.39671631022282533,0.4763872877083038,1.1084330859471752,0.9469872130263169,0.8480541628628671,-1.292507491427824,-0.35780969941657575,0.16126805339894515,0.8044400873224403,-0.28882901504277647,0.3632399886647972,-0.022278080291287507,-0.28156517141419374,0.4626948100797998,-0.15828302011135942,-0.28236776028372707,-0.08150283684379622,-0.04903187725918871,1.3099798938183498,-0.2709243583871889,0.8841553903813911,-0.009799325260082196,-0.796150496978243,-0.021941697306089313,-0.40017620712429613,-0.7586542245448439,1.055785158534265,0.6432411660026087,-0.49610448556903775,-0.03127953056544989,0.13917260782349744,-1.9411568581267489,0.4333118471284974,-0.12962606725041934,-0.5391789789578415,-0.0015914312426045542,0.5611489637325011,-0.15491282484782407,-1.0987832221494318,0.8377422304121578,-0.03309596915355768,-0.35531812569379123,0.19705758031231577,-0.19728078120039902,0.17784129207204952,-0.7746496121133615,-0.11401799988096935
2,1.8042368285044454,1.5028551605112628,0.7740869691551211,2.6859869167877504,-1.602384971031338,-3.283426932302949,-1.4350288445150456,-0.0037584817419308277,-1.6207238099144146,2.9116915457670736,-3.099182496053269,-0.9114114250206405,-0.9479880298094931,-0.38356133516043334,1.9614484697338828,-0.3960778452878637,-2.0699224438622035,0.9647613054844589,-0.13000817232617812,-2.5977804976966405,0.9446952797131914,-0.6578308500917147,-2.3640730680227486,-1.0964789314119077,-0.5058686867284113,-1.9977058400083227,1.0571731501767976,0.2356783394925432,-1.027997169077428,1.9310556219662787,-0.6620302480849137,1.3613157407062393,1.4478035862132204,-1.3046130943928975,-0.0047952304710551915,-0.8316076331306543,-0.4348399781565496,0.6128506445519378,1.225428751184062,-1.3773792078375753,-0.6404988398417466,0.427277929822909,-1.335127340476248,0.2900035783724619,-0.8590150515260162,1.5805086317202408,-0.6103563842699308,0.37249861144800794,-0.2636235792668035,0.30152907455477335,-0.09834774838991305,-0.32900618618893024,0.42577724687626245
0,-5.3130546713269675,-0.3284813599867611,-0.2413754504272109,-1.6758835347982466,1.9518420185870529,2.2971171962597317,-2.107269422000527,-1.4544373409679956,-1.129346053092469,-0.9988009419812608,-0.5209227755777879,2.575041212919368,2.047884099266541,0.7497631719869775,2.280270427952527,-0.4697370647401377,-1.5804404441361144,1.1422099133850667,-1.2619492027054058,0.20884418245168665,-0.3027143796552281,-1.9189751722511406,-0.9882510027040426,-1.4212500032798012,0.19787408027730488,-0.14815017062843602,0.21269958800703465,-0.5471682739644849,1.6801350527176515,0.6220505998680596,-0.9315646646145657,0.10456675022350086,-0.5196278272699376,0.22677896364155803,-0.17323647493756728,0.31409598653514675,-0.3619598029090579,-0.35041914071881264,0.5320146065737724,0.2907204994571479,-0.2384169371426455,-0.015884109990896966,-1.0784242461460563,-0.5461059611415408,-0.8261745115424401,-0.27906337315420515,0.6370583947397401,0.06896107484076318,0.27395167832512696,-0.4283033260221819,-0.14833384388875143,0.5006096442677379,-0.29306846858851515
1,-1.934875517559292,2.5561019050811957,-0.2321754522436625,-0.7568161574178911,-0.65964729358697,-2.1417738379312734,-2.0858752240691496,0.3284537113604549,-0.4845584479471082,0.3273781708793246,-0.617107892796582,-0.8968116854253169,-3.1010961782390654,1.957142484477039,2.1509914869590228,1.6289877948888345,2.064922932606237,0.09220723394950958,1.8579259240972312,0.13454966254917647,0.11444531460039939,1.5959856716549639,-1.5580320008724353,0.8529212086400209,0.9230030695518928,0.9261318018038844,-0.5581044360568564,1.597523259593406,0.3456543415227149,-0.5168888159278942,-0.13906057873117766,1.4318532407661502,0.3544465528742365,0.09529852062967431,0.2996481698001953,-0.18974006441841743,0.34407297984105284,-0.6291462132381076,-0.830710458933754,0.03877575522568142,-1.288052854098531,-0.6525034053208447,-0.31241777031013795,0.3105247251263151,-0.02783287392409823,-0.11085929224428864,0.04305710097463742,0.2932651735161939,-0.21757987652791655,0.8233011319139547,0.25721690564031136,-0.3434971142838379,-0.6132212132172228
1,-4.452222905539115,1.2619200949980465,-0.4382794022731137,-1.1228191646046974,1.5915987937499856,1.5971929797041848,-0.06191552723803226,0.6095302855044084,-0.9566471186876785,0.8146709870964163,-0.8023740505741259,0.6834996511811694,1.3360375010017993,-0.20918111815921325,-0.802480108394678,-0.4730302695378939,0.108022432537035,-0.7695886009193249,-0.5011594356333067,1.7176186686267498,-0.17406761559997191,0.2055217592467141,-1.063247007759794,0.5351635409855424,-0.6454929984205433,0.889085464824555,-1.3821954556305838,0.8242280772676875,0.00393855651978975,-0.1726587073723791,-1.1700947280554974,0.07523252595662729,-0.22342946450096093,-0.3115993679223512,0.7565915556892764,0.44076269780720206,-0.7147810242362513,-1.0179384130179507,0.05606415575103858,0.3713425756816966,0.5066055150463186,-0.8938407592085899,-0.2893159215904739,-0.22717375473146129,-0.4521738511234672,0.5009912754343611,-0.20526918650466153,0.014370562172432436,0.24138089700987295,-0.7598049773134254,0.29878941599890296,0.1501965760305921,-0.17496348167584258
1,-0.31758035636376664,-3.0086834768663553,0.3907966199639363,0.12936766010314876,-1.995311511931531,-1.336535136332824,0.5592668308349199,-2.1656411329982883,0.40808253865297506,-1.5042735712982094,0.7000958721484783,-1.1125442552320237,0.2352383152267809,-0.5380524828240019,0.3315037426596745,-0.6374546907396665,0.21996878527125707,-0.6322680954087827,0.8156879571859017,0.08691278434100444,-1.0538240470787672,0.038427675496648224,-0.052925185398700655,-0.08717042557000057,-0.36595162265852355,0.09552551952155361,0.3447260517085184,-0.6186908396218145,0.10583895764978635,0.6186300649690785,-0.009465147144949173,-0.17567140874608625,-0.6229099867993803,0.760563956092661,0.6609407393856209,0.3761567531386085,0.037301588366238196,-0.10831366583476379,0.4351224224123056,-0.06259779435869756,-0.3751836263482307,0.5735212621714588,0.09946044418807992,-0.29579492472542795,0.4907367534147713,-0.1974057605450078,0.05161333309769006,0.46152878574104833,-0.09961687741651516,-0.14246541401500235,-0.1239912644434666,0.1437668314994833,-0.004179135348544278
0,2.0117638600162717,-2.7551076745971113,-2.3611441940984537,-3.1353809818159255,-5.085366545474668,3.858906885123941,0.1138982112656687,-3.6420768737177376,-1.412022440932337,-1.4515263936313794,-2.6900177215815777,0.354727806395971,1.0780660041252506,1.832380313770259,-1.6563137571173554,-0.15354936224437601,-0.6620864500013984,2.373085069317882,0.07520903812957176,0.7903811468867603,3.247673768631763,0.7113375364353297,-0.4726525225421216,-2.182425413139025,-0.7632689456443349,-0.5460322621016316,-0.8423246380559821,-1.20347434756638,-0.24494925354718441,-0.026524060672199413,-0.6703275518753279,0.9465706107963558,-0.6746057202574895,0.2200404778352399,0.5380150845238049,-0.9577597517841312,0.03251451931017387,0.83185887405135,-0.4026074634117717,0.1242053908916273,-0.2115826069456598,-0.13509740800429892,0.010567522434221347,0.6116092430105872,-0.13170406392523512,0.3684665608184609,1.577040190114197,0.4395425915614942,0.5417039695477818,-0.27473103070455,-0.8615234256365071,-0.5950136845569345,-0.3000850782283566
0,-3.435768161533152,1.2639651008816906,-1.0545439605979074,0.41220744613982563,-1.0184069227512917,-1.224484668370278,-0.12220574685487916,0.8168457283827621,-1.2356635540706562,-0.1850354930956897,-0.2556269211821526,-0.7668900436684994,-0.6385999132318517,-0.11809194233036746,-0.46401518787913376,-0.6109365643477227,-0.23109100248922587,-0.1852322906809945,0.8588397134832915,0.9305887078980482,0.7053242915123791,0.0693788552525694,0.8774167197531159,1.0609753858823558,-0.2674534259285336,-2.05412250075494,-0.5333052966481364,-0.12565848454513934,-0.5270753202275371,-0.332647144245025,0.4119193037863144,0.868906919559438,0.5527858894043649,-0.3321173600801871,0.4526493035630945,-0.357270492046345,0.27363567623387897,-0.38192242648077174,-0.6783658638398802,0.5068252471286167,-0.1210580038123678,-0.14848781561818802,0.07203146101609538,1.0988677482028668,0.32303860088408765,-0.7446610662345043,-0.13070672194494165,0.19788408110915962,-0.6583408193910895,0.20125156520287346,0.29771014200173684,0.11934667359742851,0.02743913450375319
0,-3.714695333490658,2.851336733085516,-0.5105683748600462,-0.7490483510576104,2.8920644718705577,3.1678405208673284,1.7493087316328821,2.740675524657946,-0.04583503229523683,-0.3948726944499799,-0.2116690454175972,0.9893659413473512,-1.9969668151992366,-1.294030013951193,-2.0768259228044315,0.47529902621415465,1.626301424218232,-0.36157536676279944,-0.7339793459386832,-1.2574560568410365,0.7234585361230762,1.0939754157455333,0.19239980671715487,-1.6291938004055835,0.15841137735499036,-1.5699951476785203,1.6534828061962612,1.1414427628617543,0.8111515903816015,0.7078288981794615,0.26093212214900713,-1.227144543323254,-1.1108398330975235,-0.551292652471507,-0.4241928864049235,1.0220078601098497,-1.705741573149379,-0.4321546636966839,0.07111314411255648,-0.18824933501464994,-0.5921161391288576,-0.14655037366213988,-0.09146163273847673,0.053310018359861315,-0.6934004969313474,-0.4851941826106773,-1.386605404879489,0.7716403466401199,-0.5105003319590711,-0.24178735739901352,0.04857425375204241,-0.009988296536021284,-0.09505669216170322
1,-6.3519351155324735,-4.391465803128315,0.09378218963813295,0.5288554130403488,-0.7536505685313248,-0.49720312154942053,-0.11539757895415499,0.4090487965582656,-0.990388278930277,-2.131199864040232,-1.5473511639686246,0.8608633826042107,-1.146361326906051,-0.5981343993375114,-0.7424624515657914,-0.7023106528959993,1.2660025916482318,0.2785182128883703,0.5040630437998788,-0.7891097772854342,0.5810114301190297,-0.3396238318876333,0.026910462058787304,0.10985360145778184,-0.32160446576026736,0.9442331624002543,0.4599110389901966,-0.3530362470128672,-0.4863084023907112,-0.8689158360443392,0.5767396207396112,-0.5915168601934764,-0.670816425282437,-0.9992810867797701,-0.5555258924439848,-0.28903378003551106,0.15075345385462588,-0.11133853379126209,-0.618590070411273,-0.31821223771032764,-0.7618083302658921,0.005377016343007329,0.32033843986525895,-0.22961790216630928,-0.24157825690448526,0.14681491264002058,0.02645168641039597,0.5268775172447854,0.05201759656491928,0.19501944479602162,0.26598143293160337,0.612392233070466,0.47028190718570445
1,8.16917413564001,-0.4666558025607953,3.415439497763871,-0.25922814870480143,6.490974751641819,5.165137296127357,3.7144765271981446,0.44107680225512724,4.749254391527243,0.05040805778120521,-1.293781824320618,-2.2298583122432363,0.7552726477397688,-0.3715560763264051,1.7492702248821252,-0.44691392726284657,2.3673921862304472,0.6043672147180523,-0.03393729481357365,-1.1547731293584012,-0.692417892098547,-0.044356823463194674,-0.8214290954007109,-0.9920665065227592,0.7094659985958955,-1.8603750745520167,-0.2052300579001688,0.7014886273932229,0.16374234921058659,-0.013144793365566051,1.996973028580967,1.37347202196942,-1.9129319087564338,0.6710859289560288,-1.0921099639137684,0.2753376986512929,-0.40223801823974253,0.16320565699947565,-1.6012066779742269,0.32812843112926665,0.060746668962142744,-0.1690768128085667,1.2712429593439536,-1.5348842914372893,-0.2209854431776744,0.9091474991855786,-0.3028690338874368,0.0806696853463155,0.12397069540911622,1.0968330580021837,0.35401904716440574,0.23149304281033078,0.634236129483439
0,-0.6035112416592665,5.514008410741344,-2.7457906669273586,1.5651360763634963,0.9869368364404366,-2.161524615651621,2.0568889516328848,1.264809567728015,-2.444467357550456,-1.6776199646636598,1.0723488891762976,3.2225342125324716,-0.47064755821060045,-0.14732354476548026,1.9800253537927963,-1.2277964990262387,2.629202855404808,-2.03630659504825,0.050881517694575745,-0.4071754916044577,1.0804204701751763,1.8921972218694065,-0.0778903086408271,-1.9478084696079832,0.7765284078719361,-1.0893591931561812,-0.7783366323011257,-0.2963338481965714,-1.4986392526536587,-0.6793514686890986,-0.8792580221481081,-0.33026351014651656,0.8373945879573432,0.46850572219133574,-0.45592447734331903,1.0911512443408393,1.3902099808351795,-0.73290932097045,-0.6413555916492497,-0.26827844130340683,0.1975853886192661,0.5580489570712327,-0.09629241228693838,-0.08886526622318837,0.394772670219362,-0.8988181642667664,0.4489703001756146,0.0026718213368053995,0.3735408116351202,-0.2800693935371697,0.6914157481859791,0.44642693150313234,-0.2195192894730036
2,9.40792131985472,-0.5218752346653,17.56883632119067,-2.9049307206107704,-1.0351774297317013,-0.6833169176898949,1.2014825385837065,3.1380762077338735,-0.5552400869719823,1.8207170336043235,5.529286643782799,3.9341060032394823,-1.959669168968542,4.056200568720285,-3.1366067898264762,-6.394923762565524,-2.810337429263498,1.2854383886403298,1.8938051729930265,-3.295846740071011,-2.78738106707218,0.002359396831526931,-5.073333619711474,1.0677220773294671,-0.497284006512846,-0.6900444862570897,-0.8314095659745085,-0.7280006144785357,0.058231999475040666,-1.3506938586275365,1.919390754289587,1.3897745517636633,0.22264421734897127,1.4693658403704202,-0.8213777687418233,-0.11955839412101255,-0.5595725923337848,0.4164797372350725,-0.9141656938027924,0.00478398762728897,0.0916930882780283,0.239687806383606,-0.08020077215445738,0.3206563849356035,0.0826981379290655,-0.6769121676798272,-0.3941324824480929,0.16335840996116013,0.4579443747324731,-0.6099593681899281,0.02963817117861521,-0.34631997912658186,-0.21758775980212744
1,-0.39190790036064815,0.9815442599417724,-0.826286918010477,-0.8208445758730804,-1.0307440414383726,-0.04632024648232153,2.0244802196161173,0.5036197559238679,1.3414476635065806,2.7523029288655314,2.0223540444782158,-0.9558804152257752,0.9300803150977728,-0.7700142080717207,-1.9778466911931372,0.5827959640324356,-0.5522130558044781,-1.2751425725097338,0.9155884260414794,-0.206915606458124,-0.45455124140659686,0.7183663215758568,0.3077088387427342,-0.03876708039410324,-0.36413009509071625,-1.101061927254335,0.21413136946664943,0.24637835365752433,-0.727488528792317,0.5505250852675407,0.46116191881932544,-0.2619817071468359,-0.22018717600641458,0.22279278133568006,0.05932191837109457,-0.5591710959551155,0.5929571051319763,-0.4293882811379558,-0.20329169432384572,-0.7377976528244853,-0.8378881947578919,-0.40598232413140256,-0.18492615554076952,0.615549011587327,-0.49844602146095374,-0.06358739837603332,0.23961326469054822,-0.11123288555968278,-0.4978318427879708,0.2200716204475558,-0.2825828328091631,-0.04063536963361551,-0.11542882030547921
1,5.241519845891454,-5.4713126018074085,-1.8456624797348542,5.891049865197015,-13.108541623103164,11.709172726455224,-5.154293714370286,0.29336218596403696,0.8731454286597005,-1.0878891061381202,9.96499679492852,1.7478668272431346,-2.233483856266365,-0.3273960996262055,3.168010514388086,0.9114830681752826,1.9583497379275556,-0.11114159307265087,-2.882702011288765,0.8341734648090636,0.5260010329375209,1.5330092964168909,-0.12963968603100334,-0.09301889511007468,-0.6973996430545627,-0.49483615529246244,-2.31922473373838,-2.289380660335494,-0.8196968425526387,0.45661361135085665,0.41057307393167486,0.44341636658922146,0.9515446962060802,-0.6919052181712225,-1.295107419781696,-0.7478213759162445,-1.4758435452360916,0.4086840100147024,1.387158711221306,0.23400397355997377,0.14362241892704236,-0.8613861451352295,0.8408240395285209,-0.08545124340851573,-0.6071443815785967,0.18892871520465834,-0.22278642288155145,0.03542697702219173,-0.8562103806635815,0.8120606974471286,-0.2367573585034196,0.4295864449603321,-0.09990118894865622
0,-2.334717222339485,1.102082452975978,0.6883089870059806,-0.6991847573992547,-1.3368921115597363,-0.8388204672481157,-1.300292171885895,1.9442404736926275,-0.9889374634402776,1.8855569971082737,-1.1174507836753889,-0.7190127212186923,-0.46567422288569776,0.19526310694749602,-0.1651099791498802,1.0214499998719764,0.5782143817022889,1.0980119894607956,-0.4807118897373194,0.6314353498060686,-0.5632707319496679,1.2979362130639303,0.45699998627276717,0.395385002165467,0.293022833114731,0.04541946370695053,-0.11039205773150128,-0.052679240310145425,-0.3551512872275947,-0.02420068184563158,0.023520336332667778,-0.3952790222535719,0.04789106188109955,0.3337284839662814,0.2784907909501281,-0.4577306349303413,0.5378447721614916,0.17331218317698863,-0.5781152267316786,0.9143586216031507,0.011014927355889293,0.04024307727001731,0.751444612708981,-0.018916635182836854,-0.28581278359974055,-0.7980032516080529,0.009522809928613981,0.49525616260065225,-0.47290968026954405,-0.7841512412559662,-0.5885028427029843,0.4773883836268082,-0.49470532632765596
1,-3.1761233644812537,-0.6769491371400358,-0.4114308031205599,-0.24591170892574618,-0.6329039502752063,0.8155413302254408,-2.0468069112114287,-0.20034255188001876,-0.08317402681175055,0.740713187273521,0.29274328799571464,-0.5668445712431254,-1.8653034390752454,0.6788527761183144,1.004972628833024,0.46000104015908405,0.534834281615264,-0.8393821176865723,0.6295053350916736,0.29466775945426255,-1.214662675611222,0.891099563290022,-0.19411872982625353,0.6978438879476061,-0.48389698322198543,0.1857548248803126,0.5867713080116918,0.6991906558544306,-0.17158287884397988,-0.23743415157244488,-0.360343774637251,-0.7094051136745254,-0.8496168334325868,-0.29505259267859196,-0.09266537139562388,-0.08298853507952914,-0.22508886575370204,-1.0113909451069691,-1.6178577337298221,-0.4106659616322012,-0.29118602325119336,0.059432776291409556,-0.4114814424595457,0.22343114699594727,-0.847386271775283,-0.12302032131734476,-0.4012666474847588,-0.13970327656610396,-0.8194512702893413,-0.45773783874691104,-0.03423415206657973,-0.07706126239493713,0.4487573194215537
1,-4.632543755022329,-3.860839132048188,-0.4726032693767568,0.2855661657255999,-1.414088720027777,-0.24280869945174682,-1.3983269956986122,-0.05758911354306864,-0.1583015235933305,-0.23759494229458636,-0.820703345864982,-0.9264500660690004,0.5545714340481787,-0.14059030604618925,0.6201553612430649,0.1594457578773998,-0.6652018941692566,1.2240105290409766,0.1963947743119891,-0.9253664580209208,-0.8704506265412885,-0.5729107056836289,-0.33768989105105174,0.470003121537086,-0.05053170690716607,-0.028408880623420056,-0.6442021816923483,-0.4317819363159299,-0.36547747940735903,1.1994784484568852,-0.052548239743014924,-1.328622682067062,0.046689672277904624,0.4132627279865164,-0.29305514762899154,-0.6106492590516329,0.8589844258313604,0.1697704171878008,0.09042681605435854,0.5683880907237876,-0.11674447551634862,0.26898796246222895,-0.37580224249545524,-0.4548687915271082,-0.021215708803444824,0.44841153430649877,-0.30737523594020644,0.057486505517990026,0.10027881783243954,-0.31523965789961284,-0.12121940192383737,0.3748131828359276,-0.06418783302681776
0,-3.3004885747875083,1.0394700895061761,-0.5064971454182484,-0.11305226458697286,0.7037940831127223,0.18777294743439607,-1.196075701706391,-1.0796532670824865,-1.6759560820767887,-0.8625390826875695,-0.8329512462541041,1.2485983513362173,0.03471896765058125,0.4088515410799141,1.7571104016717252,-0.813499933792336,-0.39546934811916296,-0.12261808512196067,-0.41982219084102373,0.6292265268161991,-0.07668253961577015,-0.9788950040093565,-0.8403897499559151,-0.7645866183800298,-0.5680822815373837,0.3845132624860614,0.34031547183388805,-0.2614231831131147,0.7595632887745131,-0.5618298715218064,-0.14359770319764123,0.8993827636132778,-0.8776050916637625,-0.28621942931935607,0.0010279165431723572,0.5702096912977915,-0.487741562153989,-0.7445895376960396,0.4293695301372497,-0.9276709239000084,0.17220886529583193,-0.39731783530105735,0.3253379649345457,-0.24446246032066574,0.13236323568848332,0.35070527086582354,0.6662897120324837,0.17858243086934134,0.24545612342433065,0.04425366816031109,-0.06761142790660493,0.20547993781821586,-0.5766653276672044
2,-3.1891912737202404,-2.5691367456489616,-0.11704905782708651,0.6480556451535379,-1.458746271159441,-0.47196214593774916,0.8084156825600688,0.5997756080186843,0.910751535213297,1.165884755553634,0.32267229228009553,-2.3369015149043704,-0.17466620472839756,-0.47638144077766137,0.03235539351929999,0.7055331557404032,0.3300804597834609,-0.10858188650422596,0.6515856314561683,-1.1170949710451252,-0.1505788792827377,-0.024636028524092846,0.11721840492601616,0.2603019114194416,-0.02878803438143565,-0.49912187609856196,0.043833476220808874,-0.18461065388910083,-0.3414413294412314,0.6398075127138441,-0.05378680520039675,-0.9837659318562019,0.08028533944476243,0.758212384418485,0.5411104494966265,-0.3562788457021116,0.49076174638132086,-0.22841893345895756,0.0036728079907387776,-0.6064683432406699,0.173375352588487,0.1508524152683712,-0.13631756312372595,0.4697186474786935,-0.2180611876914789,-0.5868520601889836,-0.6520492488630609,-0.03533037420249949,0.03463128715779609,0.10201906365191075,0.6002439162062151,0.11558330403820985,-0.174903615524264
2,-2.914872387660101,1.9512636490981925,-0.4471175882759625,0.8562989684937548,0.44698493793549243,1.1435224118498228,0.27114256927146335,-1.615272780097119,-0.46786133008773007,-0.7665625640200323,0.4861533316970609,-0.9780740090766957,3.3261858896352527,-1.624720884806429,-0.9613678193026194,-1.3422449435701007,-0.6189372870453489,-0.9122942309695509,0.3572649862939942,-0.7599370457772705,-0.7055770089778867,0.25699952488542616,-0.7890474744900684,0.4987200403757304,-1.0559291052190016,-0.09219853645547206,0.044371620029264675,-1.024636359368935,-0.4219737325709149,0.24985336397950966,-1.0010527571038008,0.4876044520294805,-0.4851090892055991,0.4990585875244803,0.274355892721946,1.4701923452741208,-0.6624726914210975,-0.6400979692302255,0.538942683638021,0.5779678719351942,0.17892830574444174,0.026028452036276156,0.25135304792265056,0.2314110730598248,-0.41775245358463287,1.1769564140402649,0.5090228180417105,-0.6900572184324719,-0.0032988985388713943,-0.088475385923613,0.12609533136933979,-0.6552741751106782,-0.4549515344470144
0,-4.633465557209878,-2.9110838217201103,-0.23232390933962987,-0.9126193965282487,0.680113604700145,3.128102395025512,1.5419846927877525,1.2417001973785218,2.3114249585816435,0.8939805577466866,1.2730636622455604,-2.021913140208039,1.511615136121554,-1.012800041936024,-2.272428112498524,0.691851756874749,-1.8458099845406997,-0.09273915918872705,-0.20296901016717603,-0.6374512114880828,1.2495925016765494,0.014847344176750696,0.16504465967691292,-0.7322718692774086,1.2011454286521335,-0.783234793360124,-0.2637102392700821,-0.4882879405233815,1.0487951533985276,-0.44732608017043124,-1.0821393013645226,-0.02396941834206231,1.0604758245902373,0.09768737253305926,-0.7620715067009057,-0.004378632837010707,-0.3780310423128485,0.30568927876198454,0.48662635848411656,-0.562117633307368,0.01815451816418875,0.42078463798605903,-0.17631721788141122,-0.16261588543741953,0.45335790917053803,-0.5616935782978628,-0.08969487379397079,0.12008376980637221,-0.2021376472566052,-0.29686846002695116,-0.28248210960380415,0.32894753185897646,-0.35842770431644805
1,-3.271069859001162,1.385958467912618,0.08359205301282957,-1.625035552042799,2.1982717002778274,1.4993305189373407,-1.0813169000791067,-0.8882467224797078,1.7950578711189202,-1.4140404691189656,-0.43285634006207835,0.6708367008057675,-0.21297861437567808,0.10671807060715938,0.12746350195687875,-0.08157037103570512,0.0007824008708320774,-0.5797748284568455,-0.25754907048253994,0.5562421425804855,0.2546145686818264,-1.1236583563365388,-0.47299745643115415,-0.30059639545385625,0.03686067609259381,-0.9998859110308591,0.3642988874781929,-0.5135589106035578,1.3494296146472073,-0.4085721127419856,-0.39497743716324346,-0.5362249388663564,0.14223818522600823,-0.029609550786156475,0.22608005278933554,-0.4657507110384921,0.4715956003327596,-0.19282842118546498,-0.4922277374808404,-0.07472334860842746,-0.4666243108137162,-0.040936856021356625,-1.0476853978455447,-0.38448345883886986,0.10993431233724296,0.21334463428877096,-0.38093574618527687,-0.07748211310997495,0.40503202736065297,0.49689741773405643,-0.08679213251159652,0.7094794243125425,-0.45163766797442945
1,-5.021326823680653,-2.864540386473192,0.1958224847916712,0.34093694786883644,-1.6493311218138322,-2.097791509035417,-1.057732284943554,-0.5530181896306093,-0.4717867115013249,-1.4931096403911186,-0.9988516844625199,-0.08782042746943036,-0.7832418773688634,0.3411309216578326,0.6083081390249888,-0.893624193786774,0.3742743103513593,-0.35772368532532806,0.14025526750753198,0.5994661843219399,-0.16664939262452647,-0.9382606872621212,-0.3689942793090852,-0.11042201635869997,-0.6327777591452395,0.6874766041041086,0.2133689987156244,1.22265611521148,0.008158505762231967,-0.8674360718531399,0.23144631201480662,-0.17435326659190892,-0.07200166744121275,0.00487169201822144,-0.03071349511733382,-0.07152582952544762,0.050648867236789324,0.9482406447931173,0.390362163558839,0.018418100367891224,0.3217532592596137,0.29335295162998204,0.29970650815654726,-0.010227290242488281,-0.1744275544051078,-0.2089429883390872,0.01243749370386399,0.2906294039209421,-0.10364174979553753,0.09218385236327309,0.0021071418622395145,0.19440186124404873,0.23192000253892453
1,-4.4440006314406375,-4.418511730105677,0.5303778899582706,-0.6015170076820858,-1.2488223662474116,-1.344296226082078,-0.049950388506121615,-1.1156868952061614,0.35275539044564397,-1.495537320784622,-0.22510762017898076,-0.14182385702809855,-0.7044164214851644,-0.0621629114607414,-1.0597398390733095,-1.0430593522213354,0.8318525487096813,-0.6014464135536337,1.0734660567014456,0.5096653957611937,-1.4781886851220485,-0.13580245932234317,1.1283849865476063,0.9317861460988068,0.7362784207302547,0.9658721370198499,-0.5426495817973161,-0.5426745298090638,0.22593428292663356,0.9538758203288445,-0.33683232141421554,-0.12861354867765734,-0.12927720799509962,-0.44958791982177404,0.3707277368020112,0.9985076985779487,0.3956597183838267,0.9106117756601264,-0.28139006487345053,-0.08635558400817182,-0.5678560280484338,-0.7388757193848243,0.19035272906577602,-0.10207773818785217,0.6663930442266841,-0.08976167594078459,-0.04350137126413176,0.6803033805639852,0.180313261239065,0.15470058116364838,0.22175384855735042,0.6165206730487074,0.30799610238923963
0,-1.9397146654450372,5.869523526683875,-1.1529413785539149,-0.4682884182736156,2.361878776454703,1.6204372661393749,0.3169341899535109,-1.086274695595436,-1.295705112773978,-0.0920354622523827,0.23786640125534594,1.1985239456391112,2.9155494089178773,-1.6343233186056438,-0.40320092024925064,-0.1828467929494391,-0.5321451892803121,-1.1653999964473778,0.9450171582532053,0.15063809811310935,0.3286557397768889,1.5834767823259366,-0.5525443829922618,-1.6213254007432318,0.0715748708719826,-0.19704384775363215,-0.176831675559263,-0.7689991903166569,0.8668499969356879,1.026993018227369,0.20672273723476184,-0.6337235956891888,0.31327721179683854,-0.13083542336995244,0.24732396492835065,-1.6112200845132307,-1.1170517237386755,-0.7034396964405324,-0.18931440677601494,-0.1383009707453492,-0.6499201165009578,0.1909771632519471,-0.7162747723894491,-0.21766830753999888,-0.5818894151525131,-0.7095858302894208,-0.27392690201860587,0.0059311192765496195,0.27239352977559866,0.015361200891322745,0.6938094353979897,-0.20251403515591748,-0.1835388652064995
2,2.276952281048119,-0.23773748402696315,5.184754850095203,0.5379889540070822,-1.0363077160106426,0.028038745914701887,0.6053626832048454,1.5075878145741508,0.020340878456604514,0.2827775791391696,1.6629468616896255,-1.1595031705046932,0.9869249694826896,0.6274723312006355,-0.6744335790677666,0.3251464820424461,-0.6315788680950729,0.37712366070392317,-0.7248762889528981,1.0881606736127682,-0.7160689090890567,0.18981211722586802,0.6348798938839068,-1.7533422099549518,0.17820817907113265,-0.5631426272914782,1.913577171839637,-0.2293300028531318,1.0371370960619613,0.5017508197672728,-0.14172727511614117,0.20809984644607052,0.13200382178311998,0.25598265254654556,0.016970043860758757,1.3215949930484274,0.30709614991386086,0.09436470584958173,0.5616788308928711,-0.9661495315793401,-0.9005281721533398,-0.9656007126997398,0.10554606987270929,-0.12887495252396197,0.0010461090482089643,-0.0826871080180312,0.010745776912288731,0.011374028250035341,0.5011413917296277,0.7251204439488003,0.8844858340180568,-0.39990231633327444,0.6185808560107547
2,-1.3261964020705974,1.624324810561203,-0.547851649409321,-2.744428221666313,-1.0709163234789378,-0.4205169305830633,-0.4215201559017148,0.5486401669269494,0.25870751936937186,3.0798342871690823,-0.4060841935756002,1.589695468692134,1.5161291453157788,-0.31825615017245995,1.2476343859272332,2.0879380304582833,-0.41416273518467034,0.8699368349039408,0.6408723554259702,0.10640710415827032,0.7471956816955018,-0.1317617314570075,-1.0645883408925125,-1.469816411497092,3.2839277181490663,-0.4488353973211987,-0.6605267645425537,0.14033265558733468,0.8008374364358499,1.1002232400660912,-1.0459234947999714,0.9016435156932359,-1.3638484801350874,-0.5206907171471186,-0.8008715425895199,-1.3782270172067217,0.35536798942977704,0.11422565292360742,-0.2124498763753353,0.17028912051914005,1.8304409020972534,0.5065682115451169,0.7230685370995701,0.12277872773522078,0.6952087042394367,0.3664454842441041,-0.3410000775511861,0.05210527099480148,-0.6363634701340518,-0.6684603684213984,-0.6046807606048785,-0.018844825228391888,-0.20624162954874226
2,-3.2466606164056935,0.1456729002883113,-0.1688617383579325,-0.6922818110661206,0.5497951055567678,-0.1103288037304972,-0.16356513201187398,-0.13453833176581467,1.338054567255306,-0.37218885564706694,0.7624750835935155,0.06536131832090858,-0.1304280388053933,0.7494068573326118,0.9695586229474895,0.23443787559072546,-0.46669689541500664,-0.24619768696268274,0.11707076247923613,-0.15861976833021146,0.2987768012441557,0.44082630727771516,0.06967617589308743,1.3213038479495967,-0.36211390767424895,-0.4588024627544856,0.17524954520284106,1.0934803968420082,1.6276591500120552,-0.300860118299055,-0.7557631979915509,0.8281618477099725,0.898429684624198,0.7232495853739016,0.7186033229312034,0.3642742029553429,-0.6589642684188941,0.20257106747796322,0.5415064887095028,0.5711377216703678,-0.20342660959414374,0.05713804022325679,-0.20083387284287463,-0.876295046817513,0.4981558119896787,0.9505607461399003,0.021123500428317663,0.2638051217452049,0.03255023838471526,-0.39198026435286815,0.4678206444151783,-0.12318534453842861,0.3096384221623104
0,-3.5070591092775,-0.8871659119627837,-0.6826618321599471,0.6456575334536405,-1.9964050033087224,-2.0940968345258533,0.6224699757400084,1.062350761485631,-0.3360919474414418,0.5195843170446048,0.1522879404846778,-0.30449063340079263,-1.0036685503006755,0.16355985022184877,0.07300405371624749,0.9872021052513019,-0.8388696102390791,0.26241959748407184,1.4232039489000248,-0.6665134603849769,0.73896661600328,1.2434643768462317,0.30363866468382805,-2.1236809570868473,1.0285989889591938,-0.19913636261221732,-0.11858464504499644,0.23009955874806795,-0.13914677508026105,-0.5069817272672265,-0.6420949835112489,0.24492714178845051,1.4536324806586531,-0.9718608022001121,-1.1391189267081916,0.2715384102315081,-0.6763191909914315,0.04859752323944889,-1.155456084169567,0.7410611011089768,0.5385964721004631,0.5842896360245255,0.10580301268078611,-0.42070468122014887,-0.24052832360385654,0.1015176580390978,-0.01354094478985562,-0.3553048815111413,-0.16348105544883706,0.08448027524675958,0.24502303574223816,-0.7926275768434712,0.24341619064818457
0,-2.551384481618887,0.08216383897260197,-0.7249655001499806,0.8434797831532475,1.0681031990583492,1.4328591823293821,2.9800992822814667,3.39370535135683,-1.037290261753057,0.16578330131832683,-1.1359438570641365,0.8309890972504946,-2.246018382379885,0.30135999294765964,-1.3126217724136144,-1.2245067906521239,1.89241632520491,-0.6280337985691854,-1.6660343287185952,0.37989235982729547,-0.8597303411363507,0.11396778253295861,-0.11105416971291236,-0.4052718897125204,1.1704222273649236,0.9715471747894827,0.40134460650245424,0.5081959520376311,-0.9120799914745052,-0.24552941147449728,-1.0801952010894043,-0.42166842795934784,1.0741615198316543,-1.7411639534508225,-0.17258178691577927,1.553699710322711,0.4072951626525119,0.6336862519975365,0.27919511823431076,-0.044648253555240526,-0.2477472452401628,0.6741824441506172,-0.4311348882208371,0.49898401459490005,-0.19807754194017102,-0.044451042247466814,0.4431249374466303,0.27447809090944986,0.057741919537961206,0.32357412952193165,-0.10351885905259267,0.12230581424216808,-0.1305666520033694
1,-0.9696528228446797,-1.1804901993318737,-1.2055887191930459,-0.06646745012811511,-0.06351699527243629,-0.5622017663381598,-0.16250390428581704,-0.31494896137389217,2.790290504173123,0.3084176816367991,-0.2964543389832591,-1.0667572930639766,-0.764835372735908,1.252150458851847,0.9001609217370343,0.14899477723989804,0.18008478275573314,-1.6164972471803853,0.0094505992388201,-1.3980303279489321,-0.19843255596922474,0.6617930676916597,0.4960882509622967,0.4282533931486104,-1.1511073088601573,-0.8950135688156919,-1.3653935386273324,0.6372338873650294,0.72564752530734,-0.7019457602764749,0.467064436968716,-1.3846154054379263,-0.5141108532521766,-0.017630854759056378,-0.34611391956294363,0.32861727094620574,0.9449695049759458,0.5329374647335418,0.2063903882688098,-0.20624831070143965,0.5976892034744249,0.44829176279140587,0.33669238105394045,-0.5801653835630672,0.10636806874927526,0.7208644611854221,0.46850464038395606,-0.9147247839978019,-0.056979461797611826,1.0035343215953278,-0.6693834907172002,-0.025378397667567883,1.0639485204740928
2,-1.1703506629987963,4.885259161131972,-3.6478082630320756,1.049571576334449,-0.2079824680834245,-2.707111814801133,2.280313005042469,1.5030289340238865,-1.5158913013993072,-0.7744851345673635,3.5857511389280754,-0.48868499163490847,-0.9177138822124723,-1.0637864073808052,-0.2533021977722647,-2.0310244331080147,-1.6527123829509498,0.208855948202743,1.3595246619922476,0.9810313742472295,2.770611171849364,-1.8977362778916493,2.28670332560448,-0.051752302872850424,0.4511240917157476,-0.014990894779192182,-1.325800303877769,-0.29768175945911723,0.16251778307100487,1.6548950941868499,1.9369751193946942,-0.6253671948518924,-1.7587088184940227,0.9584744954866705,0.2802342633789407,0.25539091199779884,-0.16669187107678396,-0.09149690957248595,-0.6304750462387441,0.19290001989306818,0.06024889101711744,0.3681171781239438,-0.6205015150583826,-0.3621517054610192,-1.167541769072601,0.5276251804456291,-0.35892903939926946,0.09196586528284206,-0.40557592087548366,0.3159730319166649,0.17314190420107767,0.10536628792095176,-0.20997391818444844
1,-3.0317966039893904,-1.744189646240567,0.16211573356563086,1.4784091905441152,0.028969560959329847,0.3628173791787108,3.051886908365642,2.172993413362469,1.2964824784926041,0.6914636310636157,-0.5027624803169854,-0.22154118523245955,0.7451920869681431,-0.9705432649292903,-0.9101138152354358,0.20501953910961132,-0.604409319537326,0.20526361433033546,-0.5642637084984862,0.9906781446403037,-0.6157096099534427,0.16166189414231205,-0.004669933719674643,0.7324060817924143,0.18494124131863915,-0.40316376761322664,-0.3895704538285485,-0.462043550644973,0.5182420067015207,-0.17327244843327796,-1.052129457471563,1.0743540051881748,0.17512127154573714,0.18772311566649305,-0.0945708740631542,0.30494022849300984,0.7941652178460825,-0.118147033453427,0.9291450996802024,0.9185534254401854,-0.016081057843765695,0.3400497890518758,0.6884068086161232,0.22033417853193735,0.3256107472684585,-0.25932245369601997,-0.14251173256603897,0.1391649249288149,-0.23459198954669963,-0.3815946103870289,0.4625762435694638,-0.32795635080066143,0.8735931374464292
1,2.95668738243159,-6.53682854083626,2.8638160331630074,2.6940890272394458,4.8453825144276195,-3.2605951274625116,-0.036787139929092744,-2.6680350614283888,-2.826772196933506,1.2390448237220948,1.7227648418191301,0.37870728489114575,-2.7453493930735013,-0.022214655903840634,0.08635272819829352,1.8605580490495595,-0.8390382726560393,-0.631883394449766,-0.9057018048035611,0.5165911657047287,1.1098659061463614,-0.4131926399337177,0.1644836256422327,0.24417295065679517,0.13890445625044603,0.4806487629212452,-0.8381405209094013,0.4279810328085686,-0.40404246542879,-0.9389956496826937,-0.2204285813923793,0.6313733764042352,-0.693419712946245,0.5401637322263027,0.9673926328159871,0.3307939215357965,-0.5355092557889742,-1.072713940410974,-0.1159097509641574,-0.4942671572721261,-0.07166848214610187,-1.0508621926934905,0.2580647109782412,-0.5455357818531908,1.232296270812936,-0.8166529371804265,0.41277027620426754,-0.21723636539147048,-0.375048308700716,0.045823981600029824,-0.12488646866352252,0.13691869634067888,-0.04460248028902174
1,-2.1014410257854745,-1.7582439516528328,0.12961626418568667,-0.4128102230684436,-1.3245179474348956,-0.7865405791714065,-1.1435557326933137,-1.9736455434907854,0.5923996132799365,0.5332245603469107,1.0606336032300883,-0.19530174315609194,0.015176276845403111,0.16057879644013912,0.6272647140786884,0.1735090556844957,-1.1596470830762808,-0.3951167179353158,-0.26075417922737393,-0.5649560118400719,-1.5474958200087785,1.0629810185578739,0.46748998520753743,0.010726714029530005,-1.4012717038237257,1.2836696411069517,0.3493052980765417,0.19936423940384398,-0.09640269060847728,0.019291471127951258,-1.7221817470205179,0.4878647425843607,-0.7393204206960206,0.15803040889183215,-0.48975151611406825,0.372636186888724,0.11380681915066604,0.001747782345410951,-0.5666298828929286,0.3514922411035336,0.8340697393292517,-0.27652798858874367,0.34961294719084596,0.17253698179705446,-0.04522135362909357,0.12059035127292994,0.09890938331865795,0.08301564296637931,0.1498302179549798,-0.3566595771620175,-0.09034404893407946,-0.4286017199870233,-0.03202168525674356
1,-2.300677151095025,2.178782290831948,0.5302089389754622,0.3935006345200603,1.760035307414429,1.689556103502559,1.9744032976370758,1.447773589839451,2.5665547185420925,-0.8974177451255798,-1.9146656149781942,1.8960462039202466,0.5405323034989769,-0.583059978424302,1.4199608639304924,0.9505749248771104,0.6278887977201854,-0.1800068087026291,0.4764711249489422,0.8777492033607229,1.5510317154777427,-0.03040304067975857,-1.4457274859523437,0.003995688258051275,1.274302158872513,1.0547809144897449,0.008813898410351536,-1.2720311674085027,0.9515853025871959,-1.1594908547203733,0.7565730723484123,0.23104075434464627,-0.6473592174809942,-0.15871255732194547,-0.8300079207444899,-0.7496967135311535,0.7098474513819715,0.5829343057912483,-0.8726274368229125,0.0087102454056741,-0.01608128994949215,-0.7160997252153164,-0.5782324259717356,-0.320757384533752,0.2425710878080588,-0.500716657230985,-0.10836042100977013,-0.6310510878499301,-0.4870593758291937,0.45756641455557256,0.2665924632530636,-0.4537730677270624,-0.6317753776728264
0,-5.645745616463106,-1.9391319561658962,0.3859855439716982,-1.2111700081842611,1.4644949678725037,3.077151306274481,0.18464725320473957,1.9195923577744207,-1.8377501936424063,-0.5105725143958325,-1.3917571518575382,3.3522061516064987,1.2129115377580468,1.2313017231785284,0.46559984768513074,0.8696451218324616,-0.42257339433069824,1.0603266644609302,-1.2334222454942314,-0.2757227261132237,0.17711383246579226,-0.2926567374070562,1.1729951422158396,-0.47427774989018473,0.9841202828236839,-0.030116239363702006,-0.09330428803879334,0.3191720235099559,-1.2425772948999059,0.32487148717428954,0.7809188614941281,0.40051940261750824,0.17562319040307145,-0.10645998734631613,-0.3309593442957644,0.5469437681072059,-0.2927703390402182,0.7797078291081472,1.2469320939650734,0.6710996270257183,-1.3089613399354154,0.6958906558221966,-0.1595341855192805,-0.060142973021384376,0.3838421929991144,0.49719946549079524,-0.23837813420819173,-0.22549320049450186,0.34766976506430625,-0.745540919249378,0.0501918467258133,0.061764923656583315,-0.5074524042573507
0,-4.787299289409209,-2.8089277699331596,-0.5009609542116396,-0.7184881046409826,1.0992011778696216,3.189804684027423,-1.4490768041822215,0.789673483718518,-0.3372512220403144,0.44272172989608805,-0.11694710336011675,0.9433300520128484,0.15488378594189886,0.198222086147442,0.505880332186134,0.12234869061720174,0.7522073233932127,1.3460141191466144,-1.0600246995990965,-0.8619895130701759,-0.8465531903053136,-1.207581858519469,0.09429934959884799,2.1318071758348016,0.6697610382004711,-0.31649291964519155,-0.3113855880951496,0.40782904622040617,0.2726327229899107,1.2823956538288988,-0.30452529057931343,-0.2934215128974472,-0.27607035652049483,0.27627035980004955,0.2764053238458563,-0.1260661528780224,0.7711453626867605,-0.6531285323692306,0.6226531164589727,0.9690013479099985,0.1251831133825483,0.275263010609408,-0.40438366934229697,-0.3032511185940704,-0.4385711639833626,-0.6785659766020654,-0.06904255559160448,0.29232587437500207,-0.2630873138730108,-0.3140545076526143,0.17064706901458085,-0.503484977649036,0.39187452550562213
1,-3.7965560945047785,-0.828433261670129,-0.21408250524449263,-0.5534653158880899,0.11641800375511213,0.04456133264315424,-1.4375725564385013,0.13038275371006555,-1.156386800238277,0.7417030924688798,0.08414709086453384,0.20646719528424629,-0.951017193732676,0.7423529450020915,1.4268215571733316,0.5967296886670731,0.031224688251985076,1.201259834912549,0.2681712164722131,-1.7785688537810207,-0.20498290803749347,0.3603368775395504,-0.38017086117551596,-0.3887347694701497,0.5368100367880816,-0.12449550609768728,0.13632887568428165,0.26628405071289374,0.5178991583668338,1.0555324662319383,-1.097096956472342,-0.059281226663074636,-0.33141934628459335,-0.1825951269655457,-0.6461217961114394,-0.01454297537624682,0.6832736513467389,0.7618005225626175,0.04019655144971344,0.5344551168583379,0.47919527774085935,0.28315631275565545,-0.11823475769670137,0.3845153191479313,0.19247611377659934,0.15177761229547018,0.07770582229456385,0.17611617994553236,-0.09159838467739685,-0.5165731571175849,-0.0369390177391598,-0.25427925112960553,0.10913815794864115
2,-1.953605985764299,-1.116183425400838,0.6818702131662794,1.2344584858646852,-2.055368980977433,-2.7720767238031767,0.8319280286995411,-0.8998036280640556,1.29733209768774,-1.3541053908012535,-0.6234805887299955,0.2533978347309864,0.39906855339374553,-0.9710798794669363,-0.054968279138362185,-0.7491066866207576,0.14840129885487072,-0.25410429585517724,-0.2103357625647798,-0.15433807189450857,-0.6401022733352646,0.995558095069854,-0.2352827193204113,-0.6092383098034195,-0.33151704833251655,0.12110361032340693,-0.3235778954613192,0.2837163437917462,0.07159121796548985,-0.20291144753692264,-0.8442520304463804,-0.8748554180595217,0.40815206570136925,0.2537702985181388,0.33424049485544854,-0.36603836496606135,-0.26168707451205636,0.7704111395868973,-0.6109731459862331,0.25892228962936703,-0.18464716762278632,-0.4624075405007633,-0.39673565689568613,-0.42397887014943253,0.09034288098604519,0.7678565290806543,-0.14753021081012627,-0.18688614312283142,-0.042538446163268365,-0.04171909356430149,0.0040399768696970095,0.17846136056995135,0.04883803545076804
0,-2.475540379384099,4.815218220787066,-1.175642302653139,-1.036574314005631,1.8069791647406983,1.4119700469253416,-1.4623223712925817,0.4764630259530917,-1.7641385484887986,1.2511409817814088,0.24838070059789294,-0.08363009441025086,-0.1946846934024513,-0.1993552587284885,0.5173458290359566,0.15789401607057832,-0.6692412394610351,1.1470484097899032,1.007056594892756,-2.280164278910297,0.5273377276385163,0.5671260592723066,0.3159010369613971,-0.237715267115011,-0.38251238777199426,-0.23582076716337466,-0.263486182432417,0.9731277838878445,-0.31455513175684136,0.008562414482877775,-0.4497018360788383,0.045645877944882035,0.44111113527158863,-0.5828314561067071,0.23073307931856743,0.5981280537622762,0.3286761686801329,0.012037897681543725,-0.028239947063532937,-0.15176465395406233,-1.0221964216491042,-1.1684219642956728,0.1925856012221207,0.44886022121213887,-0.14496166488543016,0.8342472975003999,0.07478408230333077,0.1287846066705341,-0.8375654731376132,-0.4438916113836675,0.14172186557097766,-0.24782464568584814,0.6471915883786667
