label,id,jerk_rms_StretchHold_RightWrist_Gyroscope_Y,jerk_rms_StretchHold_RightWrist_Accelerometer_X,SMA_StretchHold_RightWrist_Gyroscope,std_StretchHold_RightWrist_Gyroscope_Y,rms_StretchHold_RightWrist_Gyroscope_Y,SMA_StretchHold_RightWrist_Accelerometer,jerk_rms_StretchHold_RightWrist_Gyroscope_Z,zcr_Relaxed_RightWrist_Gyroscope_Z,std_StretchHold_RightWrist_Accelerometer_Y,rms_StretchHold_RightWrist_Accelerometer_Y,std_StretchHold_RightWrist_Accelerometer_Z,SMA_HoldWeight_RightWrist_Gyroscope,rms_StretchHold_RightWrist_Accelerometer_Z,std_StretchHold_RightWrist_Gyroscope_Z,std_HoldWeight_RightWrist_Gyroscope_Y,std_StretchHold_RightWrist_Accelerometer_X,jerk_rms_StretchHold_RightWrist_Accelerometer_Z,jerk_rms_StretchHold_LeftWrist_Gyroscope_Y,std_StretchHold_LeftWrist_Accelerometer_Y,rms_HoldWeight_RightWrist_Gyroscope_Y,jerk_rms_CrossArms_RightWrist_Gyroscope_X,jerk_rms_CrossArms_LeftWrist_Gyroscope_X,rms_StretchHold_RightWrist_Gyroscope_Z,SMA_StretchHold_LeftWrist_Gyroscope,jerk_rms_HoldWeight_RightWrist_Gyroscope_X,SMA_DrinkGlas_LeftWrist_Accelerometer,zcr_DrinkGlas_RightWrist_Accelerometer_X,std_HoldWeight_RightWrist_Gyroscope_X,rms_HoldWeight_RightWrist_Gyroscope_X,jerk_rms_CrossArms_RightWrist_Gyroscope_Y,jerk_rms_HoldWeight_RightWrist_Gyroscope_Y,jerk_rms_StretchHold_LeftWrist_Accelerometer_X,jerk_rms_CrossArms_RightWrist_Accelerometer_X,SMA_StretchHold_LeftWrist_Accelerometer,SMA_CrossArms_RightWrist_Gyroscope,std_StretchHold_RightWrist_Gyroscope_X,std_CrossArms_LeftWrist_Gyroscope_X,jerk_rms_CrossArms_RightWrist_Accelerometer_Y,rms_CrossArms_LeftWrist_Gyroscope_X,jerk_rms_StretchHold_RightWrist_Accelerometer_Y,jerk_rms_StretchHold_LeftWrist_Gyroscope_Z,rms_StretchHold_RightWrist_Gyroscope_X,zcr_LiftHold_LeftWrist_Accelerometer_X,rms_DrinkGlas_RightWrist_Accelerometer_Y,jerk_rms_CrossArms_RightWrist_Accelerometer_Z,SMA_DrinkGlas_RightWrist_Accelerometer,rms_StretchHold_LeftWrist_Accelerometer_Y,jerk_rms_TouchIndex_RightWrist_Gyroscope_Y,SMA_CrossArms_LeftWrist_Gyroscope,std_DrinkGlas_RightWrist_Accelerometer_Y,jerk_rms_StretchHold_RightWrist_Gyroscope_X,std_HoldWeight_RightWrist_Accelerometer_X,jerk_rms_StretchHold_LeftWrist_Gyroscope_X,jerk_rms_CrossArms_LeftWrist_Accelerometer_X,SMA_LiftHold_LeftWrist_Accelerometer,jerk_rms_LiftHold_RightWrist_Accelerometer_X,jerk_rms_TouchIndex_RightWrist_Accelerometer_Z,rms_StretchHold_LeftWrist_Gyroscope_Y,std_StretchHold_LeftWrist_Gyroscope_Z,rms_StretchHold_LeftWrist_Gyroscope_Z,jerk_rms_HoldWeight_RightWrist_Gyroscope_Z,SMA_CrossArms_RightWrist_Accelerometer,std_StretchHold_LeftWrist_Gyroscope_Y,jerk_rms_LiftHold_RightWrist_Accelerometer_Z,std_StretchHold_LeftWrist_Accelerometer_X,jerk_rms_CrossArms_LeftWrist_Gyroscope_Z,jerk_rms_CrossArms_LeftWrist_Accelerometer_Z,jerk_rms_Relaxed_RightWrist_Gyroscope_Y,jerk_rms_CrossArms_LeftWrist_Accelerometer_Y,rms_DrinkGlas_RightWrist_Gyroscope_Z,std_CrossArms_RightWrist_Gyroscope_X,rms_StretchHold_RightWrist_Accelerometer_X,jerk_rms_LiftHold_LeftWrist_Gyroscope_Z,rms_CrossArms_RightWrist_Gyroscope_X,std_DrinkGlas_RightWrist_Gyroscope_Z,rms_HoldWeight_RightWrist_Accelerometer_X,zcr_CrossArms_LeftWrist_Gyroscope_X,jerk_rms_DrinkGlas_RightWrist_Gyroscope_X,std_LiftHold_LeftWrist_Accelerometer_X,zcr_DrinkGlas_RightWrist_Accelerometer_Y,std_CrossArms_RightWrist_Accelerometer_Y,zcr_CrossArms_RightWrist_Accelerometer_Z,zcr_CrossArms_RightWrist_Accelerometer_Y,rms_DrinkGlas_RightWrist_Accelerometer_X,std_DrinkGlas_RightWrist_Accelerometer_X,rms_StretchHold_LeftWrist_Gyroscope_X,zcr_DrinkGlas_RightWrist_Gyroscope_X,std_DrinkGlas_LeftWrist_Accelerometer_Z,jerk_rms_StretchHold_LeftWrist_Accelerometer_Y,std_PointFinger_RightWrist_Accelerometer_Z,std_DrinkGlas_LeftWrist_Accelerometer_X,std_StretchHold_LeftWrist_Gyroscope_X,std_DrinkGlas_LeftWrist_Accelerometer_Y,SMA_DrinkGlas_LeftWrist_Gyroscope,mean_CrossArms_LeftWrist_Gyroscope_Y,rms_DrinkGlas_LeftWrist_Accelerometer_Y,jerk_rms_DrinkGlas_RightWrist_Accelerometer_Y,mean_Relaxed_RightWrist_Accelerometer_Y,jerk_rms_TouchIndex_RightWrist_Accelerometer_Y,rms_PointFinger_LeftWrist_Gyroscope_Z,rms_LiftHold_LeftWrist_Accelerometer_X,zcr_LiftHold_RightWrist_Accelerometer_X,rms_PointFinger_RightWrist_Accelerometer_Z,std_PointFinger_LeftWrist_Gyroscope_Z,jerk_rms_RelaxedTask_LeftWrist_Accelerometer_Y,rms_DrinkGlas_LeftWrist_Accelerometer_Z,jerk_rms_CrossArms_LeftWrist_Gyroscope_Y,rms_CrossArms_RightWrist_Accelerometer_Y,rms_StretchHold_LeftWrist_Accelerometer_X,rms_DrinkGlas_LeftWrist_Accelerometer_X,jerk_rms_HoldWeight_RightWrist_Accelerometer_X,std_LiftHold_LeftWrist_Accelerometer_Y,SMA_LiftHold_RightWrist_Accelerometer,SMA_HoldWeight_RightWrist_Accelerometer,zcr_HoldWeight_RightWrist_Accelerometer_X,jerk_rms_RelaxedTask_LeftWrist_Gyroscope_X,SMA_DrinkGlas_RightWrist_Gyroscope,jerk_rms_RelaxedTask_LeftWrist_Gyroscope_Z,mean_PointFinger_RightWrist_Gyroscope_X,std_RelaxedTask_LeftWrist_Accelerometer_Y,rms_LiftHold_LeftWrist_Accelerometer_Y,rms_RelaxedTask_LeftWrist_Accelerometer_Y,jerk_rms_DrinkGlas_LeftWrist_Gyroscope_X,std_DrinkGlas_RightWrist_Gyroscope_X,rms_DrinkGlas_RightWrist_Gyroscope_X,std_HoldWeight_RightWrist_Accelerometer_Z,jerk_rms_DrinkGlas_LeftWrist_Gyroscope_Z,SMA_RelaxedTask_LeftWrist_Accelerometer,SMA_HoldWeight_LeftWrist_Gyroscope,rms_DrinkGlas_RightWrist_Accelerometer_Z,jerk_rms_LiftHold_RightWrist_Gyroscope_Y,jerk_rms_PointFinger_LeftWrist_Gyroscope_Z,jerk_rms_StretchHold_LeftWrist_Accelerometer_Z,std_TouchNose_RightWrist_Gyroscope_Y,jerk_rms_HoldWeight_LeftWrist_Gyroscope_Y,std_DrinkGlas_RightWrist_Accelerometer_Z,std_DrinkGlas_LeftWrist_Gyroscope_X,rms_TouchNose_RightWrist_Gyroscope_Y,std_StretchHold_LeftWrist_Accelerometer_Z,SMA_CrossArms_LeftWrist_Accelerometer,jerk_rms_DrinkGlas_RightWrist_Gyroscope_Z,rms_PointFinger_LeftWrist_Accelerometer_X,jerk_rms_CrossArms_RightWrist_Gyroscope_Z,rms_TouchNose_LeftWrist_Gyroscope_Y,jerk_rms_TouchIndex_LeftWrist_Gyroscope_Y,zcr_RelaxedTask_RightWrist_Accelerometer_X,std_TouchNose_LeftWrist_Gyroscope_Y,mean_CrossArms_RightWrist_Gyroscope_Z,std_PointFinger_LeftWrist_Accelerometer_X,std_PointFinger_LeftWrist_Accelerometer_Y,rms_HoldWeight_RightWrist_Accelerometer_Z,jerk_rms_Relaxed_RightWrist_Gyroscope_Z,rms_PointFinger_LeftWrist_Accelerometer_Y,rms_StretchHold_LeftWrist_Accelerometer_Z,zcr_CrossArms_LeftWrist_Gyroscope_Z,jerk_rms_LiftHold_LeftWrist_Accelerometer_X,rms_Relaxed_RightWrist_Gyroscope_Z,SMA_LiftHold_RightWrist_Gyroscope,zcr_StretchHold_RightWrist_Gyroscope_X,std_Relaxed_RightWrist_Gyroscope_Z,jerk_rms_HoldWeight_RightWrist_Accelerometer_Y,std_HoldWeight_RightWrist_Accelerometer_Y,zcr_CrossArms_LeftWrist_Accelerometer_Y,zcr_Entrainment_RightWrist_Accelerometer_Z
0,285,0.005213259,0.002156964,33.39885122,0.011740786,0.012001019,10.58929933,0.003876002,0.132743363,0.00635226,0.006485524,0.004781267,35.93050411,0.004797746,0.011007541,0.016812296,0.003403294,0.002922801,0.005173763,0.005184923,0.016891302,0.016559403,0.022265838,0.011434809,24.79669524,0.008344006,91.52110463,0.080752212,0.020825114,0.021031178,0.012036658,0.006276199,0.002339685,0.003447726,10.32746945,140.9904326,0.027930139,0.051305016,0.007740164,0.051814674,0.004376696,0.003572977,0.031028265,0.026548673,0.070873695,0.005886674,104.3184657,0.005326382,0.12590063,126.090046,0.068330503,0.011969775,0.006711554,0.007169234,0.003618834,27.61771656,0.003330895,0.049863894,0.012675735,0.009127269,0.009182781,0.003890319,35.83353524,0.012659992,0.004149367,0.003284745,0.015366425,0.005104867,0.002865642,0.007410741,0.614799802,0.058336922,0.003838999,0.006724603,0.059290487,0.610057536,0.007055436,0.165929204,0.074840772,0.012017661,0.07300885,0.028433639,0.190265487,0.240044248,0.050407844,0.04974652,0.013528994,0.03539823,0.057596606,0.003770291,0.524017222,0.044645575,0.013308353,0.063914664,810.9887205,0.027986969,0.064296664,0.023638401,0.000201123,0.032139725,0.947938637,0.013541471,0.07079646,0.525650508,0.943515318,0.002156116,0.058129681,0.010603692,0.028935773,0.003289087,0.045615886,0.003985198,0.012716609,27.35144806,17.57049516,0.191371681,0.003930759,900.5387243,0.002724913,-0.089241316,0.003681645,0.012754574,0.003779064,0.063693832,0.644894938,0.648958756,0.009026579,0.030255538,7.544397728,39.13671549,0.060851813,0.008222322,0.171367647,0.00292827,2.079559657,0.004463064,0.060630079,0.660720706,2.194214964,0.005658948,30.24232885,0.034833327,0.226735507,0.013352864,1.946551844,0.136249586,0.205752212,1.910996523,0.055358976,0.206207302,0.192785302,0.009390673,0.002677281,0.193341857,0.00566972,0.082964602,0.003174747,0.005915547,135.2969883,0.158185841,0.005794668,0.005968581,0.008378247,0.19579646,0.048672566
0,371,0.003336617,0.001776278,18.20317129,0.008412043,0.008481214,6.896499211,0.002450023,0.212389381,0.002996914,0.003375523,0.003662203,20.97806837,0.003660179,0.007694458,0.006606884,0.002462422,0.001637233,0.004119055,0.003865501,0.006734116,0.026325845,0.023911719,0.007733526,19.23778124,0.004813212,170.1919756,0.03539823,0.009761799,0.009932414,0.012614448,0.003531901,0.00194741,0.005360885,7.99943555,267.158091,0.0123035,0.067219016,0.006565487,0.068973944,0.002091414,0.003201811,0.012296694,0.137168142,0.119969594,0.006448729,163.0006861,0.004257156,0.089207887,278.230893,0.120015774,0.004538748,0.00212225,0.004377123,0.005040649,73.85520621,0.003990119,0.040899226,0.009106548,0.007988713,0.008188737,0.002766341,35.64545448,0.008947131,0.005823426,0.002709471,0.018824874,0.008614163,0.003033841,0.012304233,0.700950582,0.166365773,0.002562135,0.026805188,0.172567127,0.700840143,0.003019982,0.121681416,0.129469033,0.073185909,0.056415929,0.02096924,0.133849558,0.164823009,0.113574943,0.113173768,0.009563328,0.078539823,0.086166197,0.002461333,0.197989399,0.116014606,0.009241206,0.123456433,1099.807903,0.129220754,0.123760352,0.027134509,-0.001452226,0.036226125,0.971539297,0.075425461,0.153761062,0.197906391,0.972068639,0.002353193,0.087944127,0.02309544,0.02102512,0.002720393,0.119535809,0.001776147,0.062913736,75.75882678,9.351880483,0.164823009,0.004075227,1061.009853,0.002984377,-0.014602453,0.003355593,0.064127716,0.003709356,0.122026037,0.859043445,0.871280701,0.003399909,0.067973469,8.025705388,36.69696933,0.070317991,0.021357488,0.091179691,0.002011687,1.303355245,0.005069024,0.070356323,0.950574128,1.31873099,0.003966906,50.89325538,0.056568874,0.071776226,0.018458794,1.459749103,0.104761138,0.161504425,1.43950568,0.118548441,0.064888236,0.161116166,0.004789675,0.0022535,0.164940038,0.004059333,0.094026549,0.005100134,0.004079827,396.0000773,0.169247788,0.0040724,0.002724534,0.00485257,0.148230088,0.081858407
0,284,0.007920677,0.00487502,36.20771026,0.015025791,0.0150701,13.24673366,0.006505699,0.228982301,0.007954584,0.007950256,0.005490624,53.09824458,0.005540446,0.012120465,0.01540049,0.004475853,0.004576439,0.005190791,0.008298545,0.015891273,0.026826395,0.021554145,0.012138814,29.44916668,0.018825856,211.4705672,0.150442478,0.041102174,0.041300021,0.012948423,0.007213058,0.004031948,0.005695576,13.33568172,80.46286474,0.022638707,0.049319448,0.010932389,0.049800691,0.00729967,0.006163285,0.023099273,0.226769912,0.12000857,0.00707694,125.4724991,0.008726168,0.071551379,64.41088937,0.119978094,0.017814186,0.005470231,0.014845963,0.004746072,34.52829549,0.006315878,0.030394807,0.011422921,0.013820804,0.013815234,0.008279902,34.3112574,0.011333181,0.006532448,0.004060034,0.010105832,0.006773462,0.003496946,0.009938168,0.693229805,0.070985588,0.004795468,0.008977927,0.071731678,0.691978358,0.005572942,0.163716814,0.138802158,0.031960394,0.128318584,0.019671577,0.183628319,0.227876106,0.058898415,0.05737587,0.030332178,0.091814159,0.150799593,0.006841306,0.192564858,0.08340787,0.029944864,0.219994939,1340.061698,0.006107848,0.220460446,0.081168886,-0.001407811,0.031979919,0.525130697,0.032593374,0.137168142,0.192532956,0.525403197,0.006098923,0.151841082,0.009145691,0.019796132,0.005018976,0.083363176,0.005004223,0.048805733,42.31326542,17.58058438,0.288716814,0.013406229,953.5363854,0.006545497,0.002916949,0.012766847,0.048867485,0.012999262,0.28131013,0.633603874,0.634593723,0.007896951,0.126444223,20.51451277,63.53406472,0.062438887,0.014117932,0.071009253,0.00441748,1.152224498,0.009553703,0.062090036,1.314933715,1.178599988,0.005786128,28.99108235,0.096391757,0.093814218,0.015209076,1.600542968,0.067269738,0.192477876,1.592668475,0.009459424,0.093238112,0.096980838,0.007978694,0.003228754,0.097753991,0.005807034,0.139380531,0.005846447,0.004386502,67.05911005,0.257743363,0.004313365,0.010133321,0.010990685,0.210176991,0.065265487
0,457,0.003844311,0.002393729,36.98125544,0.013872956,0.01415963,12.08411225,0.004388714,0.178097345,0.006904401,0.006984106,0.005901577,38.61551775,0.005924501,0.015357365,0.017248754,0.003756964,0.002802484,0.006443607,0.008461507,0.017692202,0.056357882,0.034053258,0.015472673,47.85328961,0.006880247,118.1445329,0.067477876,0.019357971,0.019775956,0.017767427,0.004309289,0.002788442,0.006820134,16.87612939,384.0559274,0.023348328,0.355889877,0.015345113,0.357541337,0.003765057,0.005241442,0.023703274,0.113938053,0.096061638,0.009421011,113.458565,0.008458905,0.003801708,462.9009806,0.095940038,0.009575196,0.003877541,0.008259311,0.006262848,38.86825688,0.003198754,0.003417056,0.023029713,0.020779608,0.020779306,0.003713111,48.90454744,0.022593799,0.004576515,0.006934837,0.02532267,0.01024101,0.003403547,0.013346804,0.73794388,0.268405725,0.003963973,0.010861199,0.275087861,0.733228882,0.003900048,0.079646018,0.088765478,0.016842958,0.078539823,0.036472074,0.112831858,0.168141593,0.051821061,0.050664247,0.02390614,0.068584071,0.060581589,0.003674904,0.262334896,0.056792049,0.022782183,0.078614394,838.1302506,-0.01800229,0.080563081,0.02709094,-0.000955602,0.002204092,0.917018364,0.017441388,0.10619469,0.262336095,0.917348583,0.002908757,0.062241119,0.021460207,0.036459018,0.007286714,0.063458173,0.002584272,0.021253469,34.02796168,11.13571095,0.196902655,0.007587567,886.2320638,0.003608239,0.014776314,0.005550431,0.021241844,0.005815447,0.075358706,0.586661726,0.591315786,0.005032653,0.040729518,6.658280821,110.6643848,0.077281011,0.007991359,0.100733963,0.00288005,0.963085182,0.008762558,0.076030106,0.509391465,0.973024924,0.008653349,63.25688837,0.045654848,0.160196969,0.026456554,2.022407254,0.004442001,0.274336283,2.003625424,0.232040021,0.146042489,0.168196296,0.005144834,0.002187304,0.169905069,0.008705211,0.081858407,0.003516539,0.005287911,203.7587302,0.132743363,0.005290209,0.00414296,0.006332991,0.109513274,0.079646018
0,80,0.004257521,0.002329957,24.15017654,0.01212441,0.012770573,9.371164282,0.003792886,0.146017699,0.004188999,0.004350232,0.004786688,34.04726346,0.004807064,0.00819649,0.012823566,0.003227283,0.002156491,0.004447304,0.00389612,0.013792512,0.021147211,0.011405726,0.008307441,24.45945107,0.004782387,139.4595968,0.059734513,0.014770931,0.015091087,0.009639704,0.003504661,0.002102321,0.003568635,9.520253992,213.9923513,0.011638246,0.102987436,0.006024973,0.103526068,0.003413987,0.00343371,0.012741338,0.015486726,0.08210903,0.004533742,108.8114299,0.003894003,0.110077123,186.349043,0.080626446,0.006805912,0.003219754,0.006018645,0.004121845,49.034406,0.003961174,0.043242672,0.013676911,0.008057391,0.008114535,0.002951193,40.65771888,0.013637,0.00336842,0.003397279,0.010556772,0.004915746,0.003690985,0.006149258,0.613677719,0.140074375,0.003763318,0.006544165,0.144960713,0.612338147,0.004321732,0.097345133,0.131923829,0.047589842,0.091814159,0.04103551,0.149336283,0.132743363,0.105508012,0.10555116,0.012933052,0.049778761,0.069009171,0.002538176,0.187140701,0.070277816,0.012213553,0.103201605,1222.680833,0.062798601,0.103221871,0.050176717,-0.000480277,0.044723543,0.426346645,0.056450321,0.015486726,0.187878865,0.425819807,0.002559645,0.072511634,0.01078194,0.043789794,0.0033975,0.070754736,0.001823808,0.030316027,45.4358548,12.37047033,0.121681416,0.005262977,1123.805352,0.002874652,-0.025955611,0.004004583,0.031914044,0.004277424,0.121912773,0.754918126,0.767813603,0.004833426,0.04449292,7.208873068,39.4350094,0.078384705,0.008187476,0.050251074,0.002116372,1.374735939,0.004440913,0.078383454,1.055585971,1.44061287,0.006379126,62.7597903,0.066910147,0.076782012,0.010884264,1.34014001,0.136946894,0.185840708,1.334998535,0.123627969,0.06748352,0.060977328,0.004976321,0.005271976,0.062315602,0.006380994,0.095132743,0.003735685,0.00788359,54.0147923,0.174778761,0.007887145,0.002990136,0.008085858,0.122787611,0.038716814
2,18,0.018135011,0.008692906,89.94327095,0.039967489,0.040282148,32.88946976,0.008292706,0.152654867,0.015610225,0.015692133,0.021515181,78.99610163,0.021521956,0.021685002,0.025547005,0.009540239,0.015309491,0.019901355,0.01858879,0.026852597,0.100957423,0.180085928,0.02200864,114.7910394,0.021556616,203.1393056,0.186946903,0.062385497,0.062416206,0.055739343,0.008891609,0.010684481,0.020904063,31.878923,449.1362296,0.067890377,0.498855462,0.027337404,0.500896521,0.014406915,0.01144139,0.06787689,0.16039823,0.12362549,0.027262321,160.3835318,0.018584989,0.127977076,523.0647052,0.123673416,0.037664681,0.009473219,0.0546366,0.027649297,126.3760105,0.016924843,0.087960234,0.043341623,0.025443043,0.02553499,0.008213334,106.8834389,0.043038778,0.026322343,0.01173749,0.044669712,0.039973217,0.02329844,0.05652538,0.603742432,0.360927034,0.009732991,0.044175597,0.362805272,0.602511303,0.009501554,0.168141593,0.259588826,0.047247396,0.182522124,0.074438606,0.163716814,0.194690265,0.071389677,0.069490228,0.096712855,0.088495575,0.123604027,0.016032548,0.414461453,0.078067406,0.096416429,0.123361821,851.3732274,0.017318383,0.127589726,0.082566078,0.001798212,0.058246261,0.396037979,0.047970815,0.157079646,0.415704382,0.393967136,0.005953273,0.131707351,0.076992171,0.075427598,0.011937101,0.078318435,0.005856892,0.070378109,95.29262993,29.60241668,0.202433628,0.011676195,912.8289293,0.004743871,-0.009784771,0.007895715,0.070369335,0.008068318,0.229099879,0.751860162,0.752712309,0.018034088,0.067893129,11.29644647,96.61069985,0.141927503,0.036544427,0.127300687,0.00987637,1.43820395,0.011506343,0.141934764,0.579910867,1.468671472,0.015088611,131.8881032,0.059993404,0.30980309,0.032826228,1.583340389,0.181911137,0.130530973,1.562251793,0.173968306,0.254593794,0.202690992,0.018039939,0.010770947,0.203401657,0.015083994,0.109513274,0.025830921,0.021326228,339.1493093,0.172566372,0.021328624,0.008791464,0.013296856,0.201327434,0.126106195
0,1,0.00531893,0.002647863,35.0550105,0.012392334,0.012549458,10.8514094,0.004421902,0.188053097,0.005635137,0.005644635,0.006019358,45.0706928,0.006041293,0.014112671,0.018341966,0.003402798,0.002985191,0.005505652,0.005180498,0.01893388,0.130498436,0.112502837,0.01527243,28.83125224,0.011625574,137.2436249,0.036504425,0.026362255,0.027192499,0.055163285,0.00531095,0.003171257,0.012535052,10.66490982,1339.847027,0.021598929,0.530877046,0.026335897,0.531964355,0.004171903,0.003635139,0.02164154,0.147123894,0.254945198,0.021223256,346.1188112,0.005315609,0.11852975,1274.14409,0.254883453,0.010473955,0.003617827,0.007791916,0.015825308,41.73181696,0.003964559,0.036522487,0.01505597,0.012191509,0.012189472,0.004688603,255.1029501,0.014998064,0.005624225,0.003710975,0.081678254,0.019545676,0.003417294,0.028059116,1.352419484,0.816902627,0.003554159,0.011418004,0.821175849,1.35229825,0.003623559,0.14159292,0.334354271,0.022636086,0.090707965,0.18236434,0.157079646,0.185840708,0.164773778,0.1603299,0.0129214,0.050884956,0.08299577,0.003694681,0.393215539,0.064044647,0.012924995,0.125245272,1103.494322,-0.110750912,0.125306372,0.056742024,-0.000359589,0.050363097,1.067359891,0.022993875,0.111725664,0.393377316,1.067926528,0.00700297,0.087036915,0.062427691,0.183975872,0.004037083,0.064149098,0.002293207,0.064325025,51.80669373,10.32884635,0.202433628,0.016415672,2511.159665,0.005926721,-0.015058961,0.009004581,0.064595315,0.009044777,0.22295996,2.551534444,2.551781947,0.004957937,0.056708705,13.25391682,32.91170735,0.249276889,0.015583442,0.313375807,0.003273378,1.965208598,0.004351593,0.239426491,1.045621075,2.100128795,0.005356262,271.7806026,0.138074915,0.390509557,0.071212963,1.843148572,0.08886785,0.259955752,1.778617839,0.13979308,0.390523014,0.305087441,0.005007711,0.002519724,0.306193531,0.0053533,0.084070796,0.004038468,0.00427037,258.5347786,0.165929204,0.004272633,0.003975264,0.005688946,0.154867257,0.074115044
0,253,0.004934905,0.002339381,38.62132408,0.011825231,0.01182251,10.33260041,0.003522247,0.169247788,0.006325036,0.006323178,0.004984786,33.51022995,0.005069426,0.011057322,0.011150156,0.003139003,0.00277127,0.004138739,0.005744569,0.0111711,0.049535235,0.080006923,0.012149476,32.20293293,0.011519256,142.3157181,0.067477876,0.026045446,0.026253042,0.014678922,0.005540733,0.002401911,0.007423881,9.962167596,421.5829977,0.033791168,0.379018235,0.013669056,0.380458465,0.004024161,0.004391592,0.033880913,0.136061947,0.401073591,0.008300356,195.8425096,0.005769137,0.064649854,491.796425,0.40129506,0.015517542,0.003367232,0.013004602,0.010381645,34.12488569,0.003538803,0.027708682,0.009724869,0.012273452,0.012486607,0.004247849,82.54251139,0.009710567,0.00527651,0.003407803,0.062309788,0.013073029,0.007245412,0.015870745,0.744207411,0.179528225,0.003171359,0.015579655,0.180470562,0.722473863,0.003419402,0.149336283,0.637656532,0.019193317,0.127212389,0.117665471,0.139380531,0.212389381,0.092612572,0.092334259,0.0242931,0.064159292,0.107409414,0.003460175,0.39198121,0.087014586,0.024291398,0.116839902,903.546752,-0.012969606,0.117269862,0.362630845,0.000621457,0.057482746,1.089321124,0.019350068,0.184734513,0.391764753,1.087583773,0.010264221,0.107357281,0.033775442,0.119013542,0.003406582,0.087195861,0.003092892,0.021021793,33.38823923,11.80002598,0.286504425,0.045881536,1021.44904,0.01058563,-0.049455947,0.013110703,0.021047817,0.013135989,0.164918757,1.172065597,1.171484348,0.006105064,0.094350755,20.55145848,39.3544772,0.14918554,0.011301007,0.193895862,0.003080222,1.409680552,0.007622753,0.149137824,0.940599604,1.473869883,0.00479094,99.02061452,0.267379536,0.303671009,0.047420302,1.863223398,0.077448922,0.17699115,1.754546646,0.304899546,0.260352816,0.21888784,0.006409163,0.005144229,0.271682919,0.004886043,0.097345133,0.004532268,0.013868687,169.6368995,0.168141593,0.013796915,0.005451482,0.006506947,0.139380531,0.05420354
2,164,0.043542649,0.012602474,297.6535561,0.083320421,0.083714891,111.9976016,0.042084458,0.139380531,0.048422102,0.048396181,0.091062494,676.7477127,0.091012278,0.096664081,0.104981856,0.020695419,0.042042196,0.017468212,0.0213478,0.106199563,0.10051714,0.026702208,0.098330263,110.1779922,0.280108729,87.28726784,0.123893805,0.657287286,0.656924494,0.028452609,0.051146295,0.004773671,0.007731568,33.06680958,277.1076552,0.236907712,0.069946997,0.021403391,0.070412413,0.028383344,0.010304573,0.23681255,0.139380531,0.10516977,0.021289903,161.4933861,0.021341827,0.044352669,133.7587803,0.105069704,0.104036663,0.042911483,0.028843974,0.00617979,42.60733174,0.009580038,0.027230115,0.055004802,0.04992739,0.050956251,0.067612007,68.02667636,0.054954117,0.008967372,0.014764134,0.009114879,0.010962813,0.012204504,0.007454704,0.543732146,0.253549704,0.020687488,0.015909276,0.253424011,0.54298275,0.043048263,0.119469027,0.207592208,0.016686218,0.119469027,0.041596703,0.16039823,0.149336283,0.054087668,0.054055573,0.07297463,0.099557522,0.040233911,0.008140617,0.199962778,0.041523139,0.072879493,0.06363883,686.6580655,0.008809789,0.064860062,0.044242724,0.000632696,0.028953969,0.281669718,0.01668737,0.138274336,0.200202019,0.281711124,0.00632342,0.0420766,0.030251974,0.041586498,0.015022931,0.043503074,0.024264187,0.045714313,44.77735012,196.2833537,0.175884956,0.014068886,929.6019213,0.003967548,0.028450044,0.010222448,0.045743932,0.010222461,0.101664823,0.657402811,0.657321706,0.092662336,0.030878875,13.41404184,126.135598,0.072129418,0.017624247,0.047054314,0.005251953,0.792607175,0.013905305,0.072162319,0.374547484,0.81079901,0.018231133,40.38109261,0.056970436,0.056211192,0.020089272,0.533131675,0.03424503,0.262168142,0.513122632,-0.00760392,0.05549365,0.094130099,0.093668861,0.00739489,0.094107598,0.018225463,0.118362832,0.015794489,0.014661718,206.3388396,0.126106195,0.014662281,0.071900843,0.14518292,0.184734513,0.184734513
1,282,0.006780926,0.002804345,47.90958998,0.029336949,0.02955419,21.7871808,0.004823769,0.140486726,0.01095496,0.01096129,0.014183787,112.2747692,0.014293277,0.023197068,0.043208948,0.00957713,0.003535768,0.005579092,0.010126963,0.043229442,0.025649244,0.032235507,0.023742236,49.98957682,0.017329429,79.57488992,0.086283186,0.070608437,0.071109038,0.019798416,0.009352804,0.003082038,0.007664299,22.43758513,817.6399289,0.02015368,0.283647572,0.010462855,0.290089114,0.004042588,0.004763559,0.020293151,0.123893805,0.050121021,0.007388498,94.78131046,0.01012833,0.036040402,559.7532676,0.050029642,0.008022532,0.020814995,0.008073818,0.007430638,28.51016817,0.004495528,0.010280036,0.025799474,0.025646417,0.025665175,0.009079835,115.1277099,0.025764674,0.004073114,0.012208074,0.018072623,0.008747933,0.004351972,0.011577091,0.592420095,0.321902305,0.009578043,0.005856299,0.335857116,0.589597286,0.02087681,0.058628319,0.05551,0.01463952,0.121681416,0.064126792,0.049778761,0.064159292,0.03980359,0.039824252,0.025993178,0.043141593,0.038722329,0.003632525,0.079538345,0.029770329,0.025930594,0.043065223,637.7608643,0.022740554,0.043843494,0.019880976,-0.000852871,0.013529015,0.168177676,0.014843398,0.126106195,0.079511092,0.167996907,0.003718247,0.041723998,0.017389898,0.066039784,0.012202949,0.029755646,0.005580959,0.013057941,29.22366419,33.41013658,0.120575221,0.008750559,835.4756553,0.005310664,0.008365304,0.007619606,0.013633595,0.007615648,0.058260522,0.397701439,0.406280906,0.015673259,0.016939425,16.19858051,34.39413882,0.054817961,0.009183107,0.019851923,0.003152074,0.537372089,0.004128734,0.050293721,0.384892823,0.539546495,0.013870448,102.8576901,0.03010954,0.05771013,0.022227939,0.647541303,0.035666417,0.134955752,0.647314352,0.25716043,0.057104015,0.031178336,0.015813076,0.002902099,0.033287323,0.013863443,0.026548673,0.004066472,0.007709731,130.8397386,0.151548673,0.007698655,0.009740352,0.019181594,0.069690265,0.087389381
1,270,0.004827443,0.002218225,25.87020399,0.011084723,0.011913432,9.79942632,0.003563135,0.192477876,0.004325434,0.004708637,0.004741253,28.46672004,0.004738857,0.009398462,0.011968877,0.003325747,0.002206857,0.004598825,0.004689999,0.012118328,0.026380804,0.044075191,0.009424746,22.95717352,0.007110748,170.0732781,0.048672566,0.016864674,0.016855671,0.015083749,0.004343147,0.002591478,0.003488762,10.00968706,105.3434706,0.014652819,0.099227248,0.006340855,0.099358917,0.002814981,0.003865983,0.014652604,0.172566372,0.077410288,0.00523889,123.4211413,0.004776939,0.065712029,102.3471932,0.075221242,0.007979453,0.003677714,0.006751141,0.006046368,25.33833361,0.003242562,0.01807784,0.011813653,0.010231993,0.010251413,0.003532853,23.64804134,0.011506845,0.003370534,0.00398183,0.023203214,0.008035546,0.003606111,0.011036023,0.484066289,0.092212337,0.004269561,0.009208835,0.093040577,0.477975494,0.003952156,0.155973451,0.099127913,0.018544961,0.103982301,0.022679294,0.164823009,0.180309735,0.063670229,0.061293846,0.010232719,0.079646018,0.083960011,0.00346954,0.276241563,0.074882405,0.010003011,0.089990551,1280.947951,0.014721684,0.092820979,0.025355345,-0.000972241,0.022872421,0.645052622,0.019069852,0.205752212,0.277221806,0.645398745,0.002848103,0.08589372,0.017474782,0.023533067,0.004559034,0.081769348,0.002497534,0.02777462,31.60871822,9.133784713,0.210176991,0.006519651,1039.018496,0.003177575,0.043989942,0.004423008,0.028053662,0.00468355,0.175494497,0.703861283,0.712385835,0.003841813,0.045339972,7.996104655,47.97908238,0.075396247,0.009636664,0.101405171,0.002533242,1.481962425,0.005443876,0.074104634,1.105504304,1.602180314,0.004479038,30.92891281,0.044712542,0.089796361,0.010416507,1.406282572,0.077522591,0.154867257,1.340222905,0.009621938,0.087313556,0.130371651,0.004616462,0.003541135,0.130838133,0.004544949,0.152654867,0.003802971,0.006764579,118.2813977,0.174778761,0.006747292,0.003664394,0.003981489,0.230088496,0.080752212
2,207,0.043312826,0.010624192,269.8470208,0.10048443,0.101110005,80.6908894,0.036101342,0.094026549,0.066089369,0.066071413,0.033898701,507.1574812,0.033892624,0.074084656,0.081759316,0.019139366,0.015796305,0.014540497,0.011097911,0.081933916,0.214879199,0.061225675,0.074053176,78.96006692,0.192178701,199.7552616,0.120575221,0.548283261,0.548027908,0.056621187,0.02927568,0.006066508,0.015299579,25.3860651,884.0116815,0.211191691,0.3480281,0.050126962,0.357842074,0.037444172,0.014030351,0.211077487,0.168141593,0.153517865,0.020856413,212.6438105,0.011191016,0.165717277,476.4710083,0.15350984,0.114059497,0.016475172,0.018319213,0.00837812,58.23739918,0.017708309,0.060952943,0.039013916,0.036551401,0.036670584,0.020902767,200.7003481,0.037637984,0.021571339,0.012814977,0.02178227,0.014163653,0.045567316,0.020653523,0.547027019,0.542047654,0.019156519,0.020035703,0.54316497,0.546152362,0.01680491,0.123893805,0.313160209,0.023182833,0.136061947,0.125815752,0.105088496,0.127212389,0.080771568,0.079580625,0.035112361,0.099557522,0.085557914,0.007857967,0.225456658,0.09445413,0.034580237,0.140854277,1241.710727,0.023147026,0.141016665,0.082844074,-0.001092772,0.076479113,0.414156471,0.02323432,0.149336283,0.22537171,0.413085842,0.005230707,0.086631857,0.0344656,0.129407684,0.012855651,0.094512337,0.011179965,0.028569938,115.2051794,108.3401319,0.217920354,0.016724881,1315.645984,0.013115858,0.005467338,0.012874942,0.02856625,0.013105172,0.279780392,1.179232128,1.180697546,0.061656434,0.069029608,18.08130186,139.9142595,0.115032205,0.065754153,0.062512088,0.005215778,1.199802339,0.015895986,0.114896408,1.006510112,1.206695067,0.011736965,82.82982719,0.081659832,0.085814691,0.042193856,1.701907113,0.162094365,0.14380531,1.702764349,0.246588912,0.079572263,0.094948201,0.061624811,0.024781094,0.096357203,0.011740473,0.074115044,0.010132285,0.075423607,652.5848245,0.153761062,0.075461839,0.029038021,0.065371396,0.17920354,0.043141593
1,156,0.007988452,0.003858098,47.16925472,0.020741907,0.021650001,17.7866922,0.006603083,0.121681416,0.008026777,0.008030989,0.009657251,109.7653857,0.009710776,0.016825385,0.029939771,0.005851186,0.00484805,0.005466868,0.008531434,0.03039584,0.132660519,0.105505083,0.017055678,39.85645181,0.045104535,124.5293601,0.081858407,0.134476528,0.134881153,0.058433066,0.009592616,0.00404255,0.027338605,16.89612784,306.8592318,0.027294723,0.287110003,0.020250644,0.28853219,0.005771683,0.006273404,0.027386286,0.175884956,0.066728661,0.020474513,115.3321578,0.008558252,0.082207985,231.6417513,0.066765241,0.017161497,0.008684195,0.019506059,0.010775106,39.15329056,0.005729981,0.071394976,0.015266317,0.013961488,0.014037245,0.01023625,73.51345407,0.014827195,0.008659174,0.005989165,0.028654237,0.014855266,0.004218367,0.027392417,0.610554977,0.255295451,0.00646724,0.011575484,0.255218805,0.610892632,0.009149886,0.192477876,0.136771112,0.021935143,0.10840708,0.068565077,0.196902655,0.217920354,0.054219394,0.0477911,0.038943786,0.065265487,0.071350401,0.00616311,0.289202521,0.053800414,0.038753541,0.080286345,911.4335416,0.019998443,0.080798545,0.025905106,-0.000275664,0.048223601,0.653088784,0.022780913,0.162610619,0.289418215,0.6522239,0.002128705,0.07555148,0.02367857,0.06854923,0.006286617,0.05377066,0.005749118,0.014682969,39.90648583,29.90375379,0.209070796,0.006405413,892.0265157,0.003527398,-0.025306332,0.003307175,0.014831337,0.003768246,0.129373576,0.602533121,0.605495166,0.018579164,0.038417896,8.431083371,68.0694175,0.068890115,0.014177411,0.117553507,0.005085051,1.39162039,0.011453338,0.068734466,0.620590401,1.390856004,0.009034428,60.52179297,0.038106088,0.138991367,0.061940747,1.188628786,0.088271203,0.17920354,1.188434592,0.137140576,0.136499259,0.111064242,0.018574296,0.00451363,0.112315472,0.009047677,0.139380531,0.005779122,0.015630232,192.0467207,0.188053097,0.015586255,0.013307518,0.014961277,0.222345133,0.064159292
2,75,0.016464189,0.004346297,45.40018225,0.033497593,0.033482947,15.63978461,0.005955653,0.137168142,0.006623552,0.006636659,0.009008396,51.11501873,0.009073282,0.012661692,0.021759226,0.005792408,0.004730437,0.01052581,0.006767385,0.021789619,0.069423628,0.050749623,0.012769437,40.55340056,0.014733335,138.1098805,0.113938053,0.030069772,0.030471861,0.040239009,0.009545538,0.00398376,0.008646394,14.45282911,564.0194127,0.016968402,0.257370328,0.016137173,0.260711307,0.005293481,0.005772328,0.017748314,0.115044248,0.100361723,0.013554506,99.61516879,0.006878609,0.126911719,549.0172387,0.099133997,0.010346645,0.007151184,0.009833462,0.005885016,53.82032412,0.008359868,0.034978574,0.028845766,0.012072328,0.01207117,0.007776805,71.73852238,0.028591755,0.009257685,0.005869858,0.0228817,0.009503757,0.006099944,0.013306418,0.650764824,0.413286186,0.006178541,0.016513362,0.417535638,0.65094236,0.007149743,0.133849558,0.149532041,0.023145543,0.119469027,0.061934609,0.158185841,0.188053097,0.046977128,0.045825093,0.016645693,0.061946903,0.07353381,0.005834756,0.279366546,0.064149522,0.016541055,0.13833452,1163.28151,-0.052873678,0.138493069,0.045002368,-0.000234892,0.044883014,0.883424491,0.023384538,0.148230088,0.279693336,0.881692064,0.005796093,0.073496399,0.027820102,0.062867181,0.00624719,0.064114164,0.005149834,0.040487619,56.71843164,18.99629945,0.226769912,0.008857948,988.3535443,0.004870224,-0.021955897,0.006141862,0.041145781,0.006456362,0.132441,0.930215023,0.933015071,0.009987123,0.068365315,10.16268439,37.7255303,0.053775574,0.030347332,0.132675379,0.003154379,1.50633,0.006078836,0.053444218,0.647572215,1.632825795,0.007175045,69.49083408,0.036915701,0.189230127,0.025494355,1.075901408,0.123644739,0.168141593,1.04990844,0.274088337,0.181556919,0.128422592,0.010111056,0.007973746,0.128877117,0.007176386,0.079646018,0.007611529,0.026866792,335.7274494,0.192477876,0.026879915,0.006795564,0.008767227,0.186946903,0.049778761
2,112,0.017955353,0.003125673,63.28589232,0.042998661,0.043172768,15.59051108,0.008111113,0.169247788,0.008180034,0.008210311,0.008029633,146.7949974,0.008084437,0.019219731,0.057981185,0.005477049,0.00326946,0.022647777,0.0126702,0.058001066,0.080363894,0.086952966,0.019489047,96.01103082,0.050238454,136.9118261,0.122787611,0.109215677,0.10920775,0.059011033,0.026618449,0.00398591,0.007100556,26.71609236,603.8601404,0.023622871,0.354988652,0.021436493,0.365994066,0.004261007,0.008433374,0.023617526,0.088495575,0.289619901,0.012422432,257.6552749,0.012680662,0.179974564,605.7674503,0.287272672,0.011326881,0.008124226,0.024645442,0.008033936,82.08847022,0.008706116,0.049793785,0.052221099,0.020996824,0.020995827,0.021559959,97.40829693,0.052225188,0.009971647,0.008157438,0.030711422,0.011507848,0.003792855,0.018111855,1.211750976,0.376006886,0.005570036,0.022626412,0.382400959,1.211738961,0.008385246,0.140486726,0.596807411,0.036218594,0.136061947,0.072194723,0.136061947,0.137168142,0.15948589,0.155992659,0.053671927,0.098451327,0.088050309,0.006464007,0.289411976,0.058854861,0.053596618,0.087438903,1050.127911,-0.040692818,0.087560747,0.202956948,-0.001098814,0.071137678,0.432105483,0.043246395,0.10840708,0.290318655,0.432337058,0.006765901,0.088028926,0.0481658,0.072155614,0.008497488,0.059121763,0.004858293,0.065393162,66.26958138,31.10920427,0.181415929,0.027643788,1947.396673,0.007551996,-0.048489692,0.017706611,0.065447736,0.017786259,0.184862486,2.203842022,2.210991833,0.015482827,0.069983049,24.55083803,123.6406325,0.165179534,0.036513672,0.076248362,0.006667913,1.459999863,0.010533604,0.160821018,0.661558491,1.493387748,0.014951962,89.32091214,0.215369964,0.110264972,0.039596307,1.638900106,0.175900277,0.098451327,1.617565637,0.242886056,0.100658452,0.153897335,0.016003629,0.00223841,0.154201066,0.01494369,0.07300885,0.007233555,0.004021334,468.3911257,0.148230088,0.004023558,0.018025839,0.019275192,0.139380531,0.07079646
1,409,0.004973397,0.003218472,30.81126408,0.01094712,0.011041119,10.63709352,0.003407353,0.14380531,0.005095922,0.005147494,0.00457395,35.72555008,0.004626774,0.008296209,0.009058914,0.004810912,0.002587743,0.005489656,0.006661284,0.009060584,0.034635589,0.076920205,0.008298981,33.99542402,0.011224614,90.85639021,0.101769912,0.027115593,0.027102562,0.016656316,0.004197587,0.003025994,0.007198872,12.00402129,278.2285483,0.025378358,0.313152037,0.009446298,0.313024298,0.003356039,0.005475314,0.026594589,0.193584071,0.034545485,0.008971152,45.78492764,0.006731674,0.15795269,231.7042396,0.033899495,0.01058502,0.005725364,0.012960548,0.010058422,38.22061668,0.004411291,0.056595734,0.011541748,0.011914548,0.011936905,0.004264326,112.6895676,0.011481013,0.005803828,0.004263675,0.030188236,0.011317343,0.002825133,0.020201433,0.314616635,0.184844289,0.004997796,0.013547423,0.185913151,0.312683076,0.006213132,0.157079646,0.03572296,0.021417344,0.101769912,0.09456413,0.136061947,0.013274336,0.026482121,0.026283388,0.023555016,0.060840708,0.05508163,0.004273548,0.308694069,0.057131846,0.023357661,0.067450748,667.6838489,-0.016382085,0.067486986,0.010338155,-0.002165767,0.085287065,1.111381565,0.02174189,0.174778761,0.309687588,1.1113567,0.002446424,0.055601483,0.028312923,0.11656939,0.004316379,0.057322412,0.003852307,0.036379288,30.26166821,13.4187025,0.19579646,0.006300248,436.9576923,0.003216002,0.064855049,0.004997575,0.036510608,0.005327373,0.091018652,0.332462406,0.333146927,0.005154649,0.039015995,7.802566665,45.48174277,0.021367015,0.010909152,0.231184598,0.003180817,1.61161141,0.006088715,0.020739613,0.389195247,1.671274115,0.005780424,122.5637248,0.012136266,0.271034888,0.016760483,1.924634184,0.272005671,0.213495575,1.883495423,0.15389387,0.26267532,0.236048889,0.005300027,0.00247485,0.241305365,0.005779826,0.086283186,0.00658732,0.005637731,149.2338416,0.132743363,0.005632674,0.004400822,0.006846675,0.015486726,0.059734513
1,144,0.008288457,0.004260636,51.11887037,0.017648774,0.018855812,18.91411756,0.005614397,0.144911504,0.008924139,0.008968286,0.01051239,74.17322114,0.010506965,0.013180423,0.016077311,0.006558259,0.006664318,0.009292399,0.009433544,0.01614911,0.050120356,0.078388027,0.013241361,53.42359771,0.036689129,56.48397088,0.065265487,0.063473011,0.063768349,0.019234059,0.009550713,0.005593442,0.00892399,19.57242693,595.9796078,0.038486375,0.39255026,0.011703249,0.397316965,0.006069065,0.008194906,0.038636822,0.184734513,0.048683822,0.009462866,83.69181366,0.009434213,0.062291447,679.5424945,0.048455329,0.024603164,0.01140942,0.023764784,0.012322357,36.0366646,0.006090401,0.027853311,0.019207442,0.016304477,0.016399172,0.015263367,169.6285488,0.018854031,0.007684862,0.007407022,0.027268162,0.014927954,0.00394164,0.019818672,0.503543479,0.282898352,0.0065713,0.009412334,0.304705119,0.487201417,0.011519031,0.146017699,0.074160647,0.01600965,0.125,0.077474987,0.118362832,0.030973451,0.045613351,0.04524148,0.038479207,0.088495575,0.028376942,0.006169035,0.33060904,0.026297303,0.037861352,0.037520159,559.583957,0.003721891,0.03817718,0.0151089,-0.001045718,0.039722572,0.713926114,0.016265976,0.110619469,0.338999787,0.714192653,0.002437324,0.028631196,0.034780384,0.08982154,0.007722565,0.029140066,0.008852405,0.016002964,32.57703123,38.16411992,0.244469027,0.004664933,790.4889798,0.002565587,0.006718329,0.004087782,0.016311679,0.004273305,0.043032763,0.572106295,0.572730481,0.014206294,0.017048022,7.231222086,68.3360899,0.05356045,0.011461656,0.08540089,0.006283447,2.256532585,0.01145513,0.053583699,0.454471606,2.259757121,0.009949308,151.0718659,0.024707543,0.163258501,0.027129754,2.026202706,0.104969206,0.184734513,2.026361937,0.242284091,0.148905041,0.109664015,0.014235203,0.002478418,0.122280415,0.009944188,0.082964602,0.008786145,0.006170504,141.2453872,0.215707965,0.006001882,0.02027975,0.025413971,0.084070796,0.116150442
2,298,0.521388592,0.057919423,2064.57775,1.661345578,1.660463503,229.3358766,0.182207463,0.084070796,0.103417158,0.103410665,0.092009775,1589.124673,0.092146244,0.564691938,0.374422084,0.127508957,0.033174537,0.086166186,0.046320507,0.374215012,0.454195857,0.118012577,0.564510756,439.2632972,0.430430419,486.3266559,0.158185841,1.332443723,1.331793922,0.579819063,0.119639425,0.010788537,0.093833494,90.97226815,2908.325724,0.564140102,0.355312427,0.09587463,0.357406595,0.056127561,0.02550134,0.563833489,0.127212389,0.245627711,0.155087533,322.5369316,0.046309921,0.273222973,481.1587239,0.245719921,0.18479152,0.096269241,0.115169159,0.011151868,103.0942106,0.024467215,0.060388047,0.261540283,0.066912577,0.066882528,0.098485024,589.1241766,0.26166487,0.017752748,0.023569222,0.037303531,0.010891936,0.524827908,0.022911218,0.646737143,1.387624982,0.12745287,0.020210355,1.389243262,0.645673504,0.123310761,0.115044248,0.511919697,0.071418902,0.136061947,0.176566436,0.105088496,0.152654867,0.096568632,0.096377046,0.301820308,0.101769912,0.231398195,0.027313235,0.186757462,0.131246708,0.30197242,0.403896912,2538.224293,0.002455164,0.403673464,0.12921179,0.031488621,0.090963764,0.513534964,0.073869601,0.08960177,0.186675475,0.513547212,0.042104597,0.234872941,0.029973098,0.183325609,0.023558169,0.13708367,0.028749663,0.05988449,167.6829175,287.0769604,0.075221239,0.253893946,1829.315655,0.083344636,-0.002040629,0.073492768,0.060687622,0.073875314,1.023544126,1.37891013,1.37816174,0.110253051,0.157922009,139.6060967,571.6522915,0.169026929,0.245045315,0.077266061,0.028465221,1.072381409,0.043320521,0.168669253,2.793110436,1.075374756,0.06168521,93.94690939,0.195122073,0.260652543,0.233893262,0.88860183,0.103969256,0.100663717,0.881471284,0.101116966,0.164800036,0.0997001,0.119477692,0.241663676,0.103766854,0.061654001,0.091814159,0.007791752,0.860830674,1100.576432,0.105088496,0.861070173,0.050887092,0.135950754,0.119469027,0.087389381
1,139,0.005064404,0.00210414,25.23963628,0.00996405,0.009958988,10.76030878,0.00308016,0.180309735,0.00630436,0.006304814,0.006030754,29.0477363,0.00602868,0.008225366,0.009336458,0.002779733,0.003652324,0.003750549,0.004631226,0.009332752,0.045678639,0.038381471,0.008250748,20.10686174,0.010476609,67.08633222,0.091814159,0.024984214,0.024986073,0.025480395,0.004442232,0.001816153,0.00745879,9.729862789,548.52282,0.020256864,0.224106215,0.012491,0.224046656,0.00487761,0.002753779,0.020251542,0.049778761,0.040403724,0.006799622,67.37318569,0.004652262,0.01473337,637.8433849,0.037250332,0.010920306,0.003007476,0.006537472,0.004472248,17.55233295,0.002596424,0.006830596,0.008134883,0.008377921,0.009094179,0.002594855,45.60638268,0.007897194,0.00381718,0.002450593,0.018714454,0.006849039,0.0024419,0.009404402,0.393372165,0.316364175,0.003067636,0.004366506,0.316368601,0.38968085,0.003049486,0.090707965,0.066140067,0.006240433,0.079646018,0.03326782,0.154867257,0.118362832,0.035864998,0.035128485,0.01128899,0.065265487,0.022299151,0.003605629,0.027255354,0.046192859,0.011216307,0.040109094,563.3594702,-0.010135549,0.041671696,0.015676966,-0.000462373,0.014169018,0.335755137,0.007766382,0.113938053,0.027488516,0.33589721,0.001624356,0.022952478,0.012051746,0.033266784,0.004333632,0.047073057,0.002417291,0.007070806,20.40182052,11.03366684,0.256637168,0.00331774,539.1658975,0.001951896,0.018765207,0.001952767,0.007500541,0.002103682,0.059336815,0.371179252,0.37963097,0.006027817,0.016427602,5.31920498,26.05705046,0.029861855,0.006274005,0.022568193,0.002951077,0.561896049,0.003275529,0.029866721,0.387362542,0.575658158,0.004364286,59.74756129,0.029296523,0.065162334,0.0182194,0.438015754,0.009944517,0.23119469,0.431072614,0.145418196,0.064926909,0.045382566,0.006330485,0.002207525,0.04574812,0.004371826,0.029867257,0.002964942,0.004046181,104.5316974,0.175884956,0.004048143,0.003975329,0.005326977,0.105088496,0.055309735
1,109,0.005102098,0.002795617,26.56543086,0.012456963,0.013138694,11.50951999,0.003288481,0.174778761,0.004916179,0.00661021,0.00400814,41.25105524,0.004049057,0.00866298,0.012326085,0.004108087,0.002204264,0.003245343,0.003159321,0.012395865,0.018706993,0.010843395,0.008808459,18.04785585,0.010788585,33.79157872,0.038716814,0.028423782,0.028408289,0.016609211,0.005679686,0.002071857,0.003466879,6.895706851,227.1449362,0.01850942,0.091609729,0.006385448,0.096926417,0.002994456,0.002302,0.0194554,0.032079646,0.026813954,0.005940043,53.20749371,0.003444421,0.070329879,112.1553996,0.024031121,0.006480478,0.005950959,0.003701174,0.004034404,20.08783141,0.003099821,0.029953134,0.008878916,0.007132913,0.007128995,0.004872887,40.81680662,0.008731501,0.002928775,0.0027296,0.017094079,0.004312189,0.002721423,0.003961906,0.535366904,0.183952002,0.004985495,0.004007241,0.192148272,0.535081668,0.006080346,0.112831858,0.028755707,0.006919369,0.050884956,0.034419484,0.162610619,0.024336283,0.030338352,0.025422757,0.009173771,0.040929204,0.010711419,0.002122989,0.317860764,0.014717309,0.007665374,0.013010419,269.8525315,0.000677338,0.020003826,0.007903648,-0.000408787,0.039481977,0.537147378,0.011472938,0.087389381,0.317844739,0.537432298,0.00153782,0.014745552,0.008628557,0.034965273,0.002755808,0.014723503,0.003621483,0.008491676,21.44596282,15.1076196,0.188053097,0.00225738,568.6893371,0.002129219,0.007241281,0.002335433,0.008707003,0.003011365,0.018285767,0.458999555,0.458753009,0.005440887,0.007210675,4.897452423,31.86192663,0.025028428,0.006620684,0.061291551,0.001799564,1.57388354,0.003586255,0.024628044,0.162488301,1.59468522,0.003234077,26.53736383,0.014230819,0.1473158,0.020601201,1.499753052,0.064982493,0.170353982,1.444596386,0.123673947,0.14355972,0.08771742,0.006811609,0.002240113,0.090408384,0.003369125,0.10619469,0.00294285,0.00377023,131.1082803,0.144911504,0.003767799,0.004760351,0.007947372,0.048672566,0.048672566
2,423,0.036181008,0.005929376,255.6256747,0.067314919,0.067380852,50.0111212,0.020583908,0.130530973,0.035969104,0.035950949,0.023873521,372.5444491,0.023867435,0.043081189,0.131561492,0.008312066,0.012857425,0.015315869,0.034827692,0.134324083,0.293235286,0.105507823,0.043079447,151.4836758,0.125900708,131.610422,0.137168142,0.30613024,0.306917717,0.036291622,0.044790673,0.010607631,0.011565837,60.60144227,592.3928956,0.229043928,0.229810821,0.042944517,0.229708758,0.020774857,0.030840282,0.228921389,0.150442478,0.098271091,0.01970332,144.1732395,0.034970027,0.087126437,277.8136845,0.098324849,0.108697055,0.031448482,0.055952422,0.006968209,49.45741675,0.005659559,0.023047061,0.030620233,0.060782982,0.060753096,0.050974507,95.36519583,0.030536267,0.008192962,0.020108468,0.026594032,0.019139294,0.005369206,0.022835902,0.631592832,0.707205275,0.008622931,0.022069401,0.706843393,0.631939635,0.031819754,0.151548673,0.193607458,0.016539042,0.164823009,0.093946072,0.169247788,0.167035398,0.042745039,0.042628398,0.134769779,0.103982301,0.064161708,0.021430419,0.184093587,0.053977495,0.134756724,0.077589851,952.3962097,-0.008124677,0.078500289,0.048294748,0.000491356,0.052542024,0.90791145,0.016541967,0.150442478,0.184107387,0.90814502,0.003201896,0.064156599,0.032540616,0.093895057,0.020179362,0.0539903,0.016649276,0.035223433,48.56623535,141.4850328,0.181415929,0.006773816,971.0925417,0.004311125,-0.02938661,0.004941797,0.035208162,0.005799763,0.147774815,0.63895339,0.63991726,0.060939898,0.050440248,10.83619314,346.339977,0.071566494,0.02081392,0.125368801,0.014069964,0.79547616,0.038640361,0.071553413,0.485033678,0.836465998,0.025305534,71.29094113,0.066135801,0.154854426,0.041567951,1.182889461,0.071861802,0.138274336,1.153083675,0.000595827,0.153535731,0.221778236,0.061129787,0.006509825,0.22367881,0.025297151,0.144911504,0.008527346,0.016777867,225.9355328,0.142699115,0.01677096,0.049334951,0.100516771,0.154867257,0.116150442
0,232,0.004455243,0.002464501,20.91719471,0.011310065,0.011456116,7.502256391,0.003153807,0.227876106,0.003482731,0.003483638,0.003734974,31.577411,0.003733085,0.009204085,0.015166669,0.002593622,0.002019244,0.005466241,0.004295568,0.015543911,0.022455463,0.009469226,0.009280228,22.50702138,0.007356433,399.4865616,0.050884956,0.019210446,0.019300435,0.013518766,0.003367932,0.002485981,0.003948626,8.86619618,158.1585774,0.00852819,0.022312634,0.005876695,0.022327251,0.00277852,0.003941508,0.008872666,0.122787611,0.258751516,0.00599856,192.2907695,0.004383496,0.198863721,41.59719493,0.258860951,0.005041972,0.004282986,0.007197424,0.002798196,44.75850622,0.004970082,0.061688038,0.012448321,0.007643586,0.007729179,0.003637774,38.26298671,0.011819659,0.003924515,0.003294727,0.005532868,0.003309551,0.002673304,0.006261245,0.920376898,0.167486157,0.003106473,0.010732565,0.16797082,0.920026672,0.004345978,0.150442478,0.367907424,0.016718435,0.088495575,0.03118483,0.14380531,0.17920354,0.141178405,0.141254358,0.010849514,0.044247788,0.175899314,0.003284852,0.254444128,0.15767344,0.010810283,0.207127207,1695.165567,-0.01374639,0.227876986,0.170484895,-0.000621402,0.057891515,0.872276576,0.016755296,0.131637168,0.254798454,0.868768047,0.004915009,0.186534159,0.006397709,0.032204504,0.003464133,0.202177728,0.002171967,0.033754747,43.96326817,8.979629741,0.201327434,0.010656172,1135.790224,0.006773033,0.00926677,0.007204634,0.038564865,0.007208566,0.281178738,0.992560984,0.993016028,0.004252143,0.105838136,11.64913248,39.02324071,0.141111301,0.010810249,0.158880163,0.002776797,1.966776729,0.004763356,0.140957897,1.3341924,2.002445158,0.004264617,44.58341491,0.177742425,0.211560952,0.019166314,2.641535432,0.172898707,0.158185841,2.615612189,0.069218248,0.21166373,0.204624051,0.004618786,0.00202596,0.204566299,0.004314815,0.127212389,0.004092204,0.002838348,164.4562872,0.167035398,0.002797522,0.003611297,0.004739666,0.116150442,0.05420354
0,319,0.015252284,0.002937903,42.56618847,0.03091456,0.03212528,15.90438293,0.008173763,0.147123894,0.00971472,0.010026846,0.009504738,43.75878096,0.009548556,0.024427912,0.014511161,0.008605716,0.004114407,0.008419002,0.01191453,0.015222085,0.031100899,0.01929072,0.025920029,44.69654782,0.012793591,46.14791879,0.053097345,0.031765886,0.032168694,0.028079844,0.008119431,0.002738921,0.007066702,16.20238676,565.5713258,0.023166547,0.293357727,0.009405682,0.307746473,0.004216109,0.005776729,0.023168,0.047566372,0.042146731,0.011108436,78.36356334,0.01199411,0.020128242,398.9513397,0.038515919,0.011707829,0.004938186,0.011503674,0.00562294,31.75869876,0.003253745,0.008160334,0.023308447,0.024916762,0.025228863,0.004650982,76.05912243,0.022324224,0.004453147,0.006163222,0.011740426,0.011140053,0.00807046,0.007388771,0.471399268,0.238800418,0.00865846,0.008128703,0.248802382,0.47163512,0.004947849,0.126106195,0.03268385,0.015240639,0.056415929,0.042965584,0.190265487,0.154867257,0.036610828,0.036127953,0.02615512,0.021017699,0.017807358,0.004353939,0.684054409,0.017129085,0.026138662,0.01874453,569.5469084,0.193676428,0.026002855,0.010073227,-0.000788364,0.008980058,2.135286936,0.015839168,0.071902655,0.689989869,2.134027935,0.003125339,0.017822515,0.023559706,0.042949009,0.006160389,0.017736807,0.003625178,0.013061337,30.20836284,15.42501626,0.237831858,0.007922015,670.440675,0.003766624,0.001745286,0.005449286,0.013858356,0.005644229,0.023740908,0.425298861,0.425159703,0.007516414,0.009385008,7.947502306,53.23759,0.038938418,0.011793022,0.33915413,0.004063019,2.501074737,0.009399253,0.031436466,0.328359472,2.623775683,0.010977559,138.9458869,0.015668142,0.464008761,0.017015301,2.351514646,0.021249985,0.194690265,2.103789848,0.257443627,0.461589874,0.523076045,0.007910503,0.004219907,0.534391837,0.010975734,0.085176991,0.003278055,0.011319182,144.8969512,0.171460177,0.011323172,0.005627091,0.008151933,0.07079646,0.076327434
1,59,0.006609158,0.003211258,52.09912677,0.02208682,0.02210472,18.97171596,0.006463087,0.075221239,0.010724124,0.010984226,0.010162631,65.00857528,0.010165647,0.02241576,0.018375928,0.004530296,0.005081766,0.004355226,0.007600881,0.019294224,0.140879885,0.073678449,0.022481271,39.65138594,0.013066039,170.6076859,0.065265487,0.041130875,0.041942397,0.056553274,0.006333732,0.002526516,0.02403933,15.02091409,662.9345839,0.027988049,0.258769182,0.04145345,0.260316746,0.007217485,0.004598465,0.028550851,0.10619469,0.079332287,0.032337111,129.8137254,0.007634754,0.096727478,669.4356848,0.079087678,0.013712502,0.004293661,0.008395923,0.016668829,27.04919508,0.004390593,0.044731294,0.019546164,0.018439302,0.018544532,0.005081197,120.3695944,0.019545414,0.006949602,0.003951134,0.041755609,0.018776278,0.006934775,0.026143226,0.535741571,0.420672253,0.004953437,0.008842161,0.426245551,0.506578569,0.005608407,0.098451327,0.136558721,0.009431179,0.126106195,0.091601299,0.139380531,0.144911504,0.074579209,0.072892877,0.016835901,0.059734513,0.19529779,0.004071003,0.456939301,0.127088673,0.016737838,0.210181094,1295.771389,0.071809004,0.210288251,0.043099083,-0.001384389,0.053254349,1.351244029,0.01175384,0.119469027,0.456838057,1.351065883,0.002631161,0.195275661,0.03698974,0.091550856,0.004080227,0.130291478,0.003337124,0.014234532,36.64640106,17.51346546,0.159292035,0.006567393,725.6518714,0.003272447,0.006300404,0.004130011,0.01422866,0.004454908,0.256205081,0.537013661,0.537451981,0.009365712,0.11883111,8.231930734,442.2676863,0.215457145,0.012510886,0.187468756,0.002759398,1.724984223,0.080181451,0.214459683,0.86071714,1.837636011,0.008974607,117.838937,0.071023019,0.293065024,0.067490242,1.312943659,0.126855002,0.165929204,1.290483497,0.299752972,0.222452528,0.335587107,0.009722532,0.007536826,0.335447439,0.008996714,0.032079646,0.003722887,0.029337338,151.7208959,0.150442478,0.02934906,0.00512064,0.008427033,0.105088496,0.053097345
2,326,0.025701308,0.004803544,78.01399231,0.054338344,0.054661167,23.02461879,0.008663647,0.163716814,0.012154725,0.012161188,0.011044921,785.1207697,0.011142262,0.021243997,0.627566556,0.008576156,0.005976149,0.06565741,0.031832879,0.627870588,0.048684334,0.086374206,0.021271527,245.8355662,0.096896879,118.6556757,0.180309735,0.632858809,0.632520859,0.034660157,0.0681674,0.010166552,0.009429444,52.88697655,458.8846644,0.034150179,0.371141215,0.017584307,0.384829743,0.007310709,0.019011637,0.034571818,0.162610619,0.062590205,0.015046157,90.8610155,0.031853608,0.087375428,438.4959407,0.061844067,0.016817543,0.058932493,0.06736386,0.010931738,72.78523351,0.012970218,0.03748652,0.147878533,0.049458022,0.050005297,0.034361728,65.09752403,0.147515012,0.017856418,0.020076466,0.034039799,0.021992238,0.003933647,0.02512093,0.436122165,0.380088499,0.008628902,0.023905273,0.404259265,0.435313518,0.063048314,0.164823009,0.130017564,0.035151194,0.164823009,0.038872955,0.148230088,0.188053097,0.033483962,0.03320252,0.161083498,0.085176991,0.06216473,0.016607381,0.131041473,0.061885101,0.160882955,0.102630558,874.1953266,0.018035689,0.103164682,0.032062176,0.00072497,0.038308283,0.41813477,0.036361768,0.181415929,0.131007422,0.417625936,0.003472096,0.062133837,0.036521295,0.039528421,0.020161386,0.061938378,0.017806059,0.034171275,58.80303367,116.9763819,0.119469027,0.007971886,719.3694481,0.004070806,0.006280058,0.005199329,0.034883237,0.00544744,0.15490534,0.490306609,0.494889309,0.121037722,0.060235454,10.57091822,91.74734727,0.056723897,0.041494777,0.06236528,0.011495412,1.362903976,0.015043967,0.056521839,0.662020725,1.381656018,0.021626901,78.26299852,0.028949122,0.088306398,0.021420619,1.242695977,0.104548818,0.117256637,1.207742839,0.225104899,0.075717743,0.097083966,0.121272501,0.002713363,0.137965464,0.021615023,0.136061947,0.015024875,0.005291091,331.3242546,0.157079646,0.00527221,0.019268217,0.074133539,0.173672566,0.128318584
0,132,0.013293486,0.00383803,159.0117944,0.113479603,0.11537017,89.4955145,0.018535497,0.201327434,0.029591402,0.05027523,0.032863253,69.16705886,0.034928387,0.203490408,0.015065068,0.017962532,0.008925259,0.012358265,0.03017609,0.016027666,0.011167075,0.048961288,0.208952127,171.2766418,0.017782182,53.21119712,0.002212389,0.065842826,0.065881731,0.007007812,0.004609687,0.004780991,0.003164778,72.93712591,63.42025035,0.220145678,0.164123678,0.004031882,0.165347677,0.01062337,0.017216461,0.222952903,0.017699115,0.056290638,0.004778103,81.17192818,0.042922596,0.077695308,75.85140642,0.022352057,0.035161332,0.005879545,0.021347067,0.002747319,77.13245338,0.005879807,0.04346469,0.1700831,0.214115874,0.218977608,0.005006508,75.15192194,0.166507477,0.008681112,0.025661412,0.007249684,0.006357778,0.002537013,0.009700156,0.061835135,0.040907815,0.034939985,0.021822968,0.040885196,0.053161949,0.029935189,0.113938053,0.010304255,0.033218863,0.0,0.009400385,0.060840708,0.002212389,0.028051605,0.008058898,0.166488841,0.046460177,0.012965396,0.009450845,0.360009948,0.01113189,0.163063399,0.014384047,150.4276548,0.000696154,0.03100582,0.007240966,-0.036304859,0.057464255,1.440164625,0.03738583,0.006637168,0.370973773,1.440961647,0.002884232,0.013328643,0.009937598,0.035645586,0.035240995,0.023301679,0.004287902,0.02617385,96.68429901,75.44339731,0.0,0.00443228,94.5312401,0.002648644,-0.032689834,0.005644146,0.034353037,0.019432006,0.014031636,0.055283596,0.071214672,0.013456023,0.006431383,41.83222982,67.9208352,0.013783092,0.013894938,0.1116696,0.006331827,1.029638574,0.004099261,0.01152753,0.09159761,1.029089035,0.029392378,51.27114333,0.005095919,0.271192236,0.004582255,1.147876962,0.082206813,0.0,1.140028359,0.004425683,0.259711983,0.223291328,0.022416192,0.002005803,0.236634613,0.029718897,0.086283186,0.005250867,0.004739808,321.9812521,0.140486726,0.004727332,0.008632727,0.01137313,0.013274336,0.079646018
0,46,0.004523369,0.002109601,22.39831143,0.01039528,0.01055623,9.004521146,0.003256208,0.222345133,0.004689448,0.004806702,0.004957537,34.80887346,0.004956359,0.008413274,0.010648366,0.002842688,0.002330662,0.005433558,0.00573178,0.010793883,0.043147399,0.022877809,0.00926353,27.77448649,0.012246545,137.7766169,0.059734513,0.024834618,0.025007282,0.021192589,0.004690175,0.002698879,0.006834154,10.1248698,295.3540808,0.011660486,0.095290223,0.010486835,0.095595452,0.003449218,0.004495818,0.01202345,0.037610619,0.07983348,0.011033771,137.9819251,0.005730389,0.029218934,189.1881339,0.076555593,0.007066537,0.002834971,0.008046882,0.005366756,26.72298616,0.003248771,0.016703093,0.011811022,0.011960386,0.011957672,0.00446385,51.95233614,0.011313673,0.003319117,0.003588281,0.013400764,0.00878035,0.003402217,0.011710209,0.426474522,0.241505783,0.003057326,0.006531968,0.243029652,0.425833323,0.004130699,0.204646018,0.092275712,0.017137469,0.038716814,0.025783795,0.169247788,0.188053097,0.091286857,0.091081625,0.015390719,0.037610619,0.069223033,0.004341355,0.363384958,0.090547252,0.012950529,0.102397464,1083.182113,0.068653187,0.103642353,0.03068439,2.1e-05,0.016571095,0.974635769,0.023192237,0.128318584,0.364993809,0.9666904,0.003199477,0.069277465,0.018429742,0.026819814,0.003591275,0.090769226,0.002650442,0.01026785,21.9676926,11.94471145,0.163716814,0.007259762,982.8543336,0.00344774,-0.027352528,0.005063289,0.010275689,0.00527453,0.107864046,0.892726422,0.899005895,0.006046132,0.068372148,7.578290924,47.8941473,0.108546185,0.006395524,0.124826909,0.002974305,1.51740782,0.006848968,0.108545927,0.835326526,1.593713292,0.004854585,76.53851117,0.037980401,0.209171343,0.013097777,1.571087399,0.038084485,0.188053097,1.550805082,0.073719538,0.153737244,0.127701394,0.006119245,0.002535756,0.128510072,0.00486549,0.10840708,0.003250411,0.00417671,80.50796068,0.183628319,0.004145296,0.006315469,0.00587109,0.237831858,0.075221239
1,85,0.007971809,0.003575874,84.47524611,0.034902944,0.034893316,26.03842343,0.006240091,0.110619469,0.014157414,0.014149581,0.013261659,36.67736434,0.013272177,0.042476467,0.013721812,0.008099011,0.003759573,0.008596389,0.022772417,0.013715339,0.054369604,0.059041631,0.042498838,104.3086813,0.009229827,220.9521025,0.10840708,0.022172467,0.022596312,0.013283046,0.00389509,0.00421882,0.007268247,35.20485215,514.4298502,0.042179917,0.302044076,0.018735452,0.301946023,0.005069002,0.008968867,0.042168744,0.063053097,0.103924907,0.00991881,151.7446357,0.022801599,0.065660289,546.6474262,0.103855097,0.01666122,0.004083265,0.012915596,0.007170423,33.41910331,0.003580808,0.02617761,0.034278156,0.076495137,0.077035891,0.00342564,146.5046875,0.033858147,0.004574278,0.012732575,0.01685008,0.009526621,0.003971763,0.014863949,0.501054901,0.24919629,0.00818348,0.006755464,0.252952731,0.50091461,0.004178124,0.098451327,0.196692263,0.012753853,0.116150442,0.143001972,0.078539823,0.14159292,0.078791855,0.077623989,0.038948142,0.043141593,0.175118357,0.005819241,0.290350157,0.086734389,0.038918046,0.149804101,1579.850133,0.226794801,0.151235766,0.048186387,-0.002337936,0.031862938,1.175849105,0.014162369,0.025442478,0.292149307,1.176429339,0.068701157,0.175055195,0.02343089,0.143271774,0.012726007,0.086956418,0.002653898,0.013909691,34.9840947,11.6865323,0.235619469,0.318504815,1130.432476,0.072733334,-0.031595721,0.150554878,0.014568429,0.150509365,0.364163203,1.046807848,1.046444745,0.005622489,0.104379141,197.6702415,40.84550453,0.115112752,0.008658442,0.092895136,0.004545516,2.063139327,0.005452578,0.115176464,1.749328808,2.064218048,0.016085235,87.12954217,0.049430258,0.174073519,0.01432782,3.042910226,0.081923513,0.131637168,3.034631169,0.236820954,0.162297547,0.166801485,0.005708632,0.002874633,0.177245589,0.016081749,0.05420354,0.003488931,0.009693524,176.6134554,0.138274336,0.009474837,0.003807546,0.006354112,0.134955752,0.068584071
0,247,0.004241673,0.002290448,16.78605521,0.007753658,0.007751999,8.194453637,0.00294592,0.163716814,0.004239032,0.004329738,0.004516935,25.59337585,0.004515426,0.005830745,0.008216987,0.002562909,0.002522109,0.002938597,0.003542295,0.00898954,0.009322298,0.009658163,0.005828176,16.60377337,0.009582337,38.55695212,0.133849558,0.016749306,0.016897009,0.004090798,0.005909699,0.002061759,0.002586878,7.56365682,20.90388448,0.009629985,0.015112939,0.004175722,0.015381024,0.003396834,0.002642558,0.009652093,0.159292035,0.029512015,0.003174348,40.93769275,0.003621389,0.051698381,22.88281358,0.019591416,0.006712449,0.003385425,0.005055814,0.002162723,23.93860296,0.004330128,0.017907111,0.006967573,0.007251218,0.007487245,0.003648801,9.937683973,0.006616468,0.004453157,0.002609954,0.003860459,0.003908585,0.003073421,0.004456517,0.354768659,0.014111942,0.002569165,0.037013281,0.014113284,0.354280923,0.003386635,0.205752212,0.036626693,0.01783652,0.037610619,0.005708191,0.222345133,0.225663717,0.008897891,0.008877829,0.009603051,0.009955752,0.011595887,0.002587146,0.257688553,0.010462395,0.008916121,0.02462125,518.3711109,-0.001196971,0.030458757,0.007088295,-0.001571331,0.016531099,0.881477866,0.018191851,0.149336283,0.257546573,0.881733576,0.002197953,0.01167602,0.003791236,0.005835235,0.003301373,0.011303319,0.002974136,0.018223766,26.4611275,10.17595688,0.278761062,0.005390693,524.7447981,0.003039417,-0.00788704,0.00375745,0.018739946,0.004292915,0.055296103,0.27300021,0.276672118,0.004417815,0.007353222,8.277707296,32.49309743,0.015624394,0.011828161,0.197419721,0.002052444,2.094541539,0.003667093,0.015023525,0.315697897,2.099959109,0.003381015,10.31802321,0.009155863,0.115035524,0.004667011,1.523102813,0.052641982,0.219026549,1.439297104,-0.000134844,0.11222063,0.171739952,0.00444135,0.002699046,0.176473252,0.003555845,0.163716814,0.018035318,0.007102224,189.334337,0.227876106,0.007068992,0.00461065,0.006353479,0.261061947,0.07300885
2,91,0.005571967,0.002527455,36.89517475,0.014762821,0.015060458,16.54284979,0.005096578,0.10619469,0.009264417,0.009319131,0.009400001,98.00237397,0.009394875,0.015869377,0.013584522,0.003897605,0.005014436,0.006019983,0.009268443,0.013648804,0.07941011,0.095818937,0.016153989,39.98495417,0.034087855,97.55632974,0.125,0.090294069,0.090281192,0.02536116,0.00537187,0.004639581,0.010168138,15.91199132,967.1375589,0.020449971,0.318888558,0.01883992,0.331695808,0.00554265,0.005174599,0.021070664,0.175884956,0.05119512,0.014897054,83.65139119,0.009368166,0.064253868,926.2818999,0.048338991,0.010816219,0.008130626,0.013248811,0.01349963,28.57546476,0.031009107,0.022815723,0.013060587,0.015692602,0.015849498,0.0088282,113.2401101,0.013015633,0.009089012,0.005418625,0.030764109,0.017188015,0.010655795,0.02294382,0.416230337,0.328874767,0.004204456,0.040405367,0.335467048,0.41109654,0.00840019,0.112831858,0.091776872,0.017298505,0.131637168,0.054719741,0.095132743,0.125,0.031150577,0.031167547,0.026599294,0.078539823,0.044575714,0.005519862,0.144499652,0.041935743,0.026434582,0.063346386,825.0439102,-0.018503802,0.0645584,0.021386304,-0.002390439,0.023713382,1.09237458,0.017356857,0.163716814,0.144518248,1.090451964,0.010484128,0.044960448,0.031262389,0.056386246,0.005469468,0.042460084,0.004117265,0.016376539,32.43246576,30.49932912,0.138274336,0.020840489,671.1941181,0.009309882,-0.043584971,0.016443414,0.016368462,0.01650953,0.110155339,0.476335426,0.4764981,0.014430946,0.025480302,31.83270268,125.5948851,0.036654489,0.019445827,0.156856929,0.004394136,1.925624314,0.008359627,0.036620984,0.59720494,1.927512093,0.007094883,115.1649168,0.016729321,0.255069855,0.023320763,1.932674329,0.083194601,0.190265487,1.931557423,0.169904277,0.255148971,0.261757324,0.014489844,0.011298217,0.26392706,0.007177517,0.045353982,0.014652632,0.0327354,151.9720213,0.168141593,0.032748619,0.00828197,0.017044366,0.132743363,0.045353982
0,21,0.005386079,0.003048842,45.07262238,0.019284223,0.019641825,17.14924952,0.003839433,0.097345133,0.008206266,0.008230441,0.008902734,36.72981933,0.008980555,0.015757697,0.015220174,0.007294374,0.003238992,0.005316754,0.007598449,0.015227915,0.072026209,0.708744489,0.015751598,45.46064561,0.010132868,109.5945278,0.085176991,0.027796811,0.028590194,0.035082036,0.005308745,0.003026144,0.011685756,17.57840973,1373.41913,0.033486788,1.174668134,0.018894079,1.175607535,0.004389412,0.004285638,0.033847806,0.152654867,0.058893181,0.016988807,74.23646648,0.007910431,0.126165816,1493.369268,0.058921802,0.011896797,0.00513487,0.008762273,0.228862566,43.48103473,0.004354482,0.029593765,0.021819386,0.020780494,0.021152049,0.003419077,242.751789,0.021723666,0.004365415,0.007287665,0.178318753,0.166799503,0.004339411,0.356115745,0.25739338,0.733208078,0.007408025,0.00986923,0.737332259,0.253744518,0.005169285,0.082964602,0.051859503,0.026148008,0.132743363,0.162004909,0.07079646,0.066371681,0.034794361,0.032088827,0.022606795,0.069690265,0.064589125,0.003575692,0.218062758,0.061633945,0.022566161,0.078776771,937.005985,0.017273453,0.078761024,0.014794798,-0.001994304,0.023638073,1.125880565,0.02659509,0.149336283,0.219310448,1.126483975,0.022222906,0.065086999,0.142622179,0.168054906,0.007291711,0.062335692,0.003839606,0.040334981,37.33679273,13.60967292,0.256637168,0.037228818,411.3918274,0.029753975,-0.02371592,0.043893257,0.040628883,0.044065468,0.087524109,0.29175695,0.291602308,0.006533811,0.032388065,31.93863087,39.27315307,0.031484099,0.006953643,0.102050632,0.003293086,1.99606455,0.004246739,0.030711451,0.860577095,1.994981654,0.010125992,253.3080698,0.019547387,0.189709121,0.056772854,2.46140561,0.095773447,0.10619469,2.462625002,0.239092408,0.180988025,0.169997861,0.006601057,0.005132496,0.181815189,0.010123162,0.033185841,0.004300196,0.017681434,182.9183648,0.150442478,0.017689783,0.005407931,0.007610009,0.103982301,0.040929204
1,469,0.006275666,0.003184298,41.41835735,0.017939485,0.017937274,12.17922137,0.004070421,0.132743363,0.006360631,0.006360113,0.005869566,62.45209795,0.005943023,0.014910051,0.0176291,0.004214125,0.003018164,0.006596422,0.006646422,0.017990138,0.019798166,0.026070515,0.014906912,35.63659715,0.013038468,131.9963482,0.088495575,0.046479985,0.046789412,0.010236791,0.005432028,0.003449571,0.003843797,12.43106729,95.0870486,0.033520783,0.10199876,0.005961832,0.102372213,0.003612748,0.005782667,0.033753202,0.147123894,0.055970193,0.004679335,86.33483292,0.006718775,0.096712894,105.9102702,0.055485246,0.012088948,0.009376354,0.011391718,0.004619582,35.38942387,0.005351869,0.043812869,0.016904186,0.015495838,0.015638087,0.004945491,29.89827701,0.016906392,0.004090183,0.00430517,0.007930893,0.006328678,0.003217323,0.009446161,0.591647317,0.046678348,0.004782511,0.012912865,0.046813075,0.588227888,0.009412349,0.151548673,0.084991282,0.018747991,0.090707965,0.055207936,0.193584071,0.165929204,0.044870885,0.042974648,0.02127593,0.061946903,0.059821372,0.00452075,0.161750327,0.0688562,0.021077433,0.109175853,1255.987092,0.031612102,0.110087169,0.030909692,-0.000594124,0.045528455,0.255785577,0.018794798,0.090707965,0.162169857,0.255880321,0.005023771,0.060940845,0.009738845,0.05682702,0.004353008,0.073768844,0.004194167,0.024228625,33.26175232,17.89719724,0.10840708,0.006285924,841.9161788,0.004425999,0.00170915,0.005693361,0.024782368,0.00581474,0.195291318,0.638804888,0.64268051,0.00679954,0.084907162,9.556514742,78.61289949,0.073221961,0.012906223,0.042088801,0.003344433,1.165456117,0.008955646,0.072647404,0.692053065,1.207716399,0.006371725,32.29789182,0.045442025,0.066776456,0.009666253,1.103515313,0.086411678,0.151548673,1.081382046,0.019710331,0.065930935,0.069807064,0.006867168,0.002657804,0.111774663,0.006373183,0.100663717,0.00500761,0.006599907,141.196622,0.151548673,0.006600393,0.00552993,0.007688791,0.170353982,0.057522124
1,442,0.009086629,0.005195503,60.83935409,0.024367638,0.025212495,20.54948333,0.006887892,0.101769912,0.013643183,0.01394701,0.010686161,116.6740657,0.010776986,0.030465413,0.041540335,0.005688224,0.006182294,0.010672612,0.01336527,0.04151791,0.112253191,0.116071672,0.031810795,71.34201487,0.026007655,276.5994242,0.102876106,0.076890393,0.07722444,0.05156453,0.011370171,0.004465655,0.012032417,21.18154063,856.7229178,0.039813276,0.885725437,0.028034973,0.894338835,0.008169488,0.009272005,0.03990677,0.117256637,0.235930987,0.018465782,278.1502016,0.013399051,0.209735376,875.9176116,0.236058185,0.020443108,0.010935351,0.015308471,0.013549813,248.1512711,0.013189603,0.099320913,0.033560335,0.035790427,0.039025109,0.007892354,166.0508647,0.032845468,0.02836153,0.006957644,0.048814557,0.021672013,0.003942864,0.030126335,0.776203127,0.873174911,0.005716813,0.07834892,0.878101808,0.77583901,0.011398395,0.133849558,0.356823185,0.176666557,0.080752212,0.085886889,0.123893805,0.147123894,0.151361163,0.150011241,0.035512721,0.045353982,0.185620429,0.008350441,0.896350518,0.16992161,0.034487557,0.318175095,1611.092249,0.093576912,0.318167742,0.15988486,-0.00097224,0.115108667,2.80025955,0.178299333,0.102876106,0.902658208,2.800823084,0.010715414,0.187249663,0.042037856,0.096175196,0.006993038,0.169970418,0.005303888,0.25510614,153.6091413,31.09825982,0.14159292,0.057710366,1656.623461,0.018493008,-0.011996031,0.036967849,0.284776214,0.037013241,0.564287118,1.630906823,1.630755817,0.013810701,0.269300337,36.14688152,169.8523512,0.196455347,0.041129855,0.571975012,0.005566264,2.26943738,0.010454223,0.195841849,1.729576571,2.268456735,0.010666785,259.6464345,0.338496923,0.739957143,0.041678641,2.389905474,0.243713063,0.092920354,2.360034013,0.160872182,0.740000018,0.774543146,0.014212506,0.003964006,0.775389605,0.010721705,0.045353982,0.02437862,0.033236926,702.4981087,0.183628319,0.033254152,0.007849501,0.018215216,0.147123894,0.090707965
2,373,0.038303841,0.01168579,464.551775,0.131482492,0.131799582,76.32125531,0.039272135,0.215707965,0.093821772,0.094436786,0.039784736,210.1935764,0.041113882,0.576132725,0.080582957,0.061191508,0.01182621,0.044221082,0.09531681,0.08077887,0.340276473,0.238641021,0.590845645,489.5097987,0.024864556,99.40906801,0.07300885,0.136438859,0.136398313,0.085785998,0.010957147,0.023068787,0.016446323,112.889017,1526.004021,0.480685947,1.655623579,0.036098682,1.675135437,0.023544105,0.035291318,0.501455608,0.087389381,0.060497713,0.032349943,98.6503399,0.096366911,0.101976608,1151.219427,0.060528046,0.079791618,0.02650842,0.064091367,0.01506722,133.2072442,0.012747585,0.027031986,0.338717847,0.431343025,0.446479736,0.011188081,172.2012841,0.332293747,0.013378288,0.061660803,0.070125178,0.030992938,0.011938855,0.041151078,0.510887212,2.311811123,0.062016371,0.055412773,2.313382851,0.51035563,0.026538348,0.05199115,0.119077902,0.089898253,0.137168142,0.137692907,0.105088496,0.100663717,0.049374104,0.0488812,0.468187519,0.047566372,0.06362853,0.016908399,0.183245953,0.035948265,0.430641667,0.065089695,829.5198761,0.120939512,0.065168223,0.025811913,-0.00122878,0.041725324,0.811890039,0.094296147,0.098451327,0.18695683,0.810439725,0.00911744,0.065047081,0.06359532,0.137710554,0.069300993,0.036504964,0.006801406,0.099940549,101.6888979,43.26804149,0.113938053,0.032998666,1005.582031,0.017027545,-0.05666284,0.018601638,0.100142055,0.018608638,0.130035342,0.835528883,0.844757518,0.014855153,0.03398874,38.14239427,151.4825008,0.042814532,0.061875657,0.084235616,0.016813041,1.439146905,0.014245155,0.042607094,0.527078296,1.551610954,0.095295117,153.3129389,0.051874244,0.194574308,0.066059603,1.327466877,0.111372418,0.142699115,1.279528689,0.261956286,0.190777776,0.164126302,0.014900297,0.005485896,0.178216882,0.097326129,0.056415929,0.014500042,0.009889334,708.7864413,0.109513274,0.009892348,0.00826892,0.027895085,0.125,0.078539823
1,293,0.009288321,0.003201598,56.04880549,0.025579458,0.025766332,17.43460829,0.005967509,0.086283186,0.00949795,0.009535413,0.008749247,60.5509678,0.008745087,0.023378116,0.018726638,0.006645089,0.003526588,0.007043224,0.009008698,0.018716325,0.073526841,0.031429782,0.023466143,62.93584998,0.018451811,78.36313282,0.10619469,0.044179806,0.045211719,0.033840074,0.008570899,0.002884594,0.010349318,18.33046597,649.4422841,0.031207067,0.269853204,0.017008546,0.275220509,0.004805898,0.005702405,0.031988749,0.034292035,0.027442902,0.008947784,48.30293352,0.009003777,0.124169726,497.1905911,0.023740636,0.014010045,0.006022283,0.015148635,0.008525696,25.42370129,0.002705638,0.032646364,0.025045548,0.030289102,0.030664701,0.007344162,97.61364476,0.024943334,0.003299275,0.006690054,0.031815517,0.010219217,0.006033192,0.009290338,0.305633826,0.251142043,0.007104477,0.011775166,0.251193886,0.30499861,0.006258215,0.08960177,0.033030684,0.007143483,0.101769912,0.07299736,0.099557522,0.14380531,0.01847747,0.015800798,0.036811369,0.075221239,0.087223462,0.003979438,0.179971285,0.035879994,0.036829395,0.044782661,662.8350898,0.077434435,0.046895554,0.009230988,-0.00138551,0.043192654,0.777991035,0.012432654,0.049778761,0.179950206,0.778412864,0.00339854,0.087209944,0.022457368,0.073643184,0.006843153,0.035860529,0.003797667,0.008601993,24.64316196,19.75510071,0.200221239,0.01294793,395.7613609,0.003488674,0.045654896,0.005698755,0.00874837,0.005772463,0.09051494,0.159093089,0.166928507,0.011105921,0.0313997,8.979300661,64.37584537,0.021510955,0.007803334,0.066564741,0.004095283,1.67318094,0.006563392,0.020718339,0.384889531,1.672664823,0.009512628,74.89677093,0.019379765,0.09773633,0.040044797,2.778172163,0.115939354,0.178097345,2.779708769,0.206653099,0.093520883,0.097633633,0.011464074,0.005956597,0.102971684,0.009738004,0.069690265,0.003761351,0.033939601,155.5029886,0.151548673,0.033760117,0.00684512,0.009011314,0.134955752,0.082964602
2,2,0.055352602,0.008029183,202.0044418,0.159964618,0.159885317,68.39551697,0.018298686,0.113938053,0.033120798,0.033180205,0.053071987,414.8910204,0.053043263,0.055950129,0.054144706,0.016727751,0.023201927,0.027130589,0.021631797,0.054246808,0.49756384,0.165876507,0.05741789,141.8845,0.161353947,154.7396597,0.150442478,0.446997469,0.446811537,0.069734544,0.02247594,0.008914972,0.024701471,45.417819,1681.424511,0.08148167,0.589748914,0.104197013,0.591785426,0.020332775,0.016680635,0.082146062,0.235619469,0.333962824,0.032426381,294.7088512,0.021687108,0.112838486,963.3090366,0.334147691,0.041849714,0.014481344,0.032504663,0.020593716,49.75942777,0.009085958,0.069206279,0.078447551,0.058250072,0.059470361,0.018839409,379.0517984,0.078417897,0.012461584,0.016251039,0.06187026,0.04631061,0.025888576,0.057490331,0.431630364,1.568650048,0.016785998,0.015789502,1.569821227,0.431863451,0.014512168,0.133849558,0.683941672,0.021121357,0.127212389,0.25997371,0.169247788,0.102876106,0.049348892,0.049367741,0.091868829,0.10840708,0.076048499,0.013864197,0.1902131,0.06234628,0.091715191,0.100898806,1189.967414,0.005860111,0.100843094,0.141098982,-0.000417143,0.051829207,0.312828379,0.021124031,0.217920354,0.190110795,0.312306026,0.030536803,0.076611311,0.068920804,0.267467846,0.01633956,0.063570096,0.008699041,0.030268488,41.05567179,78.00993712,0.161504425,0.127739109,1737.413853,0.044109658,-0.007635241,0.0840798,0.030352647,0.084064731,0.215802082,1.859208864,1.85831778,0.018671821,0.047133728,82.3044956,179.4334924,0.074806159,0.034244112,0.115015025,0.014493773,1.251870745,0.023121292,0.071339137,1.036712378,1.30438987,0.029698874,284.9620853,0.064812506,0.117308887,0.066172409,1.431949132,0.120781283,0.149336283,1.359774321,0.221308749,0.116823061,0.0944842,0.018663406,0.009379565,0.09445026,0.029684358,0.076327434,0.010534698,0.023619132,199.7482716,0.184734513,0.023555214,0.030772036,0.069776599,0.151548673,0.136061947
1,228,0.157378086,0.055377767,2794.067129,0.319955095,0.320088588,666.5939316,0.13650554,0.097345133,0.452753024,0.465401752,0.299960881,2299.409011,0.301124843,0.329245148,0.214831263,0.102800581,0.132286951,0.091644596,0.242449269,0.216567458,1.165063969,0.566487501,0.32991506,1435.976465,0.68226017,271.1007568,0.167035398,2.565264614,2.564212859,1.126343676,0.116942416,0.025167513,0.36243215,316.6035752,5873.894331,3.02380228,1.395350058,0.300622009,1.396203914,0.176847152,0.103248564,3.022369578,0.110619469,0.272007934,0.504716195,471.9724762,0.242324314,0.085023024,3247.411622,0.271990543,0.992139902,0.177537403,0.578441082,0.187484193,158.397167,0.03792928,0.033366351,0.196225064,0.245441007,0.245537936,0.134208158,1607.388953,0.195820047,0.104101119,0.068679339,0.290147188,0.27661855,0.011500237,0.158277218,0.780583374,3.300619664,0.129721652,0.056960308,3.298987779,0.78035969,0.177464753,0.097345133,0.695297347,0.036987026,0.136061947,0.743889274,0.152654867,0.098451327,0.154047744,0.153663865,1.626382186,0.086283186,0.128260278,0.120636516,0.678997012,0.092272088,1.627230559,0.159133783,1291.598181,0.057660288,0.160548099,0.130418037,-0.000623631,0.053219581,2.060673326,0.039354893,0.173672566,0.678623991,2.061737015,0.154088245,0.142740231,0.672420164,0.748328131,0.068734454,0.098858404,0.077115893,0.130478016,301.342514,523.0363439,0.112831858,0.511653903,2573.014927,0.082964277,-0.031366195,0.326847448,0.13142324,0.327981454,0.263346785,2.250378956,2.252225159,0.38231308,0.074062138,379.3797125,1592.043279,0.363979424,0.110989467,0.409524999,0.042835598,1.640069362,0.087102914,0.36411978,0.856237297,1.658912856,0.12737074,1129.411075,0.310623488,0.331761236,1.109615944,1.64845136,0.08340943,0.102876106,1.621001121,0.66406928,0.315250781,0.551305684,0.382224382,0.007985759,0.551036179,0.127625578,0.069690265,0.01576613,0.02346833,1312.712358,0.082964602,0.023479558,0.091162919,0.1476804,0.142699115,0.136061947
1,360,0.008304791,0.003854744,124.9380082,0.017769376,0.01813854,24.44527886,0.010251976,0.129424779,0.020882169,0.020884475,0.008032865,36.59278293,0.008070753,0.024958948,0.015956431,0.006904597,0.003552123,0.017699979,0.014974384,0.015962279,0.072993014,0.151986503,0.025101977,98.44172895,0.007238634,83.71801089,0.121681416,0.019420226,0.019623544,0.039781256,0.005579024,0.003921443,0.016984478,24.3669287,772.4099609,0.15115195,0.566495534,0.022636865,0.566457643,0.011127983,0.007980757,0.151435262,0.128318584,0.084699595,0.017261386,108.5746681,0.015031459,0.039320446,832.6304776,0.084443249,0.065963401,0.005557557,0.03520861,0.021220451,68.87592217,0.008274703,0.018097107,0.049664587,0.023716447,0.023724907,0.005322565,102.6971349,0.04967795,0.009863266,0.00734565,0.072261671,0.022451942,0.010263698,0.059168317,0.461275014,0.401622337,0.006921793,0.028954242,0.402148248,0.458736828,0.00555777,0.133849558,0.181147022,0.023268082,0.139380531,0.059447957,0.115044248,0.132743363,0.044859421,0.044864556,0.081017335,0.097345133,0.027296403,0.008630894,0.190587556,0.037244315,0.081055672,0.06204509,645.3678963,0.05268743,0.065697449,0.040655338,-0.001653504,0.022896268,0.617593608,0.025790178,0.110619469,0.190752701,0.616286704,0.006852377,0.027316386,0.053118249,0.060453028,0.008042573,0.038940271,0.002268601,0.044685264,55.48767624,12.85213641,0.142699115,0.015255603,770.7831692,0.009499944,-0.04746283,0.011702135,0.044693805,0.011870244,0.184950078,0.595093424,0.598585304,0.00604342,0.030288535,30.16525588,99.63579649,0.079004144,0.021698055,0.208227782,0.005903794,0.678394002,0.010338633,0.077534754,0.570955078,0.696070343,0.011458871,164.194986,0.043284236,0.197755289,0.032497677,0.819677794,0.075503797,0.17920354,0.79557205,0.305759863,0.19642259,0.196673932,0.006311994,0.005581266,0.197055915,0.011508748,0.094026549,0.010057125,0.014119936,330.7393071,0.149336283,0.014108955,0.00439765,0.006427579,0.120575221,0.038716814
1,365,0.006113219,0.002174458,34.98505797,0.01527455,0.015593406,11.90169875,0.004892455,0.14159292,0.005764619,0.006635483,0.006211088,45.8903622,0.006379022,0.015135105,0.017504649,0.003290091,0.003037501,0.005727156,0.005451625,0.018189073,0.058730034,0.029854357,0.015277103,41.05817036,0.012028154,92.70728088,0.150442478,0.028710495,0.028833042,0.025202129,0.006150956,0.002707168,0.006041946,10.26948237,467.9903038,0.018295074,0.163098329,0.010515193,0.163189599,0.003435097,0.005067904,0.018494127,0.188053097,0.191360838,0.011630262,80.05254247,0.005516668,0.062775596,418.9459218,0.191408278,0.009698317,0.004532987,0.01396362,0.005329509,34.36522539,0.002791572,0.020114595,0.014640442,0.013355608,0.01335273,0.004997414,68.33285817,0.01436545,0.003539623,0.003420339,0.015033577,0.006957401,0.003524583,0.008464071,0.538956382,0.194568312,0.003467134,0.009799768,0.197307583,0.534017766,0.005056501,0.081858407,0.13942734,0.019679483,0.14380531,0.042892279,0.163716814,0.174778761,0.037758496,0.036959514,0.02860347,0.048672566,0.050004714,0.003285821,0.249304479,0.037181521,0.028539771,0.114550387,911.2371222,-0.131364992,0.114638446,0.196226312,0.003056727,0.021464699,0.812072298,0.019975446,0.200221239,0.249234484,0.8125112,0.00298211,0.051381189,0.021748447,0.043696637,0.003424652,0.037505083,0.003078019,0.03193558,28.27169109,14.36078192,0.199115044,0.007909617,836.8302053,0.003261983,0.002449602,0.005219163,0.032544941,0.005223982,0.134967667,0.547735523,0.560639603,0.007195219,0.056657241,8.048876056,38.95579172,0.065207673,0.007730508,0.116602644,0.002602298,1.027269035,0.004652425,0.065228985,0.457944162,1.067670509,0.005263603,60.33164342,0.109220328,0.117428635,0.015537564,1.236779788,0.049853998,0.133849558,1.182061504,0.222550346,0.110447235,0.168906784,0.007391516,0.002982432,0.169150544,0.005264976,0.065265487,0.003329765,0.007074287,130.1581017,0.172566372,0.007061373,0.004985586,0.0070715,0.142699115,0.040929204
2,462,0.002735521,0.001583818,15.978444,0.00669938,0.006782677,5.83379373,0.00238099,0.105088496,0.002682577,0.002912813,0.003188934,24.4561323,0.003188049,0.006161048,0.008956979,0.001886059,0.001854624,0.002889297,0.002525131,0.009034944,0.005861228,0.006826202,0.006562849,15.00261946,0.006479217,38.77065531,0.098451327,0.016320179,0.016313637,0.003533232,0.004069468,0.001759557,0.001740199,6.83045176,26.35608356,0.008250822,0.017475018,0.003087455,0.017485243,0.001805496,0.00243908,0.00893437,0.007743363,0.027595893,0.002393688,38.28721518,0.002697977,0.037296944,29.99270403,0.018758405,0.004367696,0.002456449,0.004366102,0.001874004,30.88004563,0.00235946,0.010206415,0.006843586,0.00554387,0.005702699,0.002641882,9.225320169,0.006646021,0.002635012,0.002086735,0.003468347,0.002394089,0.004520891,0.003055576,0.33838262,0.014006123,0.002115787,0.004927814,0.014799329,0.317382136,0.002525332,0.122787611,0.024874044,0.017676586,0.025442478,0.005211714,0.200221239,0.194690265,0.010553136,0.009931975,0.008350971,0.05420354,0.010134008,0.001666034,0.206730489,0.016333311,0.008302509,0.02102772,549.4108133,0.003183827,0.027011388,0.006238605,0.000445335,0.009149392,0.786423443,0.018657118,0.003318584,0.206789592,0.786856454,0.006354182,0.010190686,0.003889413,0.005209121,0.003105285,0.016430182,0.002049506,0.013631984,32.39223599,8.075164185,0.257743363,0.018227122,402.3068658,0.008609063,-0.023491977,0.011482761,0.014469011,0.011649902,0.017701843,0.239153011,0.245983522,0.004294588,0.009895597,15.1277897,39.74959507,0.013246225,0.004842745,0.084974579,0.001761525,1.738992646,0.004427528,0.013236774,0.21249614,1.738336551,0.003527584,10.33670102,0.007535754,0.182997283,0.00344783,2.115613571,0.04786391,0.170353982,2.116783921,0.002331959,0.181653727,0.163962258,0.00431294,0.004815613,0.167430682,0.003527673,0.090707965,0.002193567,0.06823774,159.9944198,0.162610619,0.067840512,0.003091637,0.004128321,0.201327434,0.046460177
0,294,0.005201834,0.00215453,26.71602277,0.01233504,0.012438663,9.184523022,0.004439542,0.180309735,0.005182047,0.005209512,0.004913402,36.99646654,0.004940516,0.013575213,0.017093693,0.003156334,0.002534248,0.007179263,0.005482088,0.017262253,0.02639079,0.039596735,0.01365528,31.2979173,0.007494341,190.14018,0.049778761,0.021094907,0.021366908,0.025347135,0.005799575,0.002786229,0.007492086,11.16935542,372.8965714,0.014220958,0.159620788,0.009157274,0.161376582,0.003050933,0.005578056,0.014432266,0.078539823,0.067653724,0.008274921,108.0108819,0.005479631,0.11146923,436.0209279,0.067663861,0.006522255,0.003706585,0.007350419,0.009709531,22.6994521,0.00240871,0.027442322,0.017784624,0.01513874,0.015174783,0.003951452,127.9174284,0.017134239,0.003479252,0.00375336,0.034128514,0.012436326,0.003210833,0.017392292,0.667587382,0.295416336,0.003210313,0.007335011,0.309428212,0.666905631,0.004114038,0.186946903,0.166350426,0.008114319,0.10619469,0.121057401,0.178097345,0.188053097,0.052693431,0.051696079,0.015670722,0.027654867,0.154986783,0.004880016,0.23713094,0.098747439,0.015679363,0.105846228,1668.508687,0.093536052,0.106824793,0.031748766,-0.000812227,0.026243279,0.557392151,0.009295286,0.034292035,0.237068463,0.556445091,0.003336327,0.161678241,0.029535038,0.127308498,0.004726514,0.098803475,0.0035261,0.012380625,24.30197273,10.97744106,0.290929204,0.00614655,1148.488054,0.003314949,-0.09733155,0.004275595,0.012375673,0.004275548,0.210701182,0.868537749,0.870235503,0.005256079,0.0918258,6.437331724,41.07350056,0.076353173,0.009540656,0.127554795,0.003364686,1.537534851,0.005781156,0.075880825,1.181640254,1.635296678,0.005395596,65.34157548,0.071948651,0.145880698,0.017661816,2.027488575,0.125158501,0.244469027,1.978877296,0.116649254,0.142372391,0.177691039,0.005384833,0.002631186,0.182643799,0.005413597,0.144911504,0.003203067,0.004522066,163.897711,0.162610619,0.004473835,0.003866246,0.005167683,0.271017699,0.07079646
2,114,0.007823298,0.00327491,52.44589368,0.019681301,0.02138735,17.93144288,0.006572228,0.157079646,0.009818511,0.009814208,0.010600304,44.43216495,0.010606476,0.014194494,0.013418888,0.005012955,0.00548369,0.006408276,0.00859554,0.01366607,0.013549365,0.01231808,0.015357769,47.49995324,0.013233913,46.36315658,0.103982301,0.029821432,0.029828565,0.005989334,0.005235135,0.003698479,0.003165809,17.25867148,37.78400553,0.038212604,0.021839731,0.004897799,0.022468663,0.007166574,0.005622868,0.038593013,0.158185841,0.022017322,0.003787762,35.32775161,0.008592509,0.047264552,40.58571892,0.016261448,0.022928705,0.005435096,0.018552149,0.003150449,31.70049168,0.006659581,0.013837067,0.019624243,0.012103831,0.012394964,0.004250646,16.05025919,0.016796806,0.005642791,0.00632278,0.005436114,0.003981315,0.002578224,0.005062689,0.144381667,0.022681455,0.005020914,0.010100531,0.024543653,0.135370371,0.005479082,0.162610619,0.036365098,0.014891255,0.117256637,0.007839464,0.126106195,0.19800885,0.014252019,0.01222768,0.033271086,0.109513274,0.02136613,0.006411799,0.22452207,0.013469722,0.033278763,0.028500512,417.6404494,0.000240062,0.029683368,0.008862466,3.97e-05,0.019279073,0.50564904,0.015540038,0.150442478,0.224492648,0.504357916,0.002982528,0.021786042,0.006110866,0.007835407,0.006487129,0.017167633,0.003304216,0.013979288,32.27303146,16.38324174,0.201327434,0.005451531,190.9670197,0.002594299,-0.006682851,0.004027247,0.014553492,0.004040596,0.054610556,0.203075733,0.205485214,0.008182851,0.013157331,6.129430987,57.6852271,0.015309154,0.011134155,0.099050943,0.00448384,1.11549087,0.006200575,0.01490039,0.305755533,1.115498327,0.008820958,16.43985747,0.00775197,0.174798117,0.004421018,1.126526529,0.035869425,0.284292035,1.126871779,-0.002581651,0.169293386,0.124552547,0.00823607,0.002561389,0.129317309,0.008866136,0.134955752,0.007991154,0.00696748,183.802695,0.19800885,0.006944357,0.004929438,0.009257271,0.196902655,0.065265487
2,297,0.129161654,0.016058173,636.9051846,0.492792511,0.492531985,75.43454145,0.044043216,0.122787611,0.036856282,0.038207619,0.058421674,1067.294035,0.058389593,0.146264306,0.597070287,0.021121598,0.030179492,0.033033503,0.018790471,0.596800325,0.698028001,0.593992267,0.14626423,145.5006082,0.156937905,631.8086573,0.099557522,0.736632574,0.736970524,0.242293273,0.110677985,0.007522011,0.096870671,33.83220106,4190.478725,0.329265751,2.106877592,0.220078725,2.105877583,0.030566474,0.020287803,0.329266929,0.122787611,0.282555001,0.103180586,422.7492719,0.019027492,0.217221809,2926.846366,0.281751331,0.119063244,0.086284815,0.034530048,0.055104405,71.41122956,0.017307521,0.049856651,0.13287548,0.062920753,0.062932682,0.042796415,917.4475314,0.132011274,0.03770248,0.012514489,0.214780849,0.061005923,0.003699454,0.108329097,1.384948189,2.511277547,0.022568746,0.033739211,2.510112028,1.385554787,0.134716991,0.078539823,0.677896296,0.033995662,0.101769912,0.754618656,0.111725664,0.079646018,0.211544863,0.207229897,0.106773637,0.080752212,0.279356233,0.014120067,0.332883706,0.255933374,0.106824682,0.322483514,3351.519783,0.012150624,0.339235705,0.150885892,-0.001655857,0.086710966,1.312915023,0.036521085,0.186946903,0.332804725,1.312120545,0.007407172,0.346797012,0.183574008,0.75470328,0.012645575,0.257541329,0.012015811,0.073041482,111.6261943,224.3104469,0.026548673,0.020551343,3178.602092,0.013422356,0.009782357,0.015908218,0.082412636,0.015902687,0.743474014,2.710421564,2.710604327,0.11975038,0.256887365,26.06818202,1661.383426,0.202727536,0.153219859,0.276277146,0.013229683,2.62883936,0.060601884,0.200325492,2.733062931,2.685057337,0.031056698,492.6305259,0.205604172,0.225265504,0.63869268,2.208352079,0.17265905,0.148230088,2.069531342,0.314952355,0.224892162,0.329090287,0.123883658,0.003129698,0.32907574,0.031081139,0.071902655,0.006764313,0.00899798,873.1877302,0.129424779,0.008854178,0.019019213,0.048814059,0.113938053,0.103982301
1,388,0.007776079,0.003946885,61.65510541,0.028910381,0.02984534,17.76079733,0.005195737,0.137168142,0.008354622,0.008353024,0.009086197,98.39163839,0.009127037,0.028081763,0.029742608,0.007281508,0.003773773,0.008039932,0.008897396,0.029744544,0.057454739,0.057623761,0.028076753,49.76560702,0.019068885,80.49413337,0.097345133,0.076964006,0.07800287,0.025025157,0.0088991,0.004635453,0.006496222,18.95176258,551.5181445,0.030982859,0.16878634,0.011037984,0.169915981,0.003748931,0.00586055,0.031914335,0.207964602,0.042724533,0.010808638,60.25871657,0.008893175,0.111425415,428.6558689,0.042198925,0.013754261,0.00932078,0.013496537,0.009100759,31.1045858,0.004932766,0.035077682,0.022285098,0.022054396,0.022439708,0.006698386,68.51248808,0.022291069,0.004933793,0.006847982,0.016992481,0.016826546,0.006928498,0.017579971,0.326239468,0.292158753,0.007345704,0.010690725,0.293484628,0.326380434,0.009939438,0.138274336,0.0454344,0.011389997,0.113938053,0.029101142,0.147123894,0.174778761,0.026907184,0.025964226,0.026932468,0.043141593,0.040162384,0.004850592,0.683987507,0.040939693,0.026711897,0.080490604,708.1448473,0.172188247,0.081172113,0.013067533,-0.001333957,0.030849496,1.266159032,0.011422524,0.138274336,0.686220657,1.266364286,0.002672056,0.040203985,0.025244403,0.029895307,0.007636798,0.041342604,0.005383116,0.017223051,27.74150795,26.59727654,0.154867257,0.01352739,743.6751568,0.007145049,-0.062245029,0.004595164,0.017215008,0.004594642,0.119338949,0.556241667,0.556544889,0.014866686,0.053559798,8.610411177,53.9984142,0.022709139,0.010094169,0.336673773,0.004150102,2.294530514,0.006402533,0.022478192,0.427819871,2.410243313,0.00981017,51.80863784,0.016591137,0.366156397,0.016399486,1.572904959,0.108500669,0.130530973,1.516022855,0.167671714,0.293285465,0.349916294,0.01488911,0.003696291,0.365261849,0.009804792,0.065265487,0.007233498,0.008925039,161.382402,0.149336283,0.008904166,0.007494265,0.012355469,0.202433628,0.111725664
2,315,0.021812072,0.015782077,285.1212509,0.368032344,0.367854328,88.72446344,0.017309496,0.117256637,0.02503932,0.025166568,0.080092779,63.80981529,0.0800536,0.078427623,0.016520871,0.047079462,0.013667476,0.024432255,0.042752433,0.016677864,0.047969096,0.072456258,0.078445913,296.8274802,0.018526428,122.5034269,0.099557522,0.049358971,0.04945587,0.012726729,0.005184817,0.015373658,0.007862704,97.44652451,450.8017592,0.195985217,0.389509626,0.013432909,0.393966354,0.009425557,0.014982898,0.195954545,0.10840708,0.096628118,0.012801516,167.3624967,0.042865905,0.045073855,597.669074,0.094822424,0.043621783,0.027748343,0.051985054,0.009831942,40.39895038,0.009659147,0.022462451,0.366996973,0.128527244,0.128482955,0.005811546,71.20986923,0.367197638,0.006348297,0.046397877,0.030709284,0.018044959,0.015545301,0.016035021,1.011222165,0.285271544,0.04766897,0.006953142,0.298214589,1.007763302,0.027735272,0.109513274,0.151278764,0.026843373,0.14159292,0.058857032,0.123893805,0.14380531,0.099026158,0.092067648,0.214224989,0.074115044,0.077172226,0.014315737,0.435159239,0.055438333,0.214289677,0.081516179,800.928091,0.127272933,0.081979131,0.038367679,-0.001023135,0.037587702,1.269975541,0.02748948,0.109513274,0.436845418,1.270121,0.012028263,0.07743821,0.028638959,0.0594544,0.046902978,0.056147774,0.009707796,0.01177713,38.59513451,40.61116312,0.103982301,0.034339069,1234.255772,0.009691507,0.005541664,0.028211381,0.011819991,0.028209143,0.163362807,0.834835643,0.835279939,0.010197204,0.050056932,34.31964291,87.86607278,0.117468508,0.008272103,0.099057631,0.014743892,1.331912891,0.00885377,0.117104433,0.492273863,1.340348776,0.088391074,81.0061795,0.059954955,0.174024892,0.025228706,1.105387731,0.052836026,0.122787611,1.044193882,0.296974946,0.16153683,0.22215147,0.010390759,0.007119667,0.22338547,0.088356254,0.07300885,0.009956832,0.018021496,128.8023899,0.095132743,0.018028609,0.007573371,0.015086317,0.125,0.074115044
2,77,0.007284308,0.003380714,83.68243451,0.031233322,0.031216527,23.38477834,0.008738496,0.154867257,0.024168015,0.025622254,0.013828932,41.05456742,0.014017562,0.100157393,0.016642428,0.006379238,0.003813936,0.008845129,0.015347595,0.016633619,0.036456368,0.044762094,0.100506136,64.61032011,0.008554614,122.2368676,0.078539823,0.026211015,0.027124536,0.024368531,0.00531913,0.003809922,0.009218509,25.94693071,299.8291862,0.088973536,0.533567761,0.012652378,0.548947129,0.004897523,0.006756865,0.091206754,0.10619469,0.098251812,0.007619913,114.3772436,0.015346028,0.088278202,478.562608,0.098277525,0.01686529,0.004150077,0.023509066,0.010462183,30.07448775,0.004837229,0.031807552,0.063907835,0.030057332,0.030413144,0.003234189,61.89060531,0.06351651,0.004772805,0.019265196,0.02000298,0.009969063,0.0038935,0.013807442,0.653896705,0.218895484,0.007790311,0.008061338,0.218776435,0.653208689,0.004190736,0.142699115,0.169311348,0.009253217,0.086283186,0.066724032,0.107300885,0.159292035,0.049890807,0.048797469,0.101038617,0.046460177,0.082207704,0.006124042,0.193763792,0.06147132,0.100983316,0.08656845,900.6192091,-0.005739996,0.086711526,0.052275048,-0.000706577,0.029986795,0.734590153,0.010854613,0.140486726,0.19430943,0.732972573,0.005671153,0.087612294,0.026775957,0.066959266,0.023321286,0.065155995,0.002427415,0.010804307,36.30562691,10.41768084,0.171460177,0.011128294,1022.944474,0.010894134,-0.034545803,0.014265824,0.011210895,0.014344453,0.070684025,0.599530784,0.611037694,0.004661362,0.039386832,20.56398082,28.72302664,0.047802498,0.012174582,0.078887418,0.003764037,1.828646303,0.00340154,0.047778629,0.569385493,1.844808003,0.013058153,70.15371819,0.07548438,0.108025924,0.027641703,1.629863476,0.085440532,0.120575221,1.600323767,0.153385114,0.102033984,0.107109706,0.004765589,0.003253595,0.108704253,0.01306727,0.086283186,0.004764897,0.006442377,157.4569611,0.148230088,0.006443942,0.003942167,0.005667455,0.17699115,0.067477876
1,361,0.014169937,0.004457192,57.57517477,0.027165023,0.027482082,16.56659757,0.008812057,0.119469027,0.007792208,0.007789767,0.008064897,50.8755529,0.008065235,0.018166941,0.022098134,0.007096339,0.003564575,0.006490802,0.006178283,0.022087502,0.05641605,0.051703532,0.018376567,41.07236244,0.012540839,154.076859,0.150442478,0.030115498,0.0301499,0.031316999,0.012688338,0.003913958,0.011579525,12.86928203,445.8076053,0.033980873,0.379980915,0.015044824,0.380154598,0.004683261,0.006543254,0.033984344,0.136061947,0.058785827,0.009135009,79.93669284,0.006176137,0.068699611,536.1498158,0.058003314,0.01852465,0.012096048,0.016331341,0.00765559,32.0650263,0.009343178,0.026698364,0.014827107,0.013305152,0.013754201,0.007922622,66.9827786,0.014812827,0.005969786,0.005506526,0.023824222,0.013206203,0.009611846,0.015447853,0.571348606,0.235070841,0.007152844,0.011600583,0.242108601,0.571432125,0.01213278,0.158185841,0.088970382,0.012732304,0.154867257,0.056647243,0.14380531,0.164823009,0.043537133,0.040364018,0.029165875,0.058628319,0.125171729,0.0045425,0.101634796,0.0643346,0.029169259,0.143698259,1275.707674,0.050180253,0.143630121,0.025752636,-0.000758469,0.026816857,0.814936059,0.014185199,0.170353982,0.102760661,0.815297649,0.003232057,0.127295374,0.025469841,0.058617714,0.005684557,0.06436736,0.007810002,0.013666913,36.49692462,26.3001946,0.213495575,0.007514643,744.7817021,0.003616071,0.022085035,0.005609269,0.013977648,0.005684275,0.27916651,0.363801025,0.363605576,0.013321149,0.106466306,8.873301186,43.1264318,0.026249406,0.029980214,0.098626916,0.00325891,1.146882653,0.006060995,0.025791867,1.343281498,1.205882106,0.00598538,83.83841506,0.033198911,0.206248983,0.02141906,1.871397713,0.068659521,0.19800885,1.81824245,0.240171907,0.205996413,0.099136936,0.013352563,0.005539007,0.101127022,0.005983174,0.080752212,0.00712457,0.017852068,215.2759058,0.17920354,0.017822884,0.006999348,0.01054939,0.184734513,0.096238938
0,153,0.009107825,0.003421637,50.16765255,0.025118514,0.025487818,23.78321904,0.006081238,0.180309735,0.017170275,0.019044954,0.010773961,37.44432754,0.010905418,0.018047897,0.011002228,0.011611992,0.005027878,0.014941693,0.013985173,0.010999766,0.07347058,0.10148402,0.018161335,59.42003152,0.012013094,117.159911,0.048672566,0.028717596,0.028779851,0.02835027,0.004962728,0.004386402,0.011298804,19.50115685,585.5776205,0.065039027,0.404061934,0.019794173,0.406132077,0.006573215,0.009248407,0.067697694,0.102876106,0.06328396,0.021220407,95.04044072,0.014035873,0.047504663,654.920101,0.059853819,0.025252272,0.0038038,0.027112393,0.013222964,32.00711981,0.004734144,0.017351462,0.032293664,0.027458818,0.027477648,0.00419019,108.4400947,0.032210156,0.004621413,0.010205276,0.03116709,0.022358027,0.002519904,0.03297887,0.462693781,0.288328133,0.015129019,0.011187854,0.28945624,0.458824368,0.003898846,0.100663717,0.070513208,0.011733779,0.095132743,0.065104102,0.144911504,0.03539823,0.039993442,0.037376604,0.058014413,0.066371681,0.05264694,0.008371464,0.33976385,0.062225034,0.057161878,0.075397297,764.4858221,0.277935896,0.078664003,0.023367607,-0.001502704,0.020440882,1.046099436,0.014313068,0.099557522,0.340210145,1.04637264,0.003062746,0.052899477,0.046131563,0.075291351,0.010881385,0.063592204,0.002932443,0.020208118,25.96472798,14.32044154,0.248893805,0.006266033,691.8671355,0.003257078,-0.016196654,0.004471801,0.020458897,0.004579641,0.103717064,0.450104003,0.454061337,0.007927093,0.028931275,8.584534324,271.7864171,0.054131371,0.008919176,0.13769637,0.005676756,0.599674416,0.025670845,0.054051319,0.462137986,0.60580956,0.011698651,105.4488708,0.022400994,0.162090254,0.027377143,1.538726266,0.059637683,0.201327434,1.536168312,0.245183127,0.158539064,0.244096789,0.008193685,0.002061501,0.248484022,0.011739015,0.107300885,0.005399604,0.003459095,165.5412887,0.142699115,0.003454647,0.005434404,0.007638082,0.129424779,0.053097345
0,214,0.004244655,0.002229775,33.6204735,0.016260435,0.017817574,11.87959267,0.003146107,0.202433628,0.005379833,0.006224569,0.006241463,25.01073606,0.0062413,0.012553093,0.006681203,0.003913076,0.002353195,0.00434087,0.005209455,0.007690283,0.006319489,0.009732165,0.012774856,40.57373789,0.006162008,39.35254752,0.095132743,0.017397761,0.017659329,0.003341515,0.003454471,0.002681002,0.001735997,12.47873433,25.19738617,0.017734473,0.033525813,0.002873678,0.034500708,0.002326328,0.004038707,0.017864101,0.048672566,0.037747861,0.002038043,46.746346,0.005233975,0.041483766,35.02700042,0.02929419,0.006826793,0.002619244,0.008366011,0.001675425,27.54599748,0.002321165,0.009756966,0.016208778,0.016195139,0.016564701,0.003198386,9.725659008,0.015839976,0.002974412,0.004563665,0.003589511,0.002168554,0.00286771,0.002655955,0.347197359,0.011745767,0.004259611,0.006834026,0.011739286,0.341865138,0.002645424,0.134955752,0.026257696,0.011852727,0.03539823,0.00456456,0.163716814,0.136061947,0.013387508,0.01329618,0.025714802,0.027654867,0.011846863,0.002260937,0.204850747,0.015138192,0.023075834,0.021466325,523.7945545,-0.001944171,0.028194408,0.00590364,-0.002248692,0.006555577,0.510683056,0.012701222,0.061946903,0.205201481,0.509228571,0.002517017,0.012010061,0.003814606,0.005755505,0.005719992,0.015447773,0.001885442,0.012545646,25.10169616,8.783977852,0.243362832,0.006803922,562.3545951,0.003569553,-0.037938177,0.003704699,0.012545947,0.004195667,0.02543417,0.338985393,0.338820789,0.004454126,0.009736036,6.394163033,38.54434658,0.014745845,0.006851291,0.091131881,0.002566257,1.939566876,0.005487505,0.014189055,0.33830449,1.938681946,0.006085462,9.673150188,0.008933137,0.200705772,0.002917881,2.216305865,0.047515236,0.308628319,2.217531561,-0.003252297,0.199499811,0.106077816,0.005702974,0.002110182,0.106431152,0.006358181,0.126106195,0.002871385,0.003920578,177.1950226,0.127212389,0.003889523,0.002293396,0.003615429,0.175884956,0.049778761
2,143,0.006006307,0.005321794,59.59927422,0.021858123,0.021847372,36.53879951,0.007242881,0.07300885,0.015771138,0.015786208,0.013610084,99.69223445,0.013607768,0.02568027,0.025709208,0.021459072,0.003781394,0.020778317,0.032354806,0.025707515,0.048653704,0.115754494,0.025766721,234.9259717,0.030331763,585.4658428,0.075221239,0.085619701,0.085574895,0.051042996,0.008090708,0.008693087,0.017769914,104.1620854,628.464374,0.034897428,0.535140025,0.020755412,0.537956061,0.005714439,0.021655716,0.035530666,0.063053097,0.125503487,0.022026257,192.0158304,0.032366514,0.100504563,1512.50824,0.125355178,0.012546612,0.009403696,0.029186633,0.064452187,110.022761,0.006856793,0.041612216,0.09909605,0.099325385,0.100031235,0.007253169,164.0710488,0.09911061,0.007967721,0.038747298,0.063720867,0.068885861,0.027370673,0.043316354,0.54291642,0.174865035,0.021455085,0.029910724,0.175202527,0.541474888,0.009468073,0.068584071,0.244711771,0.049404347,0.097345133,0.075042032,0.091814159,0.085176991,0.094570101,0.092284008,0.122557244,0.05420354,0.377694645,0.009839241,0.215401318,0.187306901,0.121284402,0.245660542,2148.41453,-0.070988494,0.246171333,0.057168731,0.000212234,0.038411019,1.674043745,0.052780016,0.084070796,0.215631149,1.674956588,0.016632988,0.378924721,0.225882011,0.075954173,0.03872667,0.187948028,0.002738206,0.05362529,66.59185694,20.88889723,0.087389381,0.060498342,1740.320253,0.062685452,-0.071920959,0.061443691,0.053627224,0.061409855,0.254825809,1.498221332,1.503689015,0.006126674,0.13562418,73.83518056,456.2529852,0.132953504,0.014516725,0.416865922,0.014978909,1.454831365,0.032202899,0.132830491,1.124811614,1.545540825,0.071064329,531.1902965,0.103014174,0.228126286,0.025796753,2.101639611,0.250651473,0.100663717,2.082723534,0.202047268,0.227278373,0.733154507,0.006511313,0.013813313,0.73614931,0.071026407,0.060840708,0.009966892,0.061086241,539.4880736,0.097345133,0.061070966,0.005279641,0.012554711,0.074115044,0.057522124
2,36,0.009599938,0.005127789,141.9284786,0.059443412,0.0594316,47.90449431,0.009709728,0.075221239,0.026577156,0.026569065,0.025121196,306.6577471,0.02514754,0.068452219,0.105218961,0.015244355,0.006872962,0.016447147,0.03894973,0.105412017,0.188238528,0.2723791,0.070168976,197.61757,0.066883603,90.36814537,0.097345133,0.366945301,0.368272388,0.131925383,0.02052692,0.00688725,0.073938586,64.78240854,1159.99099,0.073294526,0.932102107,0.081888021,0.931587048,0.009535815,0.013606953,0.073607605,0.102876106,0.157371243,0.041686479,246.0329492,0.038998142,0.123265987,1474.203261,0.157443114,0.026793963,0.024138338,0.047218882,0.041223271,126.4961906,0.009788274,0.051902258,0.069644956,0.079314309,0.079508119,0.016324817,234.2774767,0.069596077,0.009629321,0.017197193,0.13122018,0.064695895,0.080605192,0.085585901,0.559134899,0.734037416,0.015493301,0.041857973,0.733795699,0.558791816,0.024323981,0.08960177,0.159267474,0.036473556,0.094026549,0.1388784,0.085176991,0.100663717,0.097446524,0.095659842,0.137573094,0.05420354,0.054740396,0.017775536,0.202524484,0.037202091,0.136413235,0.038616281,522.1089132,-0.081627814,0.038608344,0.041661149,0.008682808,0.069057633,0.937114625,0.036529808,0.084070796,0.203912241,0.937622405,0.01403466,0.054722987,0.146911022,0.140301592,0.017190638,0.037232863,0.008265224,0.102341319,104.1891194,66.80726284,0.14380531,0.095876769,1221.497474,0.02714069,-0.014176832,0.030411722,0.102915823,0.030450639,0.066406115,1.322410594,1.322590473,0.035623162,0.039198806,70.33012493,1104.578715,0.135116115,0.023477829,0.13756096,0.010516763,1.501970846,0.054918917,0.126963615,0.308458852,1.502192299,0.035414549,337.3022725,0.072463165,0.340211684,0.117882985,1.604511303,0.251967126,0.090707965,1.58850598,0.294038116,0.333795936,0.287227379,0.036188604,0.126574552,0.287494175,0.035430664,0.049778761,0.011337984,0.379090521,466.9626073,0.120575221,0.379272421,0.019464724,0.058384294,0.109513274,0.053097345
1,211,0.006133469,0.003640387,47.2719542,0.023720417,0.023707368,18.71905656,0.004664881,0.134955752,0.008686714,0.00868402,0.011442488,46.87776326,0.011437567,0.021057461,0.017070644,0.005768649,0.003651945,0.006043849,0.008235245,0.018335837,0.029917363,0.034898336,0.022141099,52.78966917,0.010426886,139.8872168,0.101769912,0.027756231,0.027747687,0.017764093,0.005568744,0.004290256,0.005085043,16.22963192,332.2952368,0.021092131,0.155570496,0.007771779,0.158751737,0.005791647,0.005674421,0.022302425,0.207964602,0.101108785,0.007241575,148.4082675,0.008672388,0.076228448,261.1147842,0.101081172,0.011610791,0.004235595,0.012932451,0.006761237,49.33205915,0.00543574,0.029829217,0.025618749,0.020925405,0.022314769,0.004248528,69.03215969,0.025233332,0.00611422,0.005444344,0.015640155,0.00820821,0.003443844,0.009795954,0.581781809,0.384130897,0.005966021,0.012058337,0.39510918,0.57994611,0.005293693,0.137168142,0.133477212,0.034681847,0.117256637,0.039738576,0.085176991,0.121681416,0.061995078,0.062016213,0.029159408,0.057522124,0.086463792,0.004861691,0.218712246,0.085438346,0.026122071,0.106846522,958.7561619,0.027396946,0.107320136,0.03461362,-0.000611486,0.035971542,1.107100312,0.035483024,0.140486726,0.220572691,1.10386513,0.002446,0.086565259,0.019168946,0.040163599,0.005526447,0.086325535,0.002674055,0.039518892,53.597178,15.82331368,0.14380531,0.005326792,1450.928097,0.003383178,0.018316441,0.003912904,0.039967575,0.004158664,0.252093035,1.167229829,1.167364593,0.006573384,0.148776354,6.93261752,48.12969811,0.0727785,0.015718109,0.139618987,0.003367646,0.982885119,0.004394821,0.068803908,0.817877065,0.996537776,0.008470775,46.26781536,0.062900052,0.196319382,0.02160868,0.970413457,0.108505863,0.19579646,0.965399756,0.111257153,0.193346938,0.162835066,0.007002452,0.00279819,0.162933308,0.008528435,0.087389381,0.007697036,0.006396849,267.5816016,0.149336283,0.006203043,0.00551672,0.009860812,0.157079646,0.050884956
2,224,0.009255983,0.004403533,46.66190995,0.028481594,0.028708359,19.08548393,0.006853042,0.110619469,0.010400995,0.010411478,0.014283998,31.41256056,0.01427741,0.023031731,0.012632714,0.010283266,0.004327021,0.009235688,0.007846843,0.012826574,0.044994422,0.06218835,0.023080022,45.83318902,0.008977946,151.3113703,0.05199115,0.016955271,0.018632017,0.022756076,0.005259421,0.004097125,0.00779335,18.26221442,467.5193291,0.032848365,0.719056446,0.011332833,0.734486653,0.005485336,0.007863414,0.032834888,0.121681416,0.132462356,0.012029519,155.4835295,0.007845296,0.114927265,547.0121414,0.13175956,0.014197572,0.003442294,0.011532389,0.008779278,57.31163102,0.005887759,0.053938615,0.032692629,0.024880345,0.025168834,0.003689577,107.1233984,0.03262341,0.007149087,0.010464325,0.03265231,0.009953714,0.00577958,0.017576115,0.674237743,0.63052387,0.010594637,0.017779522,0.648613418,0.674596516,0.003643328,0.183628319,0.215430753,0.034592178,0.170353982,0.105779345,0.153761062,0.115044248,0.123370403,0.123317583,0.024849061,0.082964602,0.103555918,0.005027487,0.409015918,0.081151047,0.024020195,0.125874937,990.2132645,0.116058684,0.12598207,0.100847654,-0.00040349,0.061097861,1.63781625,0.037389176,0.209070796,0.409382528,1.634592785,0.00811499,0.107388957,0.024833829,0.113350589,0.010476788,0.082158664,0.003085854,0.046863991,55.6559869,11.33566673,0.273230088,0.026869675,1140.900627,0.014156488,-0.024239998,0.018508733,0.047196005,0.018562896,0.162490357,1.027424507,1.027475133,0.005567396,0.069824673,26.99844249,30.53481112,0.184459936,0.018008007,0.330074113,0.004480424,1.65229168,0.005180947,0.184528224,0.799359114,1.654492626,0.013500923,103.6884809,0.091431059,0.261600625,0.019687671,1.68706511,0.145592912,0.110619469,1.687398439,0.237934657,0.23347102,0.498712139,0.005762464,0.003535397,0.508779555,0.013493454,0.116150442,0.004648417,0.010281386,350.5888103,0.209070796,0.010283205,0.005775235,0.005972582,0.287610619,0.053097345
2,142,0.006318857,0.003111316,41.60042119,0.016886102,0.016914969,17.53050214,0.005596901,0.117256637,0.008635763,0.008709083,0.009938681,52.74967112,0.009970918,0.014378557,0.022092862,0.005800045,0.002890255,0.010603639,0.010448274,0.022080643,0.013864379,0.013701783,0.014384905,57.92181656,0.013694882,61.98351346,0.088495575,0.035345276,0.035410969,0.007590574,0.009167633,0.003624509,0.002981073,17.760179,40.45040529,0.027473463,0.023235599,0.004791693,0.023357704,0.005652509,0.010521816,0.027464842,0.037610619,0.066039405,0.003416356,93.76612677,0.010482441,0.136298354,44.00982815,0.064654549,0.016325964,0.006744883,0.018789688,0.002791965,50.23682924,0.004174075,0.079181208,0.021526221,0.020767818,0.020762643,0.004248335,14.583194,0.021328353,0.005272266,0.005634119,0.006293959,0.004577718,0.004154989,0.004872893,0.754666117,0.02209623,0.006081752,0.027159279,0.022085197,0.755035231,0.006751482,0.182522124,0.06430921,0.022387856,0.128318584,0.007501569,0.150442478,0.206858407,0.046774353,0.043600273,0.040447798,0.046460177,0.028651184,0.005926417,0.200197134,0.041053926,0.040358433,0.035155545,680.4651686,-0.003390185,0.035178465,0.01496697,-0.001011012,0.047432565,0.679223661,0.024041249,0.07300885,0.200105983,0.679254886,0.005196645,0.030177774,0.005824746,0.007498973,0.005732481,0.041049441,0.004074716,0.027119948,34.96784922,19.85679801,0.25,0.015963991,854.7392121,0.010192393,-0.002047843,0.00883095,0.027213982,0.008975637,0.03875257,0.675332873,0.675687365,0.010696866,0.036296793,11.13490334,56.12733601,0.053642108,0.011492877,0.085639728,0.004202073,2.900942108,0.011578862,0.051694797,0.264353868,2.899532862,0.008907537,15.16124981,0.025995839,0.256955285,0.005338659,2.792252455,0.157042299,0.17699115,2.788732357,-0.004365645,0.25691738,0.084546442,0.010695219,0.00333005,0.086482215,0.008993954,0.097345133,0.006937545,0.011026176,174.466337,0.206858407,0.010959487,0.006265283,0.01215504,0.201327434,0.033185841
2,318,0.088227807,0.010747397,602.38842,0.363332384,0.363153814,331.6767045,0.032783441,0.097345133,0.167625964,0.17769451,0.204808802,1376.430356,0.209673715,0.135331313,0.69456586,0.04655139,0.049359736,0.0113886,0.045036679,0.694212832,0.592696276,0.069350824,0.136457065,150.4743838,0.246278542,221.4710279,0.091814159,0.917572357,0.917120085,0.408802768,0.167088741,0.009478968,0.038654035,97.62497569,3707.046432,0.307454678,0.276375533,0.167859618,0.27638338,0.040793383,0.017172768,0.308058593,0.088495575,0.463943957,0.13820652,966.9072302,0.045209168,0.308691121,525.5677705,0.462889392,0.083523297,0.141281509,0.027180282,0.019771427,108.5868345,0.010887224,0.083402934,0.050134245,0.067566728,0.067592949,0.096352944,1122.759966,0.048294145,0.020775094,0.034390719,0.039029694,0.013221261,0.004995466,0.019671731,1.048655469,1.901426718,0.063200852,0.035371185,1.900437668,1.037216511,0.141445409,0.084070796,0.63565819,0.033820108,0.122787611,0.658422478,0.07079646,0.067477876,0.425643067,0.385920813,0.092731046,0.117256637,0.109513162,0.011898211,0.529403211,0.087113518,0.092381958,0.13368498,1329.254057,-0.005291173,0.135842461,0.254677392,0.000105939,0.116664684,0.670441966,0.034066731,0.109513274,0.547162577,0.666412157,0.003987112,0.110902983,0.055855021,0.658400651,0.034412946,0.08805066,0.042189486,0.068879506,134.0460543,283.6674927,0.090707965,0.011446539,2913.422758,0.009817845,-0.014447016,0.010581649,0.069983314,0.010599977,0.274302911,1.860366913,1.86564981,0.098998679,0.057782791,20.22738838,139.595341,0.663778348,0.048489622,0.16217234,0.012357754,2.259382126,0.010294094,0.661326377,1.014885319,2.26340955,0.05111823,192.0718653,0.314856205,0.136915782,0.299457759,1.800660064,0.146619605,0.120575221,1.794055056,0.155582405,0.136758575,0.215210311,0.099009576,0.005598187,0.218296958,0.051091326,0.060840708,0.010429659,0.021601917,642.579952,0.076327434,0.021612014,0.060773551,0.165787439,0.071902655,0.07079646
0,97,0.003721741,0.00226677,25.60494312,0.009808375,0.009895419,10.87388421,0.003554644,0.151548673,0.006029219,0.00604008,0.005987094,43.53389079,0.006000258,0.010197203,0.01468666,0.002980488,0.002978243,0.00546187,0.008690199,0.014890019,0.008460729,0.010885726,0.01019668,32.12478338,0.01158182,52.47835117,0.107300885,0.035256769,0.035322495,0.004737647,0.005149315,0.002584045,0.001908572,17.08915518,29.49755305,0.01701716,0.026505335,0.004030658,0.026537155,0.00372552,0.004323039,0.017403624,0.103982301,0.037743096,0.00312933,54.2371853,0.01013428,0.062832066,45.02414862,0.035979887,0.00791092,0.004624523,0.012689256,0.002910545,24.12788582,0.002913501,0.020082455,0.01254038,0.010441846,0.010462771,0.003599206,11.6818751,0.012535065,0.003362771,0.00330696,0.00479147,0.004552167,0.002926926,0.003654918,0.53088268,0.015152959,0.003342792,0.0050762,0.015146303,0.530268838,0.00477868,0.16039823,0.035022127,0.008068793,0.060840708,0.006050934,0.161504425,0.216814159,0.019386957,0.018650214,0.023559023,0.053097345,0.025899928,0.005742221,0.376193862,0.019851834,0.023489752,0.031063588,569.1788634,-0.000575501,0.032237324,0.01038664,-0.000528355,0.021349723,0.707413572,0.010541993,0.203539823,0.376183199,0.700545663,0.003314805,0.027133313,0.007159272,0.006063213,0.006688398,0.021249756,0.003221371,0.010784789,21.95004004,14.5036467,0.23119469,0.006216493,594.1091594,0.003755315,-0.005288668,0.004323922,0.011412372,0.006590814,0.039063174,0.346482254,0.346721362,0.007501005,0.023009368,9.841716588,54.42920976,0.023647158,0.005815725,0.083063653,0.00381264,1.135389099,0.005981338,0.022953971,0.337414395,1.173128857,0.006224142,16.86769284,0.01381877,0.137241326,0.003634268,2.070493118,0.084289586,0.213495575,2.042968419,0.002119108,0.099786955,0.140605802,0.007734565,0.003617388,0.144624113,0.006238364,0.086283186,0.003157771,0.010533093,87.47557989,0.17699115,0.010514338,0.005232651,0.007780509,0.157079646,0.038716814
1,433,0.004509875,0.002370042,41.92976743,0.021905633,0.024279465,15.63226631,0.004012008,0.173672566,0.007464431,0.00754773,0.010438235,101.040522,0.010453157,0.019370938,0.024305671,0.004482714,0.003478509,0.004732557,0.008416098,0.02430047,0.171876755,0.198525604,0.01950153,37.75063084,0.019013874,108.8449312,0.057522124,0.085980181,0.086025501,0.098552245,0.005897901,0.003012451,0.02803821,16.91630685,1237.050305,0.018547781,0.722365256,0.044733011,0.722214463,0.004209741,0.004089339,0.018776806,0.136061947,0.044086848,0.037746837,86.08704053,0.008523248,0.046767605,1307.351021,0.043521026,0.009748621,0.009943891,0.012108905,0.05675582,42.71419706,0.00476386,0.016182227,0.020591848,0.014960726,0.015070352,0.007073622,170.9983788,0.018413385,0.005791024,0.00454233,0.124683746,0.055793359,0.002319542,0.035639893,0.49492125,0.593083739,0.004501636,0.008457976,0.597560243,0.488695124,0.009938663,0.060840708,0.13597203,0.01412073,0.099557522,0.118758788,0.081858407,0.098451327,0.048540545,0.048316917,0.018034976,0.038716814,0.055739799,0.005043427,0.059867475,0.07577064,0.017853971,0.070241143,1003.445576,-0.011220541,0.070468944,0.012585508,-0.001540872,0.017800269,0.337977587,0.01449097,0.074115044,0.059877285,0.338122477,0.00648234,0.058123787,0.20130024,0.120820135,0.004795841,0.07608976,0.00500069,0.026692305,47.3019755,28.45658523,0.181415929,0.016580955,972.7356309,0.007255088,0.014574914,0.010287971,0.026885006,0.010862031,0.150299167,0.936870864,0.94902662,0.013875307,0.173549822,13.32212549,88.95451921,0.046121757,0.011072625,0.051261768,0.003871354,1.016341748,0.010072363,0.045653042,0.507188659,1.095805198,0.010251252,195.1168689,0.024317006,0.124666867,0.090533098,1.427412675,0.056001083,0.173672566,1.413843227,0.117508397,0.124174419,0.073209013,0.013871987,0.002005078,0.073465506,0.010256241,0.033185841,0.005765639,0.00379763,232.7111459,0.175884956,0.003794446,0.006771212,0.015866352,0.080752212,0.036504425
2,314,0.015079633,0.005415008,112.2925388,0.056724212,0.056694371,35.72361385,0.007964969,0.127212389,0.021650311,0.021640996,0.017471014,190.2122481,0.017461747,0.03568469,0.054974235,0.012823214,0.005276708,0.026863426,0.037332056,0.054982828,0.099841161,0.128639716,0.035711677,276.8819636,0.048124244,222.9406118,0.064159292,0.191032457,0.19096338,0.068319851,0.014044659,0.009922701,0.012806117,68.90473467,776.4453229,0.067871666,0.547486399,0.023263862,0.551174112,0.00850197,0.035324972,0.067835584,0.111725664,0.103293785,0.027037107,175.5389009,0.037583929,0.107641019,1108.055554,0.102403191,0.02206666,0.011554342,0.040454232,0.027152627,100.3183679,0.006685659,0.044614404,0.099276542,0.162566649,0.162970742,0.012744218,176.2801399,0.099287839,0.00861448,0.028238226,0.044757523,0.050476337,0.004683608,0.033694473,0.521231542,0.499465488,0.012843516,0.035073986,0.517408233,0.520874097,0.011554616,0.081858407,0.100918358,0.03386596,0.117256637,0.093125577,0.07079646,0.102876106,0.084351926,0.073285726,0.148375459,0.07300885,0.112115087,0.017753711,0.345703519,0.085047512,0.148423172,0.133202522,1135.518119,-0.177827632,0.133588419,0.044903059,-0.00038683,0.041278712,0.50319314,0.034313694,0.118362832,0.346336664,0.503218806,0.013930517,0.113810995,0.119793969,0.094132826,0.028462323,0.08502135,0.004920989,0.059802351,67.03820286,40.27417793,0.154867257,0.032857015,816.2157364,0.02703382,-0.141992714,0.031273182,0.059771405,0.031278308,0.143356438,0.651610909,0.660116657,0.021341217,0.062438534,45.04946681,291.6867813,0.100026268,0.021836031,0.106761364,0.011239046,1.277562673,0.021295032,0.095596726,0.727991738,1.291336649,0.030781323,277.7639528,0.044602153,0.121287896,0.046627009,1.262822214,0.164037561,0.097345133,1.263468488,0.135820939,0.117443531,0.223651995,0.021353912,0.003862561,0.22370381,0.030803265,0.053097345,0.012822732,0.014553402,225.3022542,0.112831858,0.014530377,0.009124883,0.025005512,0.107300885,0.068584071
0,84,0.007165652,0.003339301,28.85419028,0.013240691,0.013236659,11.71077904,0.005362346,0.153761062,0.005813392,0.00602485,0.006943308,32.84679971,0.006940046,0.01214817,0.009912669,0.003438428,0.004726205,0.005297478,0.006063048,0.010137219,0.047907679,0.047361585,0.013173571,27.92273983,0.011304655,90.37937322,0.088495575,0.025958333,0.02669688,0.019162926,0.005162809,0.003129986,0.006957471,11.97579908,490.9634126,0.013326018,0.229550522,0.012764063,0.235391448,0.005359321,0.005493215,0.013339702,0.130530973,0.048758011,0.009177033,68.06781493,0.006110275,0.030613239,495.212816,0.046382019,0.008454978,0.003885078,0.009717858,0.0064915,24.80288256,0.004032928,0.014900199,0.011098998,0.0123187,0.012336896,0.003602847,67.93724944,0.010931452,0.005532375,0.003985133,0.014149582,0.009637336,0.004549533,0.012778387,0.593224166,0.242618545,0.003455799,0.006813167,0.248055573,0.593548445,0.00398195,0.138274336,0.068979374,0.010828317,0.098451327,0.04598398,0.170353982,0.097345133,0.024078254,0.020151639,0.015379766,0.061946903,0.035433659,0.006347398,0.144346779,0.027975462,0.014401351,0.063986977,948.0878293,-0.163436546,0.068738129,0.01675775,-0.000978089,0.015297355,0.451090713,0.0115506,0.142699115,0.144580214,0.440831015,0.005482947,0.03979658,0.01929578,0.047732449,0.003985883,0.028056695,0.003323486,0.010704701,24.13730237,14.00690603,0.275442478,0.00879454,710.6649062,0.003840388,0.044302226,0.007744392,0.011040648,0.007864357,0.126080374,0.37229542,0.372122061,0.007276067,0.034426468,9.923602449,23.36261488,0.029576967,0.010571362,0.055859678,0.004209667,1.017373852,0.003913951,0.026992106,0.721592673,1.046826054,0.006441274,58.92077265,0.016890732,0.057085818,0.016004738,0.965131668,0.025905823,0.273230088,0.919097782,0.174901475,0.048659776,0.09084482,0.007719952,0.002521468,0.092140665,0.006450051,0.126106195,0.004560288,0.004765689,132.3040392,0.204646018,0.004720734,0.00693015,0.008091212,0.193584071,0.125
2,276,0.018733406,0.006474343,140.4102234,0.037490766,0.037474219,40.18388992,0.022899864,0.161504425,0.029215989,0.029207061,0.0184901,333.9115958,0.018480708,0.036355763,0.128263556,0.008687051,0.010019436,0.009048415,0.022232398,0.12841446,0.182903379,0.163576866,0.036432304,134.7176333,0.105572914,213.7301623,0.150442478,0.245550024,0.245419241,0.068330499,0.057610621,0.004876989,0.012484477,26.53484567,660.7854088,0.127737344,0.408724504,0.043332973,0.413246451,0.015512755,0.017988495,0.127674295,0.211283186,0.09765903,0.030642885,185.4318398,0.022220312,0.24387817,580.6859673,0.095311534,0.058750448,0.029063438,0.057315889,0.011965485,64.02381766,0.014735941,0.050964659,0.019872383,0.042668871,0.042681609,0.037668268,141.3774389,0.019738906,0.019033206,0.006472634,0.04397285,0.02163423,0.016693574,0.038454246,0.506840122,0.723413604,0.0088229,0.033519545,0.741349796,0.505874289,0.029121915,0.139380531,0.2723555,0.019872167,0.191371681,0.08671792,0.157079646,0.162610619,0.056688954,0.052512841,0.13373317,0.110619469,0.115821155,0.012408969,0.360648918,0.055169793,0.13378784,0.126204928,1075.019996,0.045344768,0.126184949,0.057745986,2.39e-05,0.06472118,1.15413532,0.020321451,0.222345133,0.360670165,1.154749409,0.006340249,0.116466525,0.044619807,0.087301594,0.006480212,0.056035314,0.01846618,0.043477954,75.31677293,107.4407992,0.205752212,0.022733071,1208.262819,0.011357695,0.02635444,0.009608171,0.043455014,0.009689389,0.33423415,0.86508179,0.865336178,0.076321144,0.070989935,13.25922595,290.3127421,0.101840161,0.057710278,0.204871254,0.006058325,1.598091183,0.053865016,0.096634087,0.787021627,1.717873547,0.00960287,126.9734805,0.075725991,0.180449367,0.036145537,1.805916413,0.181848065,0.227876106,1.706547901,0.170111802,0.180540862,0.250545818,0.076346961,0.021680072,0.253257646,0.009622412,0.136061947,0.01298535,0.047999595,362.0756204,0.140486726,0.047991367,0.027373293,0.04086451,0.188053097,0.074115044
2,123,0.003563402,0.002033158,15.10234679,0.00578735,0.005812685,7.410377534,0.002528231,0.185840708,0.003249753,0.003339728,0.003639093,25.45941426,0.003748747,0.004784621,0.006617432,0.002510274,0.002328827,0.004124798,0.003835283,0.006970214,0.016405131,0.018427232,0.005308108,22.03424595,0.009453715,108.8763598,0.05420354,0.02196691,0.02198874,0.006803016,0.00366425,0.002082221,0.002766561,7.951591462,402.1252705,0.01011782,0.191225642,0.004976536,0.209654564,0.00282214,0.003240131,0.010171528,0.077433628,0.066293121,0.003734376,98.70496567,0.003887486,0.081762049,359.9298881,0.065700744,0.006371898,0.00247069,0.006163129,0.003696765,13.99510634,0.002570475,0.022929786,0.010198227,0.008312687,0.008314966,0.002784328,32.29468946,0.010129877,0.002860432,0.00290673,0.007846134,0.004420147,0.00372777,0.004826171,0.515364527,0.219863365,0.003252308,0.003531865,0.236233074,0.513110882,0.003087464,0.116150442,0.098186299,0.003828167,0.071902655,0.023831466,0.136061947,0.186946903,0.045043875,0.045059318,0.012186441,0.045353982,0.058372493,0.002862497,0.469710012,0.060302141,0.012053947,0.072317131,947.8686604,-0.013211631,0.074731019,0.021075048,-0.000608789,0.017465497,0.865097165,0.006910048,0.084070796,0.470764092,0.86553748,0.00497194,0.058400978,0.009009735,0.024585245,0.003171658,0.060304495,0.002294381,0.005703602,12.85672785,8.855649914,0.216814159,0.01520604,869.1813391,0.006048444,-0.109841223,0.006846722,0.005730298,0.007182781,0.071683527,0.739775912,0.745863822,0.004296287,0.041494714,10.91007229,42.79679925,0.042646575,0.00401486,0.309286128,0.00232495,1.711955746,0.005993899,0.042379295,0.682289787,1.781869588,0.003934743,31.69162132,0.02852208,0.206051677,0.007431143,1.832895383,0.057516778,0.203539823,1.761535294,0.22820852,0.206158437,0.176423424,0.004545234,0.00230661,0.177567096,0.003937505,0.058628319,0.003224574,0.004285136,112.4130696,0.213495575,0.004280242,0.003895841,0.004563779,0.138274336,0.069690265
1,352,0.005598009,0.003586576,39.93271897,0.013565653,0.013571077,16.00983695,0.006284463,0.077433628,0.009212487,0.009209218,0.008257682,42.96605922,0.008267519,0.013216024,0.01350508,0.004237777,0.004370912,0.011928054,0.013405164,0.013972576,0.10899689,0.120175503,0.013356509,48.19282697,0.013595092,97.2524639,0.03539823,0.033723558,0.033704915,0.066794613,0.005996054,0.00434847,0.013879074,19.42740507,932.461277,0.027987593,0.58962353,0.024694147,0.589697107,0.007259268,0.010804806,0.029332521,0.19579646,0.0712543,0.022379742,123.4936264,0.013422565,0.020232714,835.8396039,0.069335417,0.017030683,0.004928522,0.020689622,0.013274639,30.24470272,0.004108381,0.010242741,0.019507094,0.019436806,0.019469071,0.005260689,119.9664776,0.019494707,0.006578224,0.005088035,0.033041232,0.026408989,0.003973393,0.019571706,0.697358182,0.719052403,0.004809899,0.014366425,0.73168199,0.694100548,0.005560554,0.119469027,0.075884259,0.008597056,0.100663717,0.076259904,0.154867257,0.147123894,0.062384243,0.061875042,0.029168126,0.05420354,0.052263606,0.011180155,0.367718254,0.036555297,0.029137686,0.054322892,1085.628981,0.055598727,0.056594941,0.018055538,-0.001915585,0.013489066,0.373352286,0.008592977,0.161504425,0.371299619,0.372822048,0.095507571,0.052236036,0.034142382,0.076240253,0.005213428,0.037141491,0.00415125,0.017834851,27.45720738,19.53274119,0.241150442,0.417700929,959.6408567,0.085217163,-0.025412329,0.257111992,0.017935139,0.263935998,0.127237126,0.628580954,0.640098779,0.010351927,0.038371682,364.8568431,136.3135094,0.066116268,0.009492765,0.147767298,0.00625206,1.033654718,0.012076606,0.058306538,0.650920286,1.097550126,0.009162747,109.0082248,0.026340159,0.176060105,0.068481571,1.349060837,0.022212353,0.090707965,1.279353448,0.229810327,0.176107039,0.132120917,0.010413581,0.006162875,0.132048711,0.009162998,0.128318584,0.005322672,0.023254721,167.8497855,0.191371681,0.023263479,0.009016916,0.011187398,0.150442478,0.085176991
2,191,0.01099731,0.009538825,77.41222342,0.035331272,0.035332614,37.36997981,0.007973021,0.109513274,0.010867425,0.010863902,0.013781384,73.25268994,0.014083213,0.029374816,0.02720926,0.024787705,0.005582329,0.015832794,0.012265235,0.027345718,0.026730334,0.032229536,0.029678901,95.67153755,0.017923059,129.5933713,0.10619469,0.049362624,0.049529883,0.012853435,0.008480389,0.010143726,0.004783791,39.9126495,409.5155581,0.042900021,0.191500996,0.006856217,0.19418593,0.005415705,0.014003902,0.042904102,0.101769912,0.09909841,0.006127076,133.231929,0.01231294,0.083053312,312.9176459,0.097518918,0.016377878,0.025887348,0.020666809,0.005249414,81.20236326,0.01192689,0.027523598,0.042772543,0.043606355,0.043783186,0.006254138,55.22236928,0.042509436,0.00856342,0.026678899,0.021965977,0.005600493,0.005370345,0.010719649,0.626815901,0.191455569,0.02477561,0.015982485,0.195023028,0.627122974,0.025876593,0.113938053,0.153423283,0.043791777,0.07300885,0.01992625,0.116150442,0.127212389,0.064410519,0.064233041,0.048792168,0.058628319,0.054336909,0.006654792,0.288571717,0.07050876,0.048819099,0.08247191,968.92715,0.105630029,0.082822632,0.03564516,-0.001093665,0.026366291,1.308881085,0.046771163,0.099557522,0.310813528,1.308450366,0.004470834,0.054750572,0.021787598,0.020146742,0.026719554,0.071821076,0.009357814,0.050683895,57.57132218,38.76165046,0.110619469,0.013637925,1063.150826,0.006824875,-0.008162407,0.011379085,0.056236814,0.011495316,0.079287839,0.712269603,0.722486587,0.009945226,0.036303762,20.65336976,87.0823945,0.07772933,0.013598622,0.135576901,0.006511734,1.130538648,0.007268607,0.077461833,0.568606605,1.148764606,0.014152304,52.4032545,0.041237463,0.105443216,0.015051005,1.274935048,0.099583573,0.118362832,1.263741667,0.151690134,0.103048257,0.19280592,0.009943657,0.005887216,0.199712392,0.014298924,0.096238938,0.012332064,0.016354601,170.7489435,0.120575221,0.016325116,0.00695705,0.014473995,0.117256637,0.075221239
2,453,0.010699893,0.004009122,64.10506874,0.02666604,0.026664442,19.87161478,0.009187659,0.123893805,0.01041796,0.010447665,0.00880403,80.1850385,0.008849332,0.025522594,0.023620808,0.006246448,0.00386933,0.013288683,0.0106161,0.023714212,0.019829295,0.020028222,0.025578925,75.75457765,0.020025704,64.09176017,0.112831858,0.067771375,0.067865669,0.012606992,0.006887378,0.005211722,0.003944302,22.58415166,64.48365995,0.045940362,0.038020857,0.005984722,0.038050091,0.005789686,0.013742667,0.04598649,0.219026549,0.024711575,0.005213141,51.0818603,0.011814778,0.118644211,72.38239585,0.024690196,0.019624304,0.007408619,0.020171183,0.004910197,33.8885957,0.006334589,0.053293767,0.035644213,0.032490217,0.032495931,0.008841512,21.47988638,0.035528194,0.006277783,0.007448129,0.012419753,0.005233627,0.005687944,0.00762158,0.480837767,0.039900823,0.008319001,0.025136258,0.040020362,0.476985382,0.008109407,0.183628319,0.048974046,0.015476392,0.161504425,0.010007901,0.133849558,0.215707965,0.025926935,0.023430054,0.04872421,0.067477876,0.029341549,0.005653306,0.31266463,0.028637663,0.048642976,0.037080268,708.4305846,-0.007080947,0.037707956,0.012049936,0.002409749,0.054299937,1.33065268,0.015670887,0.117256637,0.313658728,1.318616498,0.004460936,0.030180131,0.015150991,0.010004418,0.007521542,0.029169706,0.004830262,0.02224806,30.25301772,23.01344841,0.204646018,0.013751898,769.0528772,0.007862225,-0.1288371,0.007273728,0.022303692,0.007400726,0.076164157,0.229752287,0.233244184,0.012052189,0.059736138,11.17369012,100.3685803,0.023879029,0.017474968,0.203092247,0.005391518,1.168524172,0.014175388,0.023865019,0.374375284,1.169353325,0.013199103,24.26435991,0.021165251,0.216103705,0.00868786,2.105007215,0.153202065,0.236725664,2.096525859,-0.003601876,0.160295803,0.189327601,0.012169796,0.005290253,0.197027505,0.013200895,0.159292035,0.010098172,0.013442933,147.5464718,0.170353982,0.013450133,0.008637208,0.012667044,0.194690265,0.063053097
2,72,0.123631896,0.024282504,1235.380087,0.482273456,0.482006642,225.0618886,0.063632915,0.10840708,0.120138914,0.127912441,0.131104664,887.8452521,0.132504929,0.243830305,0.189308825,0.057624589,0.060771789,0.044209826,0.04380438,0.189990696,0.210087072,0.198197237,0.243896397,263.3652129,0.219417482,164.7770871,0.079646018,0.795055464,0.794972464,0.111565142,0.039691452,0.008318886,0.020430824,72.54406938,939.5941594,0.985628336,0.614846527,0.036752434,0.614527597,0.046148382,0.029719069,0.985083449,0.087389381,0.231504881,0.032755048,317.0731778,0.04382181,0.139801984,719.0314919,0.224083807,0.274858845,0.038171426,0.050229136,0.013196894,16.20944299,0.022592527,0.084907866,0.28461851,0.103896768,0.103895975,0.061396919,192.2269858,0.284775604,0.040310129,0.034086658,0.063097031,0.021254718,0.004360912,0.045821496,0.608876289,0.697509185,0.069672907,0.016074267,0.697357378,0.601051263,0.039708976,0.08960177,0.465023985,0.008776624,0.098451327,0.108328327,0.095132743,0.095132743,0.085744995,0.084630932,0.134507072,0.092920354,0.077083408,0.020069372,0.75937344,0.062565341,0.134581071,0.119406907,1234.932902,-0.019271499,0.119464696,0.075384608,-0.000768604,0.103082531,2.611049898,0.008801942,0.117256637,0.758992475,2.612441197,0.002545008,0.079224732,0.056271054,0.108878013,0.034512948,0.062623635,0.012656988,0.005979831,146.1440188,141.650945,0.137168142,0.007732874,1792.992805,0.002368759,0.050116133,0.005120171,0.0065364,0.005207669,0.218270277,1.565326453,1.564516999,0.066007328,0.070427207,8.647663069,171.0347548,0.128056429,0.068352391,0.585976667,0.01182364,1.323523563,0.025176315,0.127583202,0.918655597,1.362103125,0.083544541,146.8073364,0.103878809,0.447513925,0.056312163,2.385874638,0.165506385,0.174778761,2.387019677,-0.014563296,0.309672037,0.581314291,0.066019716,0.003017947,0.581349439,0.083498344,0.103982301,0.002941236,0.008983756,766.2833327,0.079646018,0.008983933,0.033499996,0.089383628,0.123893805,0.098451327
0,449,0.012345065,0.006229534,46.89512854,0.019129692,0.019119722,24.76791152,0.008135517,0.137168142,0.016166325,0.016158179,0.01052789,67.38235897,0.010532208,0.013482685,0.027135963,0.008949071,0.009098811,0.01806179,0.017603006,0.027148537,0.126907584,0.118212419,0.013512889,72.2928944,0.027717776,104.3450729,0.118362832,0.052787311,0.052767664,0.037051334,0.025006793,0.010240615,0.01430687,34.04356266,412.2210197,0.036194398,0.316380527,0.021861403,0.322524467,0.017380213,0.012383006,0.036174418,0.163716814,0.114344366,0.031142676,170.5570871,0.017594849,0.088769524,346.396164,0.114062291,0.02999761,0.012652727,0.036015375,0.013595865,41.57678405,0.006132405,0.060099322,0.02647888,0.021460637,0.021533169,0.009351757,80.64191333,0.026493468,0.007626571,0.015012383,0.018223791,0.045573848,0.003359259,0.024696331,0.737760888,0.346173025,0.009218538,0.010387055,0.350321362,0.738148732,0.012820526,0.174778761,0.130648073,0.014934772,0.170353982,0.040182171,0.217920354,0.226769912,0.084705206,0.084079569,0.053368135,0.078539823,0.052180569,0.014068558,0.566370365,0.051393141,0.053318177,0.071226265,681.7198075,-0.021211057,0.071780585,0.047898199,-0.001034474,0.063335504,2.327502787,0.015214384,0.147123894,0.566645783,2.328616311,0.011127217,0.055879872,0.040102807,0.04023429,0.015224607,0.052284999,0.012338527,0.022890272,35.81692505,42.7916035,0.327433628,0.029132234,1029.935868,0.011078753,-0.016974683,0.028269261,0.023550436,0.028302014,0.082044787,0.552159291,0.55495765,0.028913605,0.026438704,43.55506927,166.989621,0.079272997,0.012539552,0.511197699,0.010807721,1.697667515,0.036235811,0.077628281,0.408160572,1.825136012,0.014578104,84.03746731,0.044935417,0.492674656,0.021336708,2.372942206,0.109734004,0.061946903,2.364954115,-0.004822553,0.492752135,0.486590724,0.029046478,0.002627406,0.493337481,0.014610565,0.129424779,0.007613644,0.005388944,183.8637396,0.282079646,0.005298753,0.019036846,0.01915221,0.234513274,0.094026549
2,304,0.004490657,0.003015471,28.16390922,0.011600419,0.012390098,12.76425547,0.005057882,0.169247788,0.006459619,0.006456048,0.00650296,52.59942404,0.006522088,0.012325167,0.015532325,0.004176447,0.003593508,0.009430941,0.008492594,0.015548757,0.025210837,0.017525397,0.012896596,48.36033026,0.020352505,102.9731931,0.123893805,0.04368804,0.044295472,0.006551797,0.007649856,0.003973921,0.003778222,17.30972136,56.73137919,0.013688037,0.034762414,0.008925687,0.035136226,0.005611735,0.005895675,0.01368808,0.040929204,0.029241532,0.006541537,41.63087114,0.008535906,0.026793517,55.97851642,0.027388045,0.009104291,0.005365098,0.014732701,0.006718877,42.89029487,0.00530559,0.017424229,0.022515676,0.014226402,0.014293926,0.007694905,21.47409309,0.021800541,0.006990652,0.005372743,0.006556608,0.00848481,0.002859191,0.007631165,0.209061504,0.04703646,0.004920401,0.009044894,0.047179966,0.181551906,0.005381628,0.191371681,0.047634836,0.017091379,0.149336283,0.013571553,0.206858407,0.211283186,0.012168065,0.011620932,0.035696667,0.059734513,0.065323571,0.006534048,0.269212963,0.022431742,0.034313376,0.064914703,642.0633739,0.003476235,0.065458693,0.012337197,-0.001321832,0.018839935,0.427527502,0.019956965,0.023230088,0.269078248,0.427437168,0.001941284,0.065418822,0.009529026,0.013564386,0.005862156,0.022787059,0.004806325,0.017382229,39.49113205,19.10812436,0.305309735,0.003958674,346.0114011,0.002193172,0.001099778,0.002790584,0.018232642,0.003538319,0.166819988,0.250378591,0.2558109,0.010311403,0.033243624,6.580105931,76.51006382,0.019814444,0.010321803,0.092238845,0.00529078,1.648364778,0.010749295,0.019785127,0.476195697,1.654169254,0.009719289,26.94968594,0.009374549,0.109922337,0.004879078,1.350296718,0.031591617,0.28539823,1.349437665,-0.001772189,0.105179437,0.166087649,0.010401579,0.00201184,0.169267594,0.009764777,0.109513274,0.0055573,0.004109235,255.3435146,0.217920354,0.004109178,0.008400961,0.010960663,0.213495575,0.079646018
1,417,0.007992207,0.003390201,32.86097174,0.016425558,0.016461393,12.92824237,0.004646883,0.184734513,0.006829882,0.006881003,0.006403218,43.04495752,0.00644812,0.010204307,0.014471903,0.00458435,0.00357303,0.007244286,0.005591665,0.014507409,0.028305254,0.017811754,0.010518259,30.34129959,0.012609439,86.82552503,0.068584071,0.03062862,0.030915871,0.014509268,0.005761895,0.002988792,0.004239835,11.27182359,337.3952241,0.019049116,0.220076211,0.008620163,0.228741988,0.004928434,0.00452476,0.019098775,0.174778761,0.049946172,0.005297243,80.27527807,0.005635375,0.038392432,264.5032125,0.04836002,0.010065161,0.003965988,0.006940737,0.004440984,44.01283119,0.004738881,0.019742184,0.023457543,0.009730732,0.009727052,0.004091461,34.15770823,0.023381184,0.005626553,0.004545993,0.014175287,0.004326083,0.003537274,0.007308565,0.307705156,0.18207398,0.004612004,0.008850827,0.197089991,0.299396403,0.003969668,0.10619469,0.082679948,0.029405874,0.085176991,0.021138774,0.136061947,0.157079646,0.027625803,0.024693692,0.011843541,0.047566372,0.033847103,0.004717209,0.061479282,0.047179331,0.011757557,0.052717569,760.7074032,-0.025952498,0.055295877,0.016687787,-0.001283971,0.018951021,0.895466267,0.031133677,0.167035398,0.06162173,0.894288294,0.00249989,0.033834442,0.013967991,0.021708755,0.004777262,0.048024576,0.002696141,0.027197421,36.67028745,11.02204574,0.206858407,0.005300063,878.4659904,0.004404917,-0.063313561,0.005550901,0.032052558,0.005548205,0.078190936,0.529966596,0.537022754,0.005939855,0.025879613,11.7629364,41.20493459,0.037950396,0.017317846,0.063738579,0.002727897,0.994396075,0.007944026,0.037647765,0.569014495,1.034971256,0.005145405,56.01062767,0.020765723,0.084550692,0.013206397,0.89055376,0.049938071,0.125,0.864883537,0.175932996,0.083873299,0.0888025,0.006031273,0.002719642,0.088771646,0.005148202,0.091814159,0.003976857,0.005188949,176.2694009,0.161504425,0.005189342,0.003311511,0.005137016,0.091814159,0.060840708
2,399,0.013569877,0.005144604,74.26949954,0.046274592,0.046297783,22.09747168,0.011101705,0.159292035,0.010975746,0.010982982,0.012100102,117.0558388,0.012107635,0.039470087,0.055530474,0.008327509,0.005315991,0.008620339,0.00988791,0.055506197,0.045897983,0.032221276,0.039482939,49.315176,0.032045652,111.1794706,0.154867257,0.096772545,0.096831274,0.023242188,0.015384738,0.004273605,0.006821143,19.27262213,253.2433569,0.036807698,0.124506263,0.016362485,0.130272637,0.007449281,0.007464954,0.036818715,0.094026549,0.093448799,0.011887454,117.0331107,0.010063976,0.089505328,131.0037558,0.093457547,0.016936111,0.011593727,0.014923308,0.012232191,51.9669384,0.007341661,0.031492315,0.022467556,0.019350992,0.019369055,0.009319847,78.66091422,0.022098924,0.007339715,0.006324668,0.013825472,0.010124694,0.005501689,0.019525472,0.309387252,0.312741454,0.008326593,0.010725001,0.316640855,0.295722409,0.011592127,0.139380531,0.095889225,0.042231087,0.183628319,0.040803521,0.140486726,0.178097345,0.062871561,0.062734976,0.027481054,0.068584071,0.057212547,0.006334811,0.156826344,0.067952088,0.027429081,0.065888059,855.4625803,-0.003091481,0.066697639,0.038782331,-0.000457405,0.048340043,0.66314376,0.049465113,0.095132743,0.15674204,0.663314229,0.003500818,0.057430984,0.014084671,0.043671672,0.006325867,0.069414607,0.008031293,0.025089829,70.39302664,29.68609877,0.232300885,0.010346221,718.5958178,0.003855544,-0.060397674,0.006581477,0.025709281,0.006584281,0.083711389,0.510461804,0.516779356,0.013362069,0.030683786,9.898580978,77.5016722,0.040962515,0.014954069,0.080214738,0.005249527,1.206311818,0.009862171,0.040252601,0.54522541,1.215144323,0.010381588,89.31194821,0.041686363,0.1070216,0.017245337,1.08357384,0.069720601,0.131637168,1.078451257,0.034106627,0.107010396,0.100014953,0.013361938,0.003692212,0.10051532,0.01037586,0.099557522,0.005955207,0.008007767,119.9715151,0.149336283,0.008006115,0.012241493,0.018661381,0.162610619,0.065265487
2,450,0.006489092,0.002890709,27.00432223,0.010941257,0.011416295,11.37558319,0.00316393,0.164823009,0.006227637,0.006339405,0.006027237,35.86031965,0.006024148,0.008193373,0.012076668,0.003480164,0.004112106,0.004938473,0.00519938,0.012688978,0.013706727,0.011415444,0.008255529,22.76365925,0.012437686,53.26783253,0.128318584,0.023565951,0.023554853,0.009283795,0.009452779,0.002474156,0.004221539,10.79052749,28.79271627,0.017496151,0.018309395,0.007994805,0.018373649,0.005298768,0.003023227,0.017870476,0.014380531,0.030370593,0.005691374,47.39147211,0.005208035,0.062467755,36.95825064,0.025915542,0.010840406,0.007418104,0.008989957,0.003710292,25.08614873,0.003165448,0.025455991,0.009546331,0.007721007,0.007796547,0.004931429,15.5878136,0.009324919,0.005113886,0.003249414,0.003414459,0.007165504,0.003992251,0.004784489,0.362197443,0.01816289,0.003584358,0.004111155,0.018154328,0.360683715,0.007993005,0.203539823,0.037320761,0.0086341,0.087389381,0.008844674,0.228982301,0.298672566,0.01538238,0.014736507,0.014114063,0.025442478,0.020346337,0.004144164,0.294792653,0.018151798,0.014090355,0.028954633,562.4760755,-0.002681672,0.035046217,0.010908549,-0.000249542,0.02476448,1.023586455,0.013626043,0.025442478,0.296401413,1.022239574,0.004559917,0.020855912,0.007862597,0.008847053,0.003988672,0.018526093,0.004554538,0.009381956,27.57963404,16.22020988,0.206858407,0.009228535,555.4634276,0.005118556,-0.093806206,0.00657244,0.00979851,0.006933036,0.03741666,0.331723552,0.331729082,0.006570192,0.012687904,10.2462163,26.05975253,0.021260006,0.007397695,0.102287406,0.003918975,1.024344056,0.006560053,0.021163095,0.319023034,1.024377954,0.005699966,16.59335078,0.011670412,0.287951571,0.003274156,1.954380219,0.070683374,0.193584071,1.955448236,-0.000395852,0.242335777,0.247249789,0.006622777,0.00444401,0.255789837,0.005716346,0.087389381,0.003053269,0.009827081,167.9143111,0.194690265,0.009818069,0.006952689,0.008582101,0.259955752,0.069690265
0,203,0.005283692,0.002940819,24.72620198,0.0145381,0.014582405,9.440786152,0.003529787,0.131637168,0.004335991,0.004342362,0.004879097,40.97467833,0.005113466,0.008789314,0.013188394,0.003424761,0.002803253,0.004707793,0.005499068,0.013748249,0.03790723,0.027934036,0.008814201,30.0644076,0.007519334,108.3879069,0.064159292,0.023253123,0.023677292,0.019097138,0.004318223,0.002713621,0.004804853,10.83993973,339.2236003,0.012300073,0.138580192,0.010398957,0.141029034,0.003413298,0.004303753,0.012293317,0.14380531,0.041803513,0.007560174,76.11275357,0.005715,0.125509299,305.4374858,0.04180497,0.007339515,0.004882786,0.01056974,0.005863958,30.6701044,0.003899866,0.027708663,0.013776707,0.010981416,0.012390263,0.003401609,51.34315676,0.013742932,0.004163697,0.003034567,0.015049218,0.006252768,0.006709085,0.009808261,0.532180254,0.197082209,0.003782156,0.009586912,0.197181279,0.532290876,0.004885015,0.131637168,0.04851574,0.016784422,0.112831858,0.024944799,0.139380531,0.216814159,0.03515449,0.03391967,0.021171283,0.021017699,0.056972975,0.004745092,0.456476776,0.048099727,0.021179445,0.067718882,1074.417002,0.034610546,0.068179359,0.011132622,-0.000936698,0.023348263,0.678560849,0.018800482,0.21460177,0.456366891,0.641949452,0.003351085,0.063931608,0.019580835,0.025168716,0.003181202,0.048118823,0.002594413,0.022395026,29.71373424,13.10223249,0.19800885,0.007575872,922.8102333,0.003303451,-0.004841907,0.006178075,0.022430281,0.006212409,0.089108771,0.753883426,0.753518319,0.005846838,0.030395363,8.105473825,36.51944911,0.04166881,0.013710209,0.112046053,0.002999573,1.517885088,0.003763652,0.036207055,0.869650612,1.578506736,0.006222513,56.28294996,0.015372598,0.147985709,0.0180415,1.272250819,0.092516881,0.194690265,1.229936935,0.12191775,0.126612196,0.119587424,0.005949788,0.004596254,0.121071204,0.006228832,0.092920354,0.003724063,0.012876956,127.6691596,0.173672566,0.012873296,0.004628677,0.007916256,0.17699115,0.063053097
1,6,0.407507318,0.072168578,2176.704331,1.181106154,1.180467883,541.2593298,0.199575427,0.119469027,0.110807377,0.111576035,0.409707656,71.03501318,0.409484097,0.591954212,0.022593208,0.168529963,0.151564599,0.026871324,0.02041483,0.022632452,0.245437335,0.010067246,0.591919831,200.4816203,0.019223043,32.20410861,0.17920354,0.051651054,0.051746912,0.06667919,0.007848251,0.006338169,0.01417553,50.46295874,867.8621644,1.04503086,0.029871085,0.034306102,0.02989093,0.066287574,0.016844287,1.044456103,0.100663717,0.369462414,0.05083764,462.7619401,0.02046642,0.021023344,54.38075336,0.362945116,0.356708948,0.003300013,0.035106393,0.00281181,31.50460056,0.033247225,0.007193787,0.089248875,0.062433757,0.062413473,0.00567988,195.1251154,0.088483176,0.08883365,0.017569988,0.004150928,0.003207912,0.007736419,0.00318819,0.391814329,0.770841788,0.169627419,0.009519146,0.770428898,0.380374474,0.003346065,0.10619469,0.94637632,0.011553259,0.112831858,0.084908554,0.112831858,0.119469027,0.050562087,0.049233482,0.107878458,0.10840708,0.011049803,0.006869366,0.061936918,0.011069392,0.107619989,0.018181837,233.6803747,0.004372521,0.02258519,0.144653375,-0.001788509,0.009102488,0.24750197,0.012006013,0.139380531,0.061910982,0.244575514,0.003233151,0.011144461,0.00908265,0.091941403,0.017679293,0.012408063,0.001954776,0.012384058,367.6042697,11.45467416,0.17920354,0.005109433,2420.953246,0.003686038,-0.018073696,0.007834967,0.012379286,0.00806578,0.015816524,2.862372347,2.860802433,0.005246592,0.007103873,12.04121283,27.36041636,0.254319524,0.289963505,0.019765982,0.009270471,0.680617412,0.003077029,0.252862972,0.164895268,0.681113381,0.027933367,16.88218302,0.082470199,0.022418658,0.062225202,0.376968597,0.020676915,0.185840708,0.377149547,0.008331783,0.022423415,0.035927722,0.005396277,0.005499012,0.035929903,0.027917979,0.088495575,0.00375849,0.014241235,1415.961287,0.10619469,0.014235268,0.003600193,0.006971259,0.138274336,0.100663717
2,58,0.007769424,0.005193785,54.22372316,0.019007016,0.01916099,22.56772356,0.008874727,0.188053097,0.012203788,0.012505222,0.01116692,69.27950571,0.011167815,0.025867779,0.026963608,0.007675123,0.005802497,0.009979365,0.013796919,0.026965168,0.024057748,0.029371099,0.025894704,62.5366687,0.019193341,199.4284135,0.125,0.044427542,0.044476931,0.021958495,0.011076038,0.005880192,0.005717886,24.12478794,149.1861474,0.030758372,0.062880916,0.012223566,0.063854845,0.008307076,0.009980889,0.031186099,0.154867257,0.212751661,0.007612311,177.209055,0.013880198,0.087559605,89.07723781,0.212869132,0.018235575,0.01091814,0.019821729,0.004577387,41.40253475,0.006808303,0.032181938,0.025158371,0.030028274,0.030305312,0.011735362,65.34598799,0.02499577,0.007883559,0.008399471,0.009784519,0.006951209,0.007787303,0.009765941,0.842428487,0.052914862,0.007678067,0.012921337,0.053359582,0.842871337,0.010959162,0.14380531,0.207213422,0.031167507,0.131637168,0.077532427,0.126106195,0.139380531,0.098038076,0.096054089,0.035612241,0.066371681,0.10527658,0.008802273,0.150956557,0.098463767,0.035281708,0.191236375,1195.289985,-0.00210643,0.192034379,0.2026924,0.002645102,0.043026046,1.101105427,0.033861771,0.180309735,0.150948721,1.100331778,0.006461831,0.107863103,0.01229209,0.083553085,0.008455387,0.098446363,0.00832591,0.026456603,36.8478472,28.7917866,0.23340708,0.012361558,1339.779861,0.009022472,-0.004570323,0.011292296,0.026460774,0.011448696,0.258006077,0.906227029,0.906248662,0.014822276,0.125173115,17.16990381,75.10684314,0.079140949,0.013586401,0.128439207,0.005521693,1.811853963,0.014234307,0.077120416,0.920670634,1.844864583,0.011324569,38.65975592,0.160216538,0.164837017,0.017788192,1.289629962,0.071195478,0.21460177,1.219136404,0.017743676,0.164303815,0.202813402,0.01521432,0.006340707,0.203092142,0.011318304,0.077433628,0.009009204,0.010285934,100.8521306,0.196902655,0.010278907,0.011855945,0.013943302,0.167035398,0.048672566
2,213,0.005132776,0.002530173,29.66516733,0.013903071,0.013903988,10.75254706,0.004020481,0.133849558,0.005716176,0.005761368,0.005953289,85.26506459,0.006201184,0.012751193,0.031379852,0.003318683,0.00271389,0.004854692,0.005980866,0.031984077,0.033273273,0.022618525,0.013256471,34.70730722,0.019325109,125.3327111,0.058628319,0.057973588,0.057993145,0.00782895,0.006897813,0.002160673,0.003184964,10.65453235,138.2376838,0.01443465,0.155135277,0.007027984,0.160859296,0.003409545,0.004518218,0.014668644,0.006637168,0.117660127,0.005024617,124.8149695,0.005986385,0.04479378,137.7421639,0.117657218,0.009049383,0.006736073,0.011495263,0.003003765,47.30171999,0.003220934,0.016310689,0.016730541,0.014049035,0.014139327,0.009682899,49.70713199,0.016734608,0.003237877,0.002817151,0.007150075,0.004478934,0.003266839,0.007033207,0.714336457,0.159118373,0.003323112,0.007415336,0.162776809,0.714023198,0.007424357,0.134955752,0.132561836,0.026695529,0.07300885,0.099475525,0.137168142,0.14380531,0.071248192,0.070960542,0.020500389,0.07079646,0.061434986,0.003887506,0.068195277,0.059280698,0.020221944,0.112064436,1103.110785,-0.003077913,0.112341768,0.057131606,-0.000354493,0.02113122,0.188054437,0.033622161,0.045353982,0.068408284,0.188155348,0.002215481,0.061769833,0.009197366,0.104703523,0.002816589,0.060465994,0.003396164,0.034663228,30.644661,24.67905967,0.151548673,0.004703094,936.0367454,0.002430003,-0.00285595,0.003598513,0.04119223,0.003869721,0.192572424,0.558656991,0.563250758,0.012910481,0.074618593,6.190610287,74.90588022,0.076098332,0.007109147,0.027829019,0.002753134,0.859175836,0.00629338,0.076009665,0.806164142,0.870729909,0.006444681,31.61665687,0.058600882,0.035908422,0.010929858,0.797575016,0.047435842,0.189159292,0.792211084,0.044639009,0.035757472,0.037287454,0.012993182,0.002644538,0.037635516,0.00649909,0.078539823,0.002596336,0.007536802,198.3880336,0.19579646,0.007434117,0.006780868,0.01508577,0.147123894,0.040929204
2,280,0.028710872,0.010758802,219.2624452,0.092417089,0.092366936,55.89642719,0.022866951,0.110619469,0.027991701,0.028006796,0.033358424,14.63792412,0.033345194,0.077698984,0.004885602,0.02012214,0.013398838,0.033003518,0.04222293,0.004984267,0.286743046,0.140015867,0.077711395,320.2448226,0.003837583,132.9653547,0.173672566,0.010029943,0.010327226,0.169095467,0.002502166,0.010569607,0.035871524,73.58918265,663.3107227,0.175202903,0.466866203,0.082113627,0.466617148,0.014568021,0.0217979,0.176895278,0.139380531,0.081872353,0.05313326,127.3932091,0.042219476,0.102560685,626.3575406,0.081843618,0.070444188,0.00197839,0.078344372,0.037236235,90.95750516,0.014765788,0.049314614,0.128781378,0.094321918,0.09446257,0.002770177,112.8058534,0.128844428,0.013865628,0.01960715,0.069069503,0.024428,0.004007971,0.045336578,0.383021825,0.616417947,0.020251846,0.02893364,0.622370467,0.383179296,0.001988013,0.090707965,0.273244808,0.0321715,0.159292035,0.111099355,0.126106195,0.152654867,0.035140544,0.035043402,0.279056946,0.110619469,0.053865224,0.014933163,0.100585033,0.055322281,0.279004366,0.100128215,856.4211679,0.047779719,0.100291838,0.044837365,-0.000308331,0.055279056,0.532245551,0.032951221,0.144911504,0.100647792,0.532284949,0.003334265,0.054283599,0.051311177,0.11104353,0.019897114,0.056082478,0.001667566,0.051011915,78.43599515,4.565131357,0.25,0.009848047,921.5703197,0.003800469,-0.010531682,0.006787317,0.052309541,0.006783587,0.130552829,0.744201285,0.745125201,0.002694226,0.050603119,12.90367486,46.69198138,0.067934124,0.035698423,0.109760643,0.013435911,0.882962093,0.008602658,0.067754264,0.567933,0.884913606,0.047993507,112.7701324,0.08042697,0.240184766,0.119813579,0.754663426,0.085685973,0.125,0.755033999,0.192925119,0.211481162,0.183315115,0.002718282,0.002196409,0.191688293,0.047968132,0.043141593,0.014351174,0.006489016,390.5501016,0.144911504,0.00638161,0.001945543,0.00341014,0.099557522,0.096238938
2,196,0.004537593,0.002685502,22.94023558,0.011300444,0.011311342,11.86892814,0.004034798,0.216814159,0.006355306,0.006354427,0.006308753,27.20901835,0.006313378,0.011509965,0.00995371,0.003639957,0.002381941,0.007877262,0.008244605,0.009990997,0.027497793,0.02623317,0.011597896,36.99175801,0.006616317,121.1518106,0.03539823,0.01791368,0.017963318,0.012850169,0.003258854,0.003624751,0.004528956,14.41633009,389.9448049,0.008508281,0.348575591,0.008598707,0.358333865,0.004138901,0.007471177,0.009439397,0.099557522,0.08048579,0.008000331,126.1114853,0.008338336,0.108931787,301.5125606,0.079134987,0.005382879,0.002760094,0.012269673,0.004832951,41.3668638,0.003823561,0.03087998,0.016276099,0.016243943,0.016441674,0.002960041,53.21508419,0.016209802,0.00390737,0.004888735,0.015312495,0.009624132,0.002864145,0.010608171,0.525516323,0.460481521,0.003701949,0.010755597,0.478116111,0.51795225,0.003487793,0.147123894,0.081304877,0.022237433,0.086283186,0.037273372,0.140486726,0.183628319,0.064736239,0.053923097,0.020134246,0.061946903,0.04536808,0.007295672,0.210157221,0.066383136,0.019313088,0.077761052,952.5043502,0.019094634,0.077724482,0.019262166,-0.000371751,0.037151451,0.984441474,0.025138978,0.092920354,0.210042354,0.984984281,0.002241955,0.045372451,0.015628243,0.037327334,0.0048899,0.066460622,0.001830772,0.054247074,49.49927763,10.23675747,0.169247788,0.005226378,744.1000735,0.003586014,0.036759348,0.003420324,0.055866309,0.00378153,0.084292668,0.523535105,0.527386219,0.004658493,0.036558864,8.596221225,50.98740637,0.07011762,0.006938214,0.12792078,0.003950937,1.125484007,0.006136709,0.063667864,0.478424013,1.190503134,0.006804093,60.34978254,0.030217033,0.091817177,0.013210369,1.786552088,0.112545896,0.191371681,1.716824349,0.184980847,0.087497289,0.162811848,0.005205483,0.002153424,0.162740713,0.006847765,0.078539823,0.003553772,0.003456673,106.9622653,0.194690265,0.00345614,0.002976225,0.005483478,0.191371681,0.047566372
2,310,0.011736655,0.005495718,81.4684941,0.026231609,0.026344021,24.95926615,0.012979528,0.120575221,0.013730706,0.013811668,0.011641696,166.7294011,0.011648452,0.03312058,0.041684836,0.009402866,0.00593358,0.016563724,0.017333753,0.041677088,0.084304318,0.10214089,0.033109224,106.7089007,0.055890635,150.3922325,0.107300885,0.147083105,0.147068374,0.033024503,0.023897328,0.006383696,0.01090715,32.93365117,620.3107336,0.055460709,0.300896968,0.018088743,0.302696747,0.007397812,0.013900434,0.055440609,0.157079646,0.100814332,0.014744426,126.5583923,0.017388915,0.114199532,589.0117296,0.10046695,0.025883766,0.014793559,0.033297829,0.011710872,54.23549267,0.008813297,0.039482403,0.043500073,0.03623288,0.036283736,0.024017255,101.1159342,0.043519224,0.00920551,0.010081184,0.028917804,0.018662406,0.025001244,0.024033703,0.606825278,0.503650004,0.00957225,0.022294048,0.519120567,0.605843848,0.015074191,0.136061947,0.214098574,0.018471325,0.10840708,0.065879398,0.132743363,0.16039823,0.066980402,0.064572832,0.083253317,0.08960177,0.107128405,0.009973917,0.384943028,0.073505403,0.083261349,0.131775727,1032.064437,-0.090142304,0.131734961,0.051456912,-0.000197472,0.041191212,1.132052291,0.018507089,0.164823009,0.385348419,1.126132308,0.007935926,0.108043762,0.02765068,0.066193424,0.01042889,0.073840007,0.00998441,0.034167604,50.51024023,47.86450167,0.17920354,0.015716557,1060.975844,0.008967957,0.0285392,0.011224925,0.034155318,0.01145624,0.233037915,0.996618524,0.998008022,0.026606867,0.094270053,15.52241741,317.9165254,0.069341887,0.016689922,0.165956346,0.00919931,1.262242639,0.02506612,0.069368682,0.799011514,1.30622526,0.018504114,114.4635114,0.070208803,0.220449193,0.031477103,1.58790246,0.080175077,0.246681416,1.47783272,0.215548352,0.189719441,0.224821644,0.026706881,0.027197419,0.230723724,0.018512483,0.080752212,0.00934539,0.072083303,235.6975317,0.161504425,0.0721216,0.01455495,0.02370564,0.144911504,0.053097345
1,107,0.014350931,0.00405187,261.9526396,0.162647184,0.162585044,57.40284054,0.012318226,0.039823009,0.02838677,0.028533369,0.047559494,35.62562784,0.047553671,0.11181341,0.015645654,0.017611046,0.00735707,0.007584937,0.025065753,0.015640374,0.103936913,0.10040407,0.11177802,143.2810654,0.006072466,19.78692257,0.109513274,0.026651237,0.026883956,0.035737399,0.003342448,0.003059166,0.008543699,42.97755172,1072.587564,0.210631778,0.416214243,0.018034562,0.416006395,0.008963623,0.008669223,0.210693936,0.033185841,0.023379612,0.014779909,25.83843733,0.02505839,0.092825511,785.0999619,0.023113393,0.042519962,0.003354101,0.022335922,0.010898054,42.24611322,0.002825314,0.028879974,0.066264232,0.069831958,0.069894095,0.003003152,145.2975793,0.065526154,0.005494727,0.013435993,0.030877717,0.009191146,0.004604163,0.017381145,0.211356208,0.722767296,0.017868382,0.007579094,0.722825191,0.210281014,0.00352377,0.055309735,0.023625491,0.014265623,0.100663717,0.093092683,0.084070796,0.057522124,0.009987926,0.009329141,0.080498373,0.030973451,0.008583416,0.006210346,0.021404365,0.008245855,0.080541352,0.010512418,272.8339851,-0.088444531,0.010507936,0.006256563,0.003608201,0.0531992,0.059597894,0.020459619,0.065265487,0.021739124,0.059561992,0.008903717,0.009171508,0.025241845,0.095352044,0.013428869,0.008759819,0.001730056,0.020598255,44.15980524,9.616628659,0.154867257,0.021713994,271.2095063,0.008560612,-0.000542405,0.019626945,0.02108698,0.019682287,0.014422555,0.259603825,0.263264904,0.002763179,0.007867379,26.62128634,79.53224305,0.011337122,0.009419308,0.013769389,0.004761517,0.059394887,0.003926592,0.010369364,0.190095918,0.059417936,0.026221863,103.2433181,0.015373613,0.016591208,0.047251627,0.034359597,0.064634318,0.121681416,0.034378512,-0.307845998,0.016564802,0.025972938,0.003132393,0.004971559,0.026044005,0.026233121,0.021017699,0.002903699,0.043064411,195.6280138,0.082964602,0.043048142,0.002865945,0.006210161,0.075221239,0.05420354
0,402,0.003459716,0.001734153,15.57454163,0.008074577,0.008377652,12.68028314,0.002340166,0.238938053,0.003315183,0.00333495,0.003830406,23.86012592,0.00385286,0.007525589,0.009459311,0.00298956,0.001836719,0.003489841,0.004090145,0.009467814,0.019986978,0.026319284,0.007561083,17.85441045,0.005385618,69.53577286,0.05199115,0.014211294,0.014357507,0.012686759,0.003049483,0.001970742,0.003346294,8.488396552,339.355363,0.006772638,0.201354366,0.007120991,0.207769155,0.002302553,0.002884981,0.007045644,0.202433628,0.02679828,0.005258403,48.40425228,0.004466084,0.020534972,415.7929734,0.026206939,0.004219186,0.002749759,0.0060559,0.006437384,12.94148187,0.002034394,0.01304125,0.007911536,0.006802608,0.007752605,0.002410978,52.43855323,0.007889409,0.002406882,0.002902307,0.016635944,0.009167992,0.016460003,0.010720749,0.251891367,0.083983382,0.00886813,0.003696969,0.085108793,0.216796892,0.006050967,0.159292035,0.032175419,0.004235359,0.102876106,0.0448298,0.128318584,0.162610619,0.020259815,0.016029527,0.011633531,0.026548673,0.025523452,0.003178728,0.138793332,0.023012881,0.011639537,0.042238831,703.870834,0.038647173,0.045303719,0.009679416,-0.001088393,0.011643885,0.475132096,0.0048758,0.132743363,0.138997625,0.47529518,0.004631245,0.030576393,0.019519678,0.045190651,0.002956429,0.023007299,0.002030704,0.005724604,13.79529762,12.79082886,0.037610619,0.004998499,440.6329703,0.003816893,-0.020554273,0.005987125,0.006003791,0.006284655,0.042380429,0.322350623,0.33732029,0.004988211,0.015666719,9.344835097,31.89554473,0.021901387,0.00418583,0.064920083,0.002294364,1.009070375,0.004710726,0.021112278,0.466583994,1.022550026,0.00436989,64.64279847,0.009071889,0.105239447,0.017407267,1.147314329,0.033685495,0.032079646,1.135515801,0.211702837,0.094613795,0.092710367,0.005702769,0.008395057,0.092797812,0.00437761,0.109513274,0.002861799,0.038646558,92.94847894,0.191371681,0.038531452,0.003534342,0.004867931,0.17699115,0.050884956
1,392,0.005666441,0.003834885,34.14801518,0.012021293,0.012756775,11.64639538,0.004639778,0.168141593,0.005475081,0.005737841,0.004836557,38.65040111,0.004951592,0.014088018,0.014412518,0.005358585,0.002755378,0.007024891,0.009999154,0.014709541,0.080093261,0.075684931,0.014797331,49.57924963,0.011124769,81.55156416,0.115044248,0.02670148,0.026730564,0.029237393,0.006613937,0.003391107,0.01033184,15.44847153,991.595504,0.020491234,0.532365788,0.018760381,0.532095111,0.0040066,0.005199902,0.020979803,0.115044248,0.13565349,0.017155426,104.2802158,0.009995235,0.039882754,941.5636254,0.134415757,0.011866877,0.005403458,0.021855689,0.009586588,30.26654912,0.00667684,0.014429207,0.01590869,0.012800685,0.012799204,0.003915576,108.8228438,0.015308573,0.005825694,0.004990481,0.025912686,0.014746884,0.002733049,0.01739321,0.529717187,0.544774301,0.005624894,0.008911748,0.545574707,0.526702415,0.005557383,0.092920354,0.17596358,0.010182349,0.079646018,0.067037413,0.115044248,0.136061947,0.057569087,0.057576273,0.043034635,0.036504425,0.03489185,0.006450594,0.073869671,0.047948126,0.042935503,0.058519498,920.2727915,0.094478776,0.058534001,0.102555449,-0.002352923,0.023381906,0.673395893,0.013163556,0.151548673,0.073831893,0.673261779,0.002377102,0.035854321,0.027701299,0.06834631,0.004989294,0.04809547,0.003388893,0.023756576,30.76601078,14.33171842,0.21460177,0.005059044,928.1457551,0.002697003,0.001052337,0.003929089,0.024752746,0.003938008,0.102749888,0.830826263,0.834746833,0.006731112,0.040881963,6.38891351,51.26810846,0.084032559,0.00866246,0.101722082,0.003480822,0.517435527,0.007490602,0.084063507,0.524559964,0.522479918,0.006188271,97.71646281,0.083123156,0.07679417,0.037137754,1.234969056,0.045504131,0.14380531,1.234857901,0.164427175,0.076098407,0.110790936,0.007193463,0.002069514,0.113263044,0.006376003,0.053097345,0.00599036,0.004061821,172.4613458,0.184734513,0.003849198,0.004368132,0.007018611,0.134955752,0.056415929
0,227,0.003497714,0.002805748,24.39797646,0.00899241,0.009085857,9.316552019,0.004072713,0.157079646,0.004895755,0.005056274,0.003965537,39.5115819,0.004121638,0.0093021,0.011674943,0.003643519,0.002340187,0.003831935,0.005292629,0.011870913,0.026334143,0.06058923,0.00929732,24.94356358,0.008844377,115.2860708,0.028761062,0.022873189,0.022982058,0.011933599,0.004352658,0.003071884,0.003671831,10.35745826,128.220657,0.015106502,0.237492805,0.008670469,0.237552405,0.003588117,0.003487796,0.015101341,0.115044248,0.064012642,0.005487919,83.61337958,0.005304298,0.027294121,160.1468422,0.063839236,0.009473604,0.005104062,0.012028382,0.006234535,25.64449265,0.003666331,0.013086534,0.008756377,0.007790829,0.008057407,0.004841716,22.31882017,0.008760689,0.00422598,0.003516149,0.019275156,0.007441586,0.002363073,0.010580125,0.739878875,0.116780416,0.003717581,0.009559511,0.11690431,0.733609507,0.005241664,0.128318584,0.058194249,0.008055533,0.034292035,0.025448594,0.136061947,0.182522124,0.037770644,0.033586399,0.017993285,0.046460177,0.076325226,0.004454178,0.146446185,0.04302262,0.017863148,0.085985755,870.2303216,-0.016936726,0.085938192,0.013935473,0.000283846,0.020000124,0.807754062,0.008854053,0.095132743,0.146371463,0.808126226,0.001846134,0.076545498,0.018233725,0.025592653,0.004338252,0.043185552,0.0033945,0.018572384,21.67588609,11.44591244,0.232300885,0.0066304,668.5366356,0.002954298,0.008627575,0.004055424,0.018666221,0.004119809,0.08582419,0.469091709,0.474860395,0.00485476,0.029145552,5.512623049,215.1862239,0.038726866,0.006171478,0.048610957,0.002641073,1.096262244,0.023305124,0.038075122,0.707286968,1.095664859,0.004739196,32.76124355,0.022457359,0.077422389,0.011436279,0.501695539,0.02598612,0.183628319,0.498889384,0.050719275,0.071055493,0.146239571,0.004856667,0.001985118,0.146333462,0.004736598,0.134955752,0.004045853,0.004046191,148.1672462,0.220132743,0.00404349,0.004491521,0.005912631,0.169247788,0.044247788
1,289,0.011008214,0.003515947,55.31481975,0.027454158,0.028403329,14.71671078,0.008976694,0.153761062,0.008327619,0.008325782,0.006637368,71.97085427,0.006699352,0.020039692,0.01820864,0.00536487,0.003346426,0.012044079,0.013735575,0.020036843,0.132135871,0.143430001,0.020428292,60.34322785,0.023618767,145.5896224,0.163716814,0.055093036,0.055077317,0.063497705,0.00734944,0.004631498,0.025844423,22.53288216,564.5970476,0.028565649,0.583052211,0.030089102,0.597656082,0.005631773,0.009375456,0.028555661,0.155973451,0.11581803,0.029394595,133.6335033,0.013729165,0.125516277,602.9987453,0.115486875,0.014417429,0.005577054,0.018562596,0.029521606,60.30591747,0.007118384,0.058375075,0.029498521,0.021675633,0.021693657,0.009077977,94.59343109,0.028954482,0.010569549,0.007232294,0.118930533,0.029074353,0.003729891,0.042713054,0.513840926,0.581127899,0.005450369,0.030476931,0.591755517,0.513867639,0.005622341,0.129424779,0.212088638,0.04691345,0.161504425,0.074551511,0.153761062,0.154867257,0.053481752,0.053493969,0.031511257,0.095132743,0.074451232,0.008207887,0.177605478,0.048234648,0.031118459,0.098485005,825.2996443,0.059769646,0.098570054,0.089920831,-0.000639685,0.073013015,0.81291813,0.049537619,0.125,0.177978082,0.810431031,0.003640689,0.074545164,0.089183136,0.075168077,0.007752743,0.048768934,0.004223458,0.043013754,56.38676931,19.32273683,0.236725664,0.015825946,864.5012595,0.005615483,-0.004401328,0.006236288,0.043027186,0.006313614,0.196343706,0.594938285,0.596360865,0.008738618,0.056342399,11.15346485,274.8179407,0.061558868,0.022658785,0.117261869,0.005128286,1.127595384,0.02474122,0.061397722,0.607274106,1.174006615,0.01069087,100.1294601,0.069481019,0.145756022,0.052637161,1.045741275,0.124218001,0.212389381,1.012498294,0.196152486,0.145060451,0.183952854,0.008843041,0.003374452,0.183935955,0.010685318,0.085176991,0.010710369,0.00658765,243.1391889,0.174778761,0.006569794,0.008959102,0.012239977,0.162610619,0.045353982
2,137,0.006023703,0.002987879,47.38390464,0.021613663,0.021648579,19.43006311,0.004488466,0.167035398,0.013268212,0.013282514,0.011148428,44.52302815,0.011153629,0.028092883,0.022589393,0.006545471,0.003765588,0.005386126,0.015468699,0.023204032,0.031427954,0.038130367,0.028083256,56.12663257,0.009808707,22.74997169,0.078539823,0.027189077,0.02721009,0.01375698,0.005244743,0.003805696,0.005394026,21.20779017,443.5783155,0.030465133,0.177699837,0.009228949,0.180705566,0.00646113,0.005820802,0.03065224,0.045353982,0.084976351,0.006947429,91.59232136,0.015487341,0.098398114,504.1066411,0.083672682,0.011910538,0.005049085,0.019015784,0.005540337,32.47551625,0.002951416,0.024165005,0.017621554,0.03227519,0.034116522,0.00472052,54.04864922,0.017533441,0.004347533,0.006879375,0.022407507,0.008057471,0.002890569,0.01027327,0.572869915,0.142032695,0.006584373,0.006368461,0.141963852,0.57065964,0.005187245,0.103982301,0.099525311,0.01101589,0.049778761,0.028961299,0.095132743,0.130530973,0.036382986,0.035962486,0.037847145,0.030973451,0.008232718,0.008533838,0.067913652,0.009277952,0.037523422,0.016410739,216.9271105,-0.102353931,0.016472802,0.020429114,2.96e-05,0.025460952,0.235380354,0.014252303,0.042035398,0.069029513,0.235145841,0.002206514,0.008667364,0.012319622,0.030631702,0.007042321,0.009322402,0.002742883,0.013910023,37.57600821,15.65013003,0.191371681,0.004237554,869.6862507,0.002715116,0.015701775,0.002983588,0.014000928,0.003190137,0.024952787,0.684366339,0.684835739,0.008858095,0.006705572,5.323613191,88.90644498,0.047640997,0.007617866,0.033848652,0.004715465,2.368931839,0.005330405,0.047330202,0.13995696,2.368046951,0.009997061,59.5405488,0.038815102,0.235397505,0.014958598,1.527299324,0.056820453,0.16039823,1.528091957,0.243776045,0.225242787,0.060758459,0.009040885,0.002725809,0.060732789,0.01004349,0.029867257,0.00340049,0.005338773,179.5844097,0.158185841,0.005329625,0.004584942,0.010006496,0.148230088,0.047566372
2,350,0.138284378,0.030443488,946.9243086,0.342697435,0.342540021,181.8351178,0.105531655,0.077433628,0.115696534,0.11567124,0.097024291,1200.164634,0.09701828,0.251575781,0.627035828,0.045450315,0.054379495,0.138729693,0.105231996,0.626722695,0.286958966,0.346331419,0.25143661,1046.842369,0.273606232,246.9797289,0.076327434,0.728009126,0.727610993,0.217350851,0.229715531,0.024238078,0.048730776,177.4083211,1423.597103,0.655668135,0.919011465,0.068577369,0.92026754,0.071106132,0.114304898,0.655305603,0.119469027,0.237839136,0.074099954,296.0122246,0.105250771,0.253173933,1332.973927,0.237641381,0.285537182,0.138353052,0.268320143,0.032207599,114.8491221,0.025736385,0.065355802,0.375015138,0.334897124,0.334722599,0.067867872,400.8838833,0.375196521,0.041287535,0.041950746,0.0775518,0.0399356,0.049600034,0.055066221,0.631115613,0.653769228,0.045436275,0.055946692,0.65546909,0.613294118,0.142207454,0.105088496,0.498175625,0.034287049,0.10619469,0.172804372,0.122787611,0.107300885,0.132331693,0.123303838,0.684318624,0.092920354,0.149029823,0.048548159,0.217807749,0.106874123,0.684637463,0.175243272,1482.456066,-0.022702093,0.176748333,0.16121564,-0.013265272,0.113896636,0.339428731,0.036675194,0.167035398,0.220926037,0.338711483,0.01493423,0.149293344,0.133250078,0.175163466,0.04197002,0.107343448,0.061331025,0.061667023,145.8999862,415.3508679,0.113938053,0.078270752,1577.984246,0.05435832,0.003810428,0.032217962,0.061891031,0.032318754,0.455138708,1.471676142,1.471307236,0.293780319,0.154510524,53.34814445,859.8815695,0.230908793,0.115597541,0.109649235,0.039961209,1.658383759,0.043780729,0.231036204,1.291308012,1.757103013,0.095514938,238.5866708,0.236354743,0.125328444,0.099052698,1.769542526,0.159432249,0.098451327,1.653935337,0.266146834,0.123023905,0.140329828,0.295049899,0.071140167,0.167531197,0.095471199,0.075221239,0.014448145,0.28818522,1172.49953,0.107300885,0.288277885,0.092604395,0.133626548,0.103982301,0.203539823
1,216,0.018669133,0.004406689,78.89274231,0.043885622,0.044074258,21.68067017,0.004784182,0.151548673,0.012265834,0.012315698,0.011025823,66.15151474,0.011117637,0.016633497,0.015892592,0.008094053,0.005452057,0.010421255,0.011048942,0.015917676,0.086490511,0.066812599,0.016677267,55.57489773,0.02757124,92.0158924,0.152654867,0.057904064,0.05799371,0.020542401,0.007221945,0.003450908,0.00829035,20.58913533,461.7639649,0.049009809,0.155248435,0.021821939,0.155394384,0.007146088,0.005871631,0.049093042,0.127212389,0.048099634,0.012286313,75.52843896,0.01106009,0.075873845,388.0114668,0.043814579,0.023263816,0.005179942,0.015647168,0.007423865,30.93441243,0.007503108,0.036041319,0.028742391,0.017555484,0.018037448,0.005256444,72.63412512,0.028477812,0.006856009,0.006677212,0.022210536,0.010513599,0.014406648,0.016578183,0.374434717,0.227339557,0.008280758,0.008993582,0.22981056,0.373232972,0.005966916,0.151548673,0.089926853,0.011035681,0.139380531,0.060863902,0.17920354,0.154867257,0.040209164,0.039838698,0.034329303,0.044247788,0.055848138,0.006215281,0.067552417,0.040010536,0.034200945,0.050822602,757.9177022,0.024514947,0.052670085,0.021811262,-0.000799795,0.055157931,0.117187696,0.011675509,0.16039823,0.067791411,0.116531494,0.007366509,0.056841927,0.01780508,0.062196718,0.006673547,0.040091691,0.004015267,0.016610917,33.74970822,18.64566835,0.221238938,0.014097524,593.434019,0.005429126,-0.014953642,0.011259098,0.01667467,0.01132659,0.100781725,0.472682602,0.4735047,0.008228877,0.021124951,18.1666832,50.95716236,0.041091841,0.016950164,0.020156686,0.005175548,1.073594554,0.005456779,0.039836833,0.56377633,1.17956304,0.011445642,60.56844735,0.024130466,0.067557543,0.025772338,1.641094532,0.070917955,0.159292035,1.639599872,0.287083804,0.067575102,0.032969256,0.008535395,0.01056719,0.033048716,0.011445992,0.063053097,0.005012621,0.022138904,195.6101428,0.152654867,0.022151095,0.007208104,0.011469627,0.14159292,0.130530973
0,229,0.005396367,0.002310228,27.94275267,0.011499842,0.011495306,11.21492883,0.004100294,0.155973451,0.006276137,0.006364227,0.005803591,36.09736052,0.005818307,0.008934343,0.012609087,0.00291835,0.0038195,0.007232321,0.005761654,0.012875141,0.062820564,0.034794003,0.008938696,29.30920783,0.014087268,202.4788803,0.039823009,0.025138561,0.0251837,0.024566713,0.00754447,0.002895153,0.009911855,11.42915372,597.4434796,0.018243354,0.150173725,0.019069156,0.150094627,0.004809306,0.003956576,0.018793397,0.099557522,0.103902699,0.016777499,238.5321608,0.005786117,0.047662927,488.3046094,0.101340207,0.012265021,0.004548949,0.010245427,0.015572251,45.74146798,0.007142645,0.020922715,0.014600096,0.008962016,0.009105835,0.00577796,83.95120237,0.014544179,0.014011659,0.00353209,0.012420132,0.015095192,0.005666151,0.015515605,0.638959195,0.220153018,0.003397097,0.016172675,0.220921125,0.632876519,0.004722201,0.153761062,0.151908041,0.015584416,0.066371681,0.069129937,0.200221239,0.200221239,0.182286463,0.167095696,0.017492548,0.10619469,0.101061312,0.004508003,0.304316078,0.109439924,0.016435207,0.110047893,1375.296933,0.193943275,0.112190901,0.044939443,-0.000192849,0.031777908,0.382711038,0.019756288,0.133849558,0.304533137,0.371559733,0.008725109,0.103210225,0.017698961,0.069294998,0.003551087,0.111060254,0.003955224,0.029253842,58.39022141,16.80158911,0.271017699,0.02683231,987.926264,0.010644496,-0.04251177,0.013258538,0.029449978,0.013287469,0.158701999,0.927904704,0.932572153,0.00969469,0.071709348,19.13841085,36.82089734,0.172055793,0.025670434,0.146412023,0.004074707,1.242387093,0.006128439,0.163046495,0.800682136,1.31657118,0.006821971,146.2690305,0.063118827,0.089047692,0.01966683,1.638696159,0.062399133,0.152654867,1.557422156,0.328094079,0.081140857,0.106385276,0.009695263,0.003664431,0.108479273,0.006818908,0.077433628,0.007698023,0.007731064,220.3416501,0.21460177,0.00754624,0.007755534,0.009018516,0.235619469,0.136061947
1,172,0.0050488,0.00304914,28.60375852,0.010496559,0.01081235,11.82420862,0.004130975,0.182522124,0.006282266,0.006300464,0.005589999,49.30202508,0.005750955,0.008626263,0.017114022,0.004147752,0.00313853,0.006895595,0.006461896,0.017129873,0.049124882,0.092666476,0.008698726,29.79316676,0.01737374,48.21529845,0.189159292,0.037720625,0.037714778,0.017681089,0.008766238,0.003175662,0.0095457,11.1248386,551.505452,0.019721683,0.443867974,0.011336504,0.451778151,0.004209099,0.005867492,0.019780427,0.081858407,0.027003242,0.01141425,41.07379623,0.006464628,0.01852201,639.4350284,0.026166825,0.011961467,0.007317463,0.010052601,0.014639468,42.16839762,0.006103248,0.011510059,0.011116315,0.013373235,0.013447077,0.004835717,52.20611994,0.011120349,0.00690297,0.004311988,0.042721956,0.01608958,0.002793717,0.019507005,0.267415065,0.291018536,0.004256041,0.015000293,0.290859844,0.259400047,0.007338187,0.096238938,0.042031139,0.013931118,0.167035398,0.03145236,0.154867257,0.128318584,0.013142151,0.013112319,0.01663097,0.037610619,0.022839207,0.004041204,0.063093394,0.017561449,0.016610252,0.022771918,330.482226,0.16489764,0.031390493,0.013194379,0.000816855,0.012668321,0.457088853,0.020526344,0.210176991,0.063094117,0.457224048,0.003684252,0.022856804,0.040878896,0.032195153,0.004321699,0.018569625,0.005362211,0.022249403,30.47532249,25.02650589,0.25,0.006527831,393.6071055,0.004184605,0.025098948,0.005281642,0.023701554,0.005280377,0.032116193,0.281726859,0.284212984,0.013353376,0.011774556,7.177198803,30.42463879,0.020786593,0.009269191,0.034740566,0.002607088,0.407170428,0.00720328,0.020769606,0.169470971,0.408203927,0.004415157,68.52049762,0.010388608,0.037585942,0.012284638,1.144115856,0.033221936,0.271017699,1.144731338,0.161629275,0.035188675,0.063162014,0.013353162,0.002105251,0.063532449,0.004461815,0.101769912,0.006282315,0.003650876,175.1656127,0.199115044,0.003652154,0.009699195,0.013760797,0.162610619,0.081858407
0,45,0.007998042,0.003047392,54.01036644,0.026273433,0.026267616,17.10153117,0.005341263,0.112831858,0.008224955,0.008221062,0.009877498,46.87153151,0.009935124,0.023562975,0.012254673,0.006891129,0.003082958,0.011427535,0.010425605,0.012365371,0.15000974,0.135589538,0.023589346,65.52534032,0.013625396,281.3391541,0.090707965,0.042403714,0.042818118,0.048145529,0.00566471,0.004617659,0.012021323,21.63445959,833.8014959,0.033258906,0.831183955,0.025193848,0.879380687,0.004490496,0.009086293,0.033275449,0.155973451,0.358487433,0.016513275,175.6191116,0.010425445,0.119850599,906.5939197,0.358670926,0.011858119,0.003585303,0.012949347,0.010755323,72.98704803,0.007014595,0.039114601,0.033925779,0.032534282,0.033438735,0.004989618,87.237712,0.033859921,0.009573007,0.009171114,0.02647664,0.015906058,0.005451305,0.026506706,0.832413685,0.822067846,0.007023385,0.02573264,0.867410784,0.830400557,0.003653898,0.117256637,0.746297369,0.056208835,0.138274336,0.063354629,0.137168142,0.138274336,0.116568921,0.11626722,0.03169783,0.069690265,0.115969231,0.005328964,0.683087182,0.168997804,0.031399052,0.224110914,1642.502591,0.320118593,0.224736463,0.276129435,-0.000182112,0.035582713,1.55599768,0.057848541,0.115044248,0.684655668,1.547616525,0.003398542,0.13108215,0.048840804,0.06412471,0.009183293,0.16936589,0.002491052,0.077368549,82.22854764,12.38874295,0.237831858,0.008619672,1145.300183,0.005688063,-0.091068078,0.00709716,0.077715615,0.007145306,0.245721321,1.139156191,1.138530296,0.006383917,0.222713994,13.40520997,68.36663347,0.138225498,0.023622178,0.397617298,0.004318843,2.027126702,0.009896036,0.137659405,0.937243717,2.074310654,0.012106129,98.16631437,0.320447614,0.526949418,0.021875681,1.811166304,0.160304299,0.14380531,1.768530967,0.129312494,0.501010781,0.438050601,0.00650266,0.003307734,0.437921937,0.012169261,0.058628319,0.008155099,0.018461956,372.4574559,0.142699115,0.018458465,0.004222125,0.007227575,0.129424779,0.061946903
1,147,0.00630428,0.003176197,53.7417497,0.026582144,0.026839618,21.9190497,0.00541179,0.057522124,0.011225683,0.011253385,0.013153322,160.0577424,0.013164413,0.023133308,0.046135805,0.007005586,0.004014128,0.005827202,0.011679169,0.046157744,0.057112871,0.057273844,0.023122141,63.75416133,0.034278132,212.1203878,0.086283186,0.121032413,0.121326539,0.02481817,0.015015927,0.002693907,0.00616345,21.84699066,641.2305034,0.026975046,0.26627943,0.015322697,0.282009441,0.005436806,0.005737061,0.028178784,0.081858407,0.072183168,0.014566864,113.4654691,0.011673857,0.11708132,623.8464973,0.072216655,0.011828742,0.015174477,0.011433061,0.00973037,30.63633935,0.00389907,0.032448797,0.028512015,0.029067945,0.029197673,0.014096599,72.27816189,0.028226029,0.005533245,0.006845547,0.021808503,0.012756807,0.018978936,0.012542393,0.455927175,0.324110888,0.007005597,0.007523712,0.331006846,0.444100785,0.015370471,0.077433628,0.207889327,0.010893591,0.126106195,0.0400359,0.090707965,0.136061947,0.048615674,0.046288946,0.035058863,0.045353982,0.175794615,0.00409305,0.404593311,0.10646869,0.034982453,0.167096656,1543.304356,0.255117036,0.168420546,0.036722845,0.000129524,0.04262618,0.91650359,0.01212755,0.076327434,0.407790218,0.915689343,0.003449257,0.175821605,0.043339974,0.040207735,0.007463502,0.113228835,0.008258998,0.01239113,28.73297699,43.75596641,0.157079646,0.016852939,929.9246265,0.006508392,-0.007892546,0.01195164,0.01258574,0.012140934,0.275965368,1.106967495,1.111236002,0.026313068,0.119206366,16.99939975,102.225493,0.072207963,0.007580754,0.158684461,0.003409052,1.606941367,0.007668114,0.072239987,1.089921185,1.671501884,0.012551303,68.13796903,0.047541642,0.215813134,0.019834203,1.557902832,0.126752335,0.144911504,1.491935347,0.256697742,0.210805573,0.148618638,0.026337225,0.018967729,0.153840489,0.012547126,0.063053097,0.003860058,0.056719032,136.3279389,0.152654867,0.056550231,0.013679129,0.020577214,0.130530973,0.059734513
0,34,0.003176268,0.001957642,22.37467228,0.008037391,0.008237326,9.13541385,0.003246233,0.113938053,0.004617031,0.004665174,0.004942245,30.03367432,0.004939516,0.009135126,0.008307944,0.002570614,0.002692854,0.005119558,0.005096124,0.00855652,0.008679098,0.010027349,0.009174102,22.69416695,0.009416459,64.08319818,0.127212389,0.022114644,0.02211013,0.003605058,0.003802982,0.002444777,0.00231546,9.128629951,23.96082715,0.012699034,0.0151795,0.003629541,0.015521485,0.003032848,0.005565685,0.013675324,0.210176991,0.039919239,0.002868505,52.18235569,0.005110518,0.09747096,29.82057649,0.03835666,0.007380208,0.003093859,0.008369986,0.003586695,29.55967055,0.004240765,0.036639356,0.009778196,0.010003795,0.010256425,0.003063801,10.26342668,0.009676343,0.00694049,0.003063798,0.008412619,0.003387248,0.002742627,0.003524483,0.673727698,0.014584289,0.003020124,0.007775337,0.015055778,0.669451311,0.003132574,0.205752212,0.031214848,0.023651739,0.039823009,0.005365282,0.202433628,0.224557522,0.02357317,0.02114868,0.013510056,0.064159292,0.02505779,0.004069256,0.36563831,0.026141475,0.013510795,0.053396722,791.598144,0.001754732,0.054536808,0.009408625,-0.000374326,0.032641406,1.131991916,0.02496681,0.025442478,0.365437852,1.127546411,0.00410846,0.025414322,0.005369312,0.005362479,0.003066317,0.026999835,0.002300746,0.012958691,34.991277,10.97149269,0.253318584,0.013431602,769.1094767,0.006682608,0.038703136,0.011714672,0.013074834,0.011708259,0.067642773,0.329679251,0.329497225,0.005846263,0.020551034,17.31073474,58.71520034,0.015821374,0.010320432,0.204824434,0.00277318,2.548751865,0.006556443,0.015533947,0.47745892,2.547996369,0.004671257,11.9822612,0.014477318,0.258751192,0.002937565,4.279838022,0.13042027,0.155973451,4.282111403,-0.002001149,0.238037848,0.331146951,0.005991427,0.003063601,0.344636327,0.004708976,0.200221239,0.003690648,0.01000834,205.3183388,0.171460177,0.009946913,0.004443661,0.006200778,0.19579646,0.043141593
1,385,0.014561367,0.004232758,66.73245072,0.031859681,0.03195449,20.06105256,0.008412209,0.17699115,0.012343013,0.012344572,0.009242392,76.50769216,0.009281143,0.023240454,0.022055441,0.007408004,0.004438263,0.005827655,0.005924003,0.02296676,0.035424294,0.034007779,0.023354655,36.55928974,0.024946178,101.1291674,0.088495575,0.078423641,0.078382166,0.011655446,0.007653503,0.002510634,0.003699066,10.34627016,238.1874842,0.040816989,0.136547793,0.007840169,0.137538721,0.005797798,0.007158275,0.041313518,0.151548673,0.050781339,0.00528887,80.75617376,0.006045738,0.052507296,201.1844975,0.049694615,0.018815514,0.007708666,0.013070247,0.002800677,59.99643794,0.006674013,0.017420119,0.012707408,0.015061463,0.01537143,0.009728686,33.77912345,0.012597519,0.008948796,0.003920542,0.012068171,0.004326137,0.003115828,0.00772529,0.476063563,0.096223761,0.007408296,0.01529323,0.096191372,0.476161599,0.008288187,0.154867257,0.095541528,0.049291921,0.102876106,0.025513879,0.131637168,0.171460177,0.03715233,0.037130191,0.023423562,0.077433628,0.082392003,0.003084229,0.119520934,0.051850205,0.022533219,0.057240132,765.1066122,0.06957698,0.05757069,0.019250128,-0.001027446,0.030539037,0.296993923,0.051272942,0.154867257,0.119455374,0.296075704,0.002243569,0.082991244,0.01243825,0.025588756,0.003946531,0.052953945,0.004860768,0.046237247,63.04227804,20.63400817,0.172566372,0.004901801,626.1424684,0.003485565,-0.029960535,0.004133603,0.046769147,0.004204081,0.077996715,0.433483541,0.435819584,0.01042996,0.026960021,6.647676922,24.58433478,0.045045305,0.028360296,0.031715145,0.002375188,0.957971503,0.003132976,0.045066654,0.574882248,0.973617209,0.004555576,25.89875307,0.024169252,0.071755639,0.011853342,1.029167716,0.071640999,0.155973451,0.988214331,0.153570049,0.054731061,0.045432718,0.010527506,0.002210379,0.050904751,0.004553084,0.127212389,0.00472682,0.004055539,316.1749469,0.161504425,0.004057717,0.009169834,0.011128846,0.094026549,0.078539823
1,185,0.005611754,0.00260024,28.77650639,0.013886016,0.013882291,11.0335744,0.004193628,0.213495575,0.00552714,0.005583886,0.005802134,38.42791974,0.005909485,0.010070354,0.016378165,0.003821213,0.002992638,0.005817948,0.006894402,0.016370926,0.020052073,0.049074387,0.010133105,37.66126243,0.009878984,55.98674674,0.210176991,0.02413523,0.024429171,0.012886734,0.00619661,0.002817602,0.004389701,13.25424685,521.2312258,0.016492097,0.244940225,0.007636688,0.255876008,0.004153689,0.00489447,0.016529597,0.126106195,0.034212231,0.005744748,40.61779738,0.006973709,0.030982679,678.2837124,0.034199547,0.008781456,0.004043787,0.011232549,0.005374745,17.30848658,0.002767496,0.008728252,0.017502651,0.014621325,0.014809181,0.004630527,53.41492188,0.017307743,0.003299505,0.004444288,0.01344085,0.010361515,0.003030542,0.020850518,0.311753169,0.097772613,0.003973363,0.004595355,0.102760611,0.294420951,0.004050429,0.097345133,0.050680782,0.006442008,0.200221239,0.027698842,0.081858407,0.103982301,0.017166563,0.017167259,0.020808738,0.058628319,0.021638729,0.005219221,0.228912749,0.025954227,0.020604889,0.034859275,644.7424614,0.012022981,0.039216218,0.020432879,-0.000257316,0.013128628,0.543607712,0.006992152,0.07079646,0.228894018,0.543790912,0.001904629,0.021876305,0.018279039,0.027758577,0.004766399,0.026370478,0.002982786,0.008325961,18.76050441,12.97637192,0.243362832,0.004309679,428.3744662,0.002382107,-0.015967872,0.003175444,0.008371719,0.003995361,0.045030368,0.249678898,0.272191982,0.006298981,0.014863936,6.740122241,43.41539998,0.022500201,0.006597406,0.091809008,0.003115946,1.147176347,0.004806276,0.021885042,0.367968029,1.174319191,0.006707181,58.21905673,0.020939393,0.120255716,0.008964152,0.570356618,0.024604733,0.077433628,0.555078484,0.204615934,0.10917466,0.177209438,0.006296199,0.003082001,0.187129902,0.006710133,0.028761062,0.003000004,0.005167664,121.3151531,0.175884956,0.005153346,0.006780262,0.007312344,0.158185841,0.050884956
2,126,0.007066609,0.002906119,25.78108854,0.011416741,0.011505106,11.04126262,0.004438543,0.178097345,0.006510173,0.006569337,0.005506342,44.81696497,0.005546409,0.009036782,0.014548578,0.003334207,0.003771945,0.004247178,0.005614843,0.014702662,0.01767955,0.013757194,0.009118958,20.38737171,0.015046352,100.6550173,0.118362832,0.032571554,0.032597229,0.00591258,0.005660803,0.002325196,0.003697539,9.316699938,35.80492647,0.015073578,0.020103041,0.008567062,0.020104931,0.006046107,0.003719486,0.01541047,0.057522124,0.053239342,0.005720439,84.67874762,0.005681524,0.047230141,31.51451942,0.05162488,0.011064675,0.004453015,0.009146386,0.003092104,26.02240006,0.005790485,0.02294547,0.007729163,0.009225468,0.009353194,0.004966864,16.34131823,0.0077332,0.005211765,0.002683712,0.004414712,0.005948877,0.004452962,0.006648508,0.402615739,0.022923924,0.003332974,0.006741889,0.022946327,0.38286826,0.004849195,0.223451327,0.069207202,0.008014596,0.126106195,0.009647365,0.237831858,0.321902655,0.029035421,0.028850838,0.011495386,0.081858407,0.062178249,0.004324946,0.260956649,0.033473607,0.011471072,0.052283049,697.3817742,0.001704013,0.052367324,0.021846972,-0.000832857,0.027654242,0.832380021,0.009684225,0.044247788,0.260913007,0.832824722,0.004589911,0.062145529,0.005657436,0.009648787,0.002769814,0.034923094,0.003629546,0.014710104,30.49011164,15.12251514,0.241150442,0.010003802,557.9766553,0.004632941,0.020406545,0.00630899,0.014746587,0.006478374,0.101748473,0.308808877,0.308761946,0.007544278,0.043190078,9.706466916,34.79659152,0.038880628,0.011313454,0.146891548,0.003226314,1.180869906,0.004016287,0.038873407,0.46799132,1.222816716,0.004549388,15.31369833,0.019543407,0.167597847,0.005687854,1.316851348,0.047119747,0.146017699,1.237245055,-0.001983677,0.165680877,0.232083013,0.007593303,0.00447393,0.233323088,0.004557677,0.150442478,0.003572278,0.009449814,171.7127521,0.224557522,0.009454672,0.006370892,0.008364082,0.271017699,0.042035398
2,241,0.007520873,0.002961654,28.57370686,0.016594458,0.016656523,12.65175689,0.003658938,0.105088496,0.005610253,0.005607486,0.007182865,31.4857582,0.007233243,0.009581043,0.011570225,0.003925603,0.003806434,0.005372155,0.004949255,0.011983693,0.023547789,0.045868019,0.010716574,25.80984119,0.007728584,115.6033986,0.107300885,0.016541958,0.016535911,0.031577496,0.004213068,0.00257424,0.010197344,9.882422981,394.7154229,0.013055217,0.55045715,0.01194317,0.566933045,0.004178577,0.003413026,0.013058044,0.167035398,0.064822994,0.007572586,100.2110137,0.005003735,0.074069965,443.5843103,0.064673289,0.009265708,0.004031388,0.008733547,0.004853925,58.44408882,0.005381341,0.01687331,0.012305696,0.010074942,0.010462559,0.003575058,78.92972471,0.011741677,0.005659296,0.003240488,0.02235186,0.009467284,0.003376417,0.010116749,0.600510473,0.215983418,0.00492766,0.016639557,0.22492868,0.59911694,0.004850871,0.134955752,0.071088392,0.039520293,0.088495575,0.073558872,0.116150442,0.120575221,0.053378152,0.053289117,0.012901302,0.045353982,0.077254801,0.003946954,0.191668621,0.071284469,0.012230403,0.090730195,896.3050604,-0.009412646,0.091084966,0.024147165,-0.000436245,0.022399276,0.518892375,0.042626416,0.168141593,0.191952118,0.51843592,0.002858468,0.077230029,0.028927174,0.07469279,0.003312922,0.071328387,0.00267803,0.048512595,55.42534946,11.95380284,0.155973451,0.005430714,823.5145143,0.003156191,0.026919322,0.005106253,0.049209578,0.005147954,0.149741367,0.527046645,0.530466793,0.005263105,0.051604983,10.54731259,45.58350696,0.053079223,0.016841731,0.043146281,0.002844826,0.997567396,0.006444253,0.052960852,0.665313844,1.034785541,0.005527469,80.94710098,0.036796014,0.063883981,0.036433824,1.049223609,0.068509936,0.14159292,0.94417597,0.239557379,0.05847489,0.081224753,0.005790659,0.002603753,0.082222497,0.005524439,0.067477876,0.00541946,0.008371769,268.100342,0.232300885,0.008019766,0.004304128,0.005694392,0.178097345,0.066371681
0,370,0.00504473,0.002922438,23.44464517,0.009891323,0.0098916,12.47139445,0.004836062,0.169247788,0.00552402,0.005532713,0.006402941,46.8920165,0.006577658,0.011157859,0.016540596,0.004227595,0.00370896,0.003798227,0.004580474,0.016589186,0.065098712,0.070348956,0.011243152,18.56427481,0.015205407,121.1925318,0.038716814,0.030290301,0.032112639,0.046559121,0.011779804,0.002469943,0.012433557,9.439590529,807.8831786,0.011760775,0.45691366,0.019954009,0.47949328,0.00394102,0.003218843,0.011906398,0.045353982,0.074117845,0.013054895,101.1316429,0.004621123,0.034227016,942.5635877,0.073874159,0.008613367,0.005551959,0.005609526,0.017107724,20.22053502,0.002952367,0.011534032,0.008196288,0.008073087,0.008069734,0.013113662,103.9537212,0.008078371,0.003884768,0.003137357,0.032331524,0.020992432,0.004668752,0.027189672,0.639280779,0.520539191,0.005183795,0.004397598,0.535408892,0.636269741,0.005935345,0.065265487,0.087025087,0.006338589,0.098451327,0.067697875,0.133849558,0.157079646,0.064181853,0.061664288,0.009876871,0.061946903,0.070643164,0.003313146,0.336866262,0.082861738,0.009586872,0.099511406,913.1236588,0.193158804,0.10058674,0.027062404,-0.000278732,0.013612879,0.920215016,0.009452603,0.063053097,0.336954304,0.92067936,0.006150482,0.071902181,0.039548478,0.067665598,0.003827302,0.082939784,0.005494969,0.007814161,21.70768172,16.65703592,0.230088496,0.01371387,812.015362,0.012451682,-0.01580526,0.01358703,0.009631798,0.013698871,0.113391227,0.481788575,0.486081459,0.007179598,0.066965674,19.96343586,31.75288537,0.083748851,0.006297181,0.264786647,0.002369878,1.037244384,0.003826186,0.083781963,0.683396696,1.043799478,0.004644661,112.2171665,0.056520658,0.193676456,0.03594584,0.918762374,0.258410382,0.230088496,0.914028336,0.209740212,0.193748128,0.142044666,0.007349536,0.003554455,0.157461474,0.004667421,0.085176991,0.002716327,0.007504984,118.1703294,0.234513274,0.007485322,0.0080894,0.009917595,0.221238938,0.058628319
1,162,0.008581284,0.003723888,37.00579468,0.017632344,0.017624888,11.74028756,0.006382617,0.17699115,0.006857958,0.006859977,0.005782027,32.01460137,0.005909314,0.011088938,0.013146031,0.003688926,0.00412592,0.007441266,0.00811587,0.013242544,0.037677434,0.04362402,0.011120032,33.89314009,0.010557491,125.0030317,0.050884956,0.019283936,0.019379274,0.025423673,0.005426379,0.00347421,0.005201818,13.12489996,536.7695043,0.025474811,0.327528386,0.010851663,0.333608932,0.006313467,0.008291159,0.025505785,0.161504425,0.093262238,0.009147731,114.6779232,0.008235586,0.123321899,499.2855317,0.093309567,0.014923575,0.004371151,0.011812817,0.004899872,33.0256843,0.004631335,0.04157611,0.014004538,0.015092215,0.015164254,0.004815286,91.93344741,0.014006445,0.006681017,0.003888331,0.025209215,0.012353298,0.00352305,0.013280827,0.584496997,0.244085651,0.003707915,0.013608833,0.244467034,0.582479896,0.004753387,0.184734513,0.099434063,0.014358545,0.099557522,0.075458075,0.185840708,0.242256637,0.052227345,0.049620961,0.018923085,0.087389381,0.049866486,0.007321769,0.204598018,0.064454142,0.01882116,0.081650222,797.3248728,0.03304258,0.082380179,0.02765015,-0.000373734,0.049688606,0.599812655,0.01606132,0.192477876,0.205629342,0.600144623,0.003093279,0.052836581,0.023358603,0.076201126,0.004033702,0.064885023,0.004099907,0.023137449,49.57975965,12.13012182,0.271017699,0.005703193,807.2600446,0.003476961,-0.006380628,0.003672133,0.024297895,0.004180664,0.102455503,0.54045702,0.545006704,0.005992195,0.035653713,7.748642493,40.11959432,0.044563522,0.015854777,0.055254841,0.004106327,1.228242033,0.005007272,0.04257067,0.491220478,1.271723574,0.006192957,72.58883406,0.035328199,0.192665846,0.02704578,1.479492833,0.1071172,0.201327434,1.407302482,0.331305796,0.099703148,0.110357057,0.00628739,0.002697927,0.113016574,0.006203984,0.08960177,0.005248181,0.005168001,228.7963765,0.23119469,0.005146175,0.007292747,0.006107602,0.161504425,0.081858407
0,212,0.010536114,0.003916692,94.84605064,0.054207958,0.055580607,26.83443247,0.008022584,0.170353982,0.01650131,0.01656811,0.019332519,43.979874,0.019550952,0.058593486,0.020095518,0.01689178,0.005562219,0.006123339,0.012276317,0.020270064,0.031229873,0.036109345,0.061585728,74.60909061,0.01142427,131.9824052,0.038716814,0.030243033,0.030570383,0.010298444,0.004696199,0.003669185,0.005134306,22.44979687,446.4076544,0.09425186,0.116432553,0.0098463,0.117071935,0.007851803,0.007916143,0.094651264,0.008849558,0.061636168,0.00626803,94.33085009,0.012280407,0.013078809,403.0527905,0.059888098,0.025860268,0.004488836,0.022673774,0.003701886,28.5184668,0.002647758,0.00636269,0.023080782,0.041425737,0.042879999,0.004876351,64.40600619,0.022927259,0.003077368,0.010343999,0.011654478,0.007344049,0.004633881,0.011071248,0.531663699,0.121722064,0.018548674,0.005694516,0.122475621,0.525194626,0.004868708,0.134955752,0.110485251,0.009212719,0.101769912,0.043280458,0.120575221,0.201327434,0.045953496,0.040978442,0.101531022,0.05199115,0.080447584,0.007351711,0.234076424,0.058824546,0.101540974,0.114068423,1189.861784,0.200199618,0.114131132,0.030188421,-0.000581914,0.009654576,1.016758206,0.018094166,0.030973451,0.234023746,1.015820366,0.012062439,0.081074647,0.012496068,0.043265694,0.012940326,0.060165904,0.003210828,0.010306588,26.37663817,15.36132847,0.205752212,0.035179435,879.263721,0.02667625,0.007850926,0.012154004,0.011470081,0.012231698,0.179203885,0.571214165,0.579502841,0.008241854,0.137647581,12.30702973,370.4386211,0.145813005,0.005635094,0.100784129,0.004000319,2.234162308,0.018966607,0.145483841,0.874397954,2.256012142,0.013269547,47.23220178,0.114016245,0.119461916,0.014069892,1.776159397,0.013514992,0.180309735,1.740328169,0.326723739,0.102130656,0.224375776,0.008289071,0.00287111,0.230047914,0.013316518,0.084070796,0.00263213,0.009841363,129.5187105,0.154867257,0.009841889,0.005849525,0.011847734,0.181415929,0.111725664
1,256,0.004373782,0.003075429,20.38787468,0.009735638,0.009760531,9.364512879,0.003975546,0.133849558,0.004593592,0.004673886,0.004452858,41.24383144,0.004589225,0.009093136,0.01664204,0.003759758,0.002388201,0.004159177,0.004476761,0.01699794,0.022059646,0.036283249,0.009090391,17.8250572,0.010023839,180.141798,0.036504425,0.029443189,0.029483288,0.012509897,0.005006551,0.003013443,0.005409202,8.709618376,254.6760714,0.009575583,0.193171597,0.009232824,0.195320999,0.00352945,0.003776067,0.009603681,0.213495575,0.130762095,0.007756727,155.8827365,0.004606198,0.086269966,294.6685273,0.13077782,0.0059914,0.004683662,0.005936408,0.006541832,64.90772484,0.005180483,0.029922,0.007461589,0.008383063,0.008431933,0.003881229,37.81702538,0.007458064,0.00433204,0.002987451,0.021546215,0.007842848,0.002445511,0.012552532,0.661824955,0.132859471,0.00388642,0.018121001,0.133684917,0.659777808,0.005244489,0.149336283,0.175589133,0.062379212,0.063053097,0.023884451,0.210176991,0.200221239,0.091592762,0.090892152,0.009118271,0.056415929,0.089658007,0.003673377,0.264581656,0.058704679,0.009077183,0.116600428,1149.687016,-0.092964537,0.116536555,0.056070731,0.001304504,0.023557293,0.457906424,0.063981742,0.194690265,0.265681545,0.451191947,0.002341744,0.09359346,0.013812495,0.024689739,0.00310067,0.062947617,0.002968605,0.071746466,48.11814556,11.75352074,0.183628319,0.0051599,1187.008941,0.003202247,-0.000771874,0.003259807,0.071782129,0.003277898,0.158138423,1.027912017,1.033449044,0.004703513,0.045445179,6.585941524,71.87585056,0.125649385,0.009690273,0.070125703,0.002245045,1.776628386,0.008201257,0.125372139,0.77139018,1.817668213,0.004332091,50.31560318,0.090575622,0.113278402,0.017686084,1.795678754,0.114637102,0.182522124,1.770612053,0.146959409,0.108532232,0.098788738,0.005526565,0.00220536,0.107072219,0.004367814,0.064159292,0.006730867,0.004650711,233.8492027,0.207964602,0.004532439,0.003975482,0.005566872,0.182522124,0.049778761
0,455,0.005923509,0.002855597,48.57965399,0.015308322,0.015864425,13.98156254,0.006308589,0.14159292,0.009000152,0.008995309,0.006446024,62.38856509,0.00650553,0.014257514,0.022751406,0.003876767,0.003270313,0.007019525,0.006241528,0.02279259,0.011209564,0.012127815,0.014703477,39.12880424,0.015980675,179.7622683,0.068584071,0.056911765,0.057054458,0.00560577,0.005811678,0.002898472,0.002297338,12.51491272,45.11733132,0.036374592,0.029111498,0.004929212,0.029270849,0.006658806,0.005669612,0.036633225,0.055309735,0.129102205,0.002702272,169.0710195,0.006345978,0.223085559,57.48547729,0.129173288,0.022062633,0.004453967,0.014510151,0.002987153,33.23898274,0.003792908,0.066263099,0.017872061,0.012008685,0.012011879,0.004793161,33.01791295,0.017811751,0.003671565,0.004089359,0.006388983,0.003797321,0.005232847,0.005894781,0.71816478,0.024247036,0.004037585,0.006415853,0.024242497,0.700382797,0.004830467,0.159292035,0.209388437,0.024918441,0.080752212,0.027538575,0.126106195,0.055309735,0.14141409,0.141492059,0.027218826,0.079646018,0.140015939,0.004611748,0.358405187,0.128012571,0.026019097,0.106459805,1208.010319,-0.003136166,0.106632027,0.107646891,0.000362374,0.071149695,0.763524297,0.029469647,0.101769912,0.358236312,0.763858409,0.019039965,0.150061777,0.008951688,0.036425388,0.004116393,0.127976229,0.00340935,0.015229997,34.47466347,15.03415319,0.241150442,0.072048804,935.2085215,0.041899477,0.030758344,0.073918562,0.018078673,0.073904978,0.161437272,0.848743962,0.854466961,0.007311181,0.112726542,86.27603054,59.31336251,0.168950766,0.009288185,0.12652246,0.003480922,2.027445386,0.004667854,0.166186083,1.048537891,2.18130427,0.007018549,25.80237697,0.108947971,0.250932919,0.005909463,1.913151725,0.260250808,0.130530973,1.825029491,0.002335303,0.21388231,0.223253094,0.0075802,0.00550946,0.226001781,0.007015769,0.068584071,0.003621192,0.012232773,73.63539041,0.194690265,0.01221039,0.006875715,0.008455246,0.121681416,0.043141593
2,396,0.004309085,0.002024191,35.7682056,0.020475928,0.020647529,18.06369412,0.003598664,0.071902655,0.008218587,0.008266884,0.013733124,29.00505013,0.013751538,0.018101078,0.009795895,0.004125967,0.003009493,0.005868152,0.010698148,0.010742916,0.081889489,0.073705457,0.018101495,51.48611588,0.005734578,617.7078791,0.075221239,0.016222378,0.016219951,0.049981332,0.003706401,0.002375854,0.015858127,26.8664766,786.9034765,0.013909795,0.387514316,0.022461202,0.392689725,0.002542245,0.004066644,0.013983153,0.042035398,0.110473937,0.014548289,141.3581571,0.010703998,0.079250207,1192.576426,0.109835709,0.005389371,0.003389586,0.007831334,0.027617363,29.87651021,0.002208128,0.054449482,0.03565937,0.019633236,0.019731068,0.002978357,140.5640054,0.035675125,0.003187927,0.006965597,0.031948049,0.04822612,0.020427731,0.025914659,0.589748625,0.269868251,0.004126081,0.006118953,0.269960952,0.588647771,0.003391319,0.064159292,0.168306725,0.006257104,0.08960177,0.079434521,0.071902655,0.079646018,0.057192157,0.056816938,0.02296439,0.068584071,0.430672934,0.003593395,0.154638061,0.213693303,0.022339946,0.270767465,1914.698408,-0.059680131,0.270712922,0.04617046,-0.00577804,0.070342174,1.151081125,0.009866577,0.045353982,0.154552523,1.151177709,0.178642674,0.432115234,0.135350073,0.080445246,0.007384029,0.213884715,0.002254416,0.015995529,23.08632968,11.56994355,0.201327434,0.37627997,1145.827861,0.216301905,-0.031061519,0.562567919,0.016226262,0.562257094,0.342354542,0.744952322,0.744640066,0.005205231,0.152462394,746.8346872,44.87532999,0.060582195,0.004923287,0.23149843,0.004577801,1.003565973,0.003596659,0.060174278,1.037234901,1.004864802,0.023668082,376.2523402,0.053312389,0.204618796,0.037285725,1.306606147,0.226159091,0.069690265,1.307270544,0.288640201,0.185287528,0.528428329,0.005206209,0.022517056,0.534197685,0.02365554,0.044247788,0.002369745,0.096819496,138.7806707,0.138274336,0.096539866,0.003401235,0.006866152,0.060840708,0.042035398
2,421,0.005251051,0.002112012,27.60548379,0.013643748,0.013644033,10.447522,0.004709038,0.115044248,0.00484422,0.004940684,0.005365737,47.38547628,0.005580723,0.012338615,0.020155567,0.004119505,0.002277863,0.004745771,0.004798339,0.021709991,0.016068559,0.02167821,0.012404101,26.30376511,0.008849022,97.13218369,0.043141593,0.030677555,0.030711906,0.014233015,0.004926915,0.002319725,0.003401409,10.14965385,430.5176996,0.015257276,0.483559486,0.00591408,0.510046789,0.002923661,0.004658346,0.015423721,0.152654867,0.055250798,0.004528925,89.1569836,0.004858421,0.085600504,468.23471,0.055062719,0.00701741,0.003735106,0.006877413,0.004230587,40.28932132,0.00503002,0.021768947,0.012759126,0.011580477,0.011580484,0.003724662,47.91663413,0.012721783,0.005264319,0.00353266,0.014517709,0.005274051,0.003022731,0.006150613,0.312255535,0.419228872,0.004144077,0.013861707,0.438714728,0.290264266,0.004111644,0.079646018,0.095245708,0.02309191,0.100663717,0.036767798,0.10840708,0.159292035,0.06319684,0.063228276,0.012563161,0.048672566,0.041747029,0.00266525,0.196505235,0.063039649,0.012545864,0.059118673,781.7944929,-0.030671363,0.059233889,0.026917488,0.001214611,0.026655299,1.125281422,0.023386603,0.103982301,0.196404844,1.123728913,0.004751089,0.041732604,0.018241165,0.036759866,0.003965753,0.063150479,0.00215302,0.022993173,48.68895704,12.09773399,0.169247788,0.022917533,783.2033682,0.01899339,-0.003181869,0.012385303,0.024063907,0.01244117,0.080455039,0.570475278,0.578413771,0.004485073,0.030946096,15.43548062,46.13801199,0.053217536,0.01674183,0.123727246,0.002536197,1.170364446,0.004628859,0.050646056,0.59403545,1.191350016,0.005478166,55.52158666,0.062140104,0.157255096,0.0137469,1.181511854,0.079997589,0.121681416,1.166098927,0.242840114,0.134556232,0.168860614,0.005917522,0.002651905,0.181005755,0.005504,0.091814159,0.004312865,0.006623084,254.4253884,0.158185841,0.006614398,0.003695832,0.006242735,0.139380531,0.05199115
0,254,0.00504196,0.002555042,24.58920071,0.010406076,0.010649829,9.630753354,0.003588824,0.206858407,0.004972196,0.00496953,0.005097533,36.0142883,0.005258326,0.009903973,0.011411053,0.003081743,0.00289847,0.005464179,0.005952818,0.011634522,0.021627503,0.033456022,0.009900012,27.0697301,0.010055644,129.7294645,0.090707965,0.026900037,0.026940313,0.014308847,0.005494822,0.003297833,0.004661089,9.997439371,437.7849625,0.015358348,0.209823281,0.009263451,0.22279713,0.003542336,0.004003864,0.015481167,0.10619469,0.099580963,0.007725108,130.9718116,0.006131391,0.227469081,383.889342,0.099624345,0.007042655,0.004624515,0.008469343,0.005303441,23.79932006,0.003565426,0.062201291,0.010643263,0.012177015,0.012280362,0.004140324,52.87827945,0.010611123,0.004293066,0.003217547,0.011811291,0.007650714,0.003332393,0.010864595,0.619763752,0.126522905,0.003289952,0.004915523,0.126598819,0.617315144,0.004633264,0.158185841,0.106020236,0.007564308,0.111725664,0.027119059,0.140486726,0.204646018,0.062077361,0.061330946,0.015565296,0.043141593,0.055087208,0.004755818,0.569530463,0.064370034,0.015570848,0.078538268,883.4650664,0.099072454,0.078748936,0.046923013,-0.000789649,0.046155512,1.34478027,0.009525387,0.067477876,0.5722704,1.342265463,0.005795287,0.060063416,0.016146028,0.027113301,0.003222309,0.069511415,0.003777688,0.009426382,23.46270109,15.12882536,0.251106195,0.014621478,1092.612411,0.004116811,-0.028611377,0.009636789,0.010231307,0.009701822,0.08616905,0.76609582,0.769246443,0.007615078,0.030766878,12.47271475,34.90695197,0.098536909,0.008349187,0.307969776,0.003111828,1.675795865,0.005395819,0.098225226,0.583099328,1.826061863,0.004566724,72.73284513,0.067594556,0.232069609,0.011704537,1.820961249,0.186980144,0.184734513,1.729316252,0.234042623,0.231566577,0.31937605,0.00768329,0.002169043,0.329676748,0.004566494,0.118362832,0.004685605,0.003313201,137.5783231,0.172566372,0.003306692,0.006292695,0.008036546,0.088495575,0.088495575
0,459,0.003956087,0.002085593,27.23120573,0.009704635,0.009716256,10.0688994,0.003198305,0.144911504,0.005601648,0.005602534,0.005404866,33.21317569,0.005478306,0.011742712,0.008145598,0.00281559,0.002849477,0.004559181,0.004886547,0.008380832,0.006242824,0.00861126,0.013599054,20.21092654,0.009437451,46.60866779,0.082964602,0.023518973,0.023519991,0.003739175,0.004294568,0.002416897,0.001668877,9.333225966,32.71307267,0.013717013,0.015914382,0.00370276,0.016360307,0.003794287,0.003700383,0.014755812,0.07300885,0.028795396,0.003845087,50.8166272,0.004891642,0.041552694,30.57980527,0.025278473,0.00833939,0.004045248,0.007782174,0.002256653,33.84934721,0.003934338,0.017295905,0.008380253,0.008001223,0.008040813,0.003749472,10.76687727,0.008370908,0.005170529,0.00293365,0.003491032,0.003546317,0.003088766,0.004467836,0.363734512,0.013840146,0.00285887,0.008970343,0.014569194,0.352269568,0.00517597,0.165929204,0.028714063,0.012317321,0.071902655,0.004842525,0.19579646,0.247787611,0.026062537,0.023552762,0.011911357,0.064159292,0.016065064,0.003964084,0.132090542,0.017941337,0.011707542,0.024461717,603.5328918,-0.00493246,0.029928787,0.008637126,0.00033113,0.01799976,0.513307414,0.012624591,0.039823009,0.1330763,0.510867128,0.002808305,0.016421207,0.004572954,0.004867294,0.003476986,0.01835404,0.002894802,0.021139446,35.73103313,12.59029257,0.165929204,0.004985644,540.5080781,0.004214378,-0.037325325,0.003247576,0.021536071,0.003581777,0.024903572,0.178491413,0.178408731,0.00534374,0.009518771,7.089285491,29.09393611,0.019348378,0.009905159,0.225195513,0.002850653,1.658488756,0.005619929,0.018713826,0.162112797,1.670380489,0.004592567,11.65453986,0.009500563,0.123645409,0.003165607,1.710331596,0.055381773,0.225663717,1.711192362,-0.005982135,0.1237116,0.116870741,0.005347748,0.002236376,0.117097324,0.004591744,0.084070796,0.004208056,0.005205698,199.1001292,0.175884956,0.00520435,0.00544663,0.00688999,0.246681416,0.028761062
2,188,0.022473013,0.005458133,180.9712619,0.057251316,0.057630337,36.042955,0.011027026,0.125,0.024196586,0.024185157,0.014852507,142.6465115,0.014863353,0.029307205,0.037395311,0.011744946,0.00649554,0.0436292,0.025625599,0.037469685,0.071564995,0.298973351,0.029294707,225.1853058,0.037411857,177.1233613,0.071902655,0.103186075,0.103173413,0.032370641,0.014690342,0.011397521,0.014576062,57.65775058,430.682668,0.159675837,0.856746,0.021069637,0.856690244,0.011231145,0.034261957,0.159701593,0.234513274,0.108199735,0.02301876,166.7630416,0.025617485,0.081676081,1029.422524,0.10821879,0.060348434,0.013997568,0.085820119,0.036018994,104.8155571,0.009900671,0.04044741,0.091192679,0.061845894,0.061910257,0.018849918,109.7068138,0.090316165,0.021769982,0.012760079,0.083919745,0.055590763,0.006720649,0.062192453,0.604738853,0.232296608,0.011756583,0.045419752,0.233770816,0.600283882,0.014141175,0.110619469,0.208980008,0.030897018,0.116150442,0.063803383,0.133849558,0.137168142,0.064578936,0.062690727,0.178039422,0.080752212,0.089057902,0.018396349,0.225963662,0.051920635,0.178045059,0.119641625,801.7141506,-0.070720698,0.119741804,0.047864573,-0.00105383,0.046327804,0.295963136,0.031701348,0.117256637,0.226248822,0.296050224,0.010898904,0.08944204,0.09742715,0.064358977,0.012965909,0.052060066,0.006643883,0.071492058,75.49988248,44.09154216,0.136061947,0.053527111,1121.247757,0.010006353,-0.045136183,0.025479415,0.072366647,0.025498727,0.230888388,0.861358277,0.865746748,0.024142554,0.071794525,30.8790276,307.1804409,0.071601794,0.035062961,0.120705238,0.02130607,1.394817309,0.022671648,0.071295824,0.702925116,1.439438093,0.046203739,234.787006,0.05959995,0.100020782,0.025791935,1.21811948,0.106402001,0.088495575,1.20946266,0.1747068,0.097372859,0.127888205,0.024131256,0.004162395,0.127831409,0.046182624,0.087389381,0.014691319,0.009622988,369.5372986,0.116150442,0.009619245,0.010954248,0.020975603,0.111725664,0.065265487
2,100,0.006219674,0.002418025,46.95073227,0.015777633,0.01577191,13.02411597,0.006473289,0.094026549,0.007673994,0.00767027,0.007179066,50.46880482,0.007182532,0.016241943,0.016479152,0.003632468,0.004064572,0.006328711,0.007615334,0.016470597,0.070561573,0.060327638,0.016374343,34.22413775,0.01481978,112.2071692,0.084070796,0.03717809,0.037378078,0.028492811,0.005741004,0.002434206,0.007112124,12.65111877,564.7518554,0.032733591,0.181884101,0.018050679,0.18372798,0.005319512,0.006477969,0.032909569,0.148230088,0.148326146,0.012997471,189.1353989,0.00787043,0.068039379,541.9390305,0.148388742,0.015514175,0.005817021,0.012339777,0.00776227,40.90895024,0.004441173,0.042940265,0.012643633,0.013823905,0.013938441,0.004040485,92.81240644,0.01264293,0.007967813,0.003571202,0.031275256,0.009443421,0.008209508,0.012759711,0.772497842,0.283766128,0.003827024,0.013799984,0.293042365,0.76924318,0.005848573,0.157079646,0.24433863,0.013729983,0.123893805,0.081503299,0.131637168,0.123893805,0.081440053,0.079834781,0.023334881,0.097345133,0.06232433,0.00472242,0.25417054,0.073521407,0.023325024,0.103168486,829.6709883,0.159757868,0.103169814,0.056552887,0.000168442,0.059180144,0.817326909,0.013847235,0.119469027,0.254031296,0.817495748,0.002680966,0.062552967,0.021901197,0.083890502,0.003571061,0.075434988,0.003698489,0.024233854,35.69554491,20.42792193,0.207964602,0.005236656,1185.254067,0.003377495,-0.001497319,0.005439004,0.024244021,0.005927339,0.154966064,0.874114097,0.873868223,0.00928916,0.066769813,10.08264825,81.17805326,0.100146119,0.011751336,0.172328437,0.002967707,1.065190522,0.01378318,0.098349156,0.824924128,1.094016061,0.005908903,94.64022722,0.073119107,0.102564537,0.031019375,2.082987463,0.09956866,0.168141593,2.081845158,0.318176371,0.1015333,0.179656117,0.009291398,0.008141043,0.180546514,0.006585071,0.097345133,0.006281954,0.0378939,163.5438399,0.14159292,0.037901082,0.00656048,0.013059732,0.133849558,0.094026549
2,23,0.027660848,0.013616062,902.2275419,0.060977749,0.061044587,256.559106,0.033725798,0.102876106,0.203984625,0.224097628,0.037515989,405.8015601,0.037510595,0.059657629,0.067193798,0.051182511,0.019402898,0.020027858,0.021838997,0.067174199,0.451407696,0.101088475,0.05963784,131.2487828,0.136674986,180.5301357,0.159292035,0.460685275,0.460493115,0.043204889,0.019881155,0.007576122,0.014933799,44.30724326,1251.962591,1.06877799,0.366023684,0.103687961,0.366196605,0.107808866,0.013441463,1.068203648,0.127212389,0.146743726,0.035470512,173.4188448,0.021831918,0.057644335,695.1420488,0.146612461,0.515213412,0.017171264,0.032499907,0.009838015,65.76762745,0.013301887,0.028638875,0.056716331,0.053215475,0.053380933,0.015040766,259.2587974,0.056499065,0.016930665,0.019296249,0.03184316,0.021853635,0.008642766,0.024337843,0.501591714,1.020787739,0.07640651,0.015446936,1.020233403,0.49877921,0.017163923,0.121681416,0.294274924,0.021060107,0.139380531,0.206491777,0.144911504,0.142699115,0.051211901,0.0512304,0.078675449,0.07300885,0.111810327,0.010163728,0.209541593,0.065593706,0.078396509,0.116851663,1151.661091,-0.110981455,0.116810204,0.066837165,-0.000173316,0.030911246,0.896426512,0.021056947,0.257743363,0.209488854,0.896498617,0.006018915,0.115876012,0.035860726,0.207531249,0.019510295,0.070148748,0.008601384,0.031225363,157.5272993,76.50890523,0.157079646,0.026814824,1309.349356,0.009129788,-0.035345878,0.012808797,0.031272292,0.013194663,0.180554291,1.042273004,1.049857266,0.04790519,0.054466137,30.45258889,230.4478954,0.090737808,0.023520195,0.084185382,0.008718435,0.828037961,0.017087988,0.090231031,0.950369233,0.842648826,0.021676082,130.5730128,0.050165588,0.148927685,0.056798298,1.198147107,0.077779515,0.171460177,1.184063343,0.239447892,0.130858202,0.178321881,0.047905229,0.005767231,0.178531562,0.021676411,0.056415929,0.008630803,0.017324177,785.1634871,0.158185841,0.017324479,0.02622987,0.043115655,0.150442478,0.079646018
0,148,0.004316847,0.002441405,20.22231933,0.012074346,0.012299374,9.6896423,0.002775492,0.185840708,0.00458458,0.005109995,0.004617344,31.70382473,0.004653246,0.007506221,0.009420081,0.004025057,0.002577204,0.004339063,0.004195576,0.009540623,0.024806219,0.019381568,0.007510946,22.40145874,0.008277967,167.0133183,0.096238938,0.017728614,0.01771893,0.015353361,0.004186229,0.002140037,0.004919521,8.868883489,508.1683927,0.008858963,0.190189567,0.008911499,0.193542634,0.003170852,0.002966054,0.008893953,0.028761062,0.076741861,0.006568209,119.4443587,0.004283794,0.049059072,301.0619488,0.076333718,0.005338112,0.004311909,0.00457795,0.004229621,25.72242657,0.00344453,0.022439814,0.011734831,0.009480611,0.009663671,0.006055355,81.43733873,0.011697707,0.003636371,0.003384088,0.016024115,0.005837417,0.002476871,0.00803602,0.710974617,0.370872192,0.004044681,0.005119118,0.380931154,0.711292075,0.004330149,0.146017699,0.114091574,0.012549492,0.094026549,0.074110003,0.152654867,0.140486726,0.097708857,0.092072987,0.010712713,0.085176991,0.077207802,0.002662285,0.359903033,0.088925676,0.009695436,0.102199204,1141.697094,0.076480603,0.102441418,0.038103542,0.000110588,0.046616494,1.074083408,0.014118479,0.022123894,0.360336851,1.068776257,0.003307535,0.077409526,0.012908203,0.075727617,0.003685082,0.091015222,0.0030248,0.011316211,27.55409611,11.35818525,0.278761062,0.004672813,1007.182512,0.003306614,0.069180794,0.003868865,0.011309968,0.00446484,0.097081081,0.726442076,0.728137232,0.005360436,0.037269549,6.601592986,30.48813038,0.144670756,0.0073184,0.136306425,0.002349013,2.199883289,0.004489471,0.144240998,0.835374843,2.225135896,0.004634989,49.94298009,0.069021912,0.139262531,0.025277258,1.114105923,0.098997877,0.185840708,1.113042422,0.235145887,0.126471536,0.192349044,0.00543254,0.002466495,0.199817754,0.004632426,0.076327434,0.003117575,0.004610791,156.6191645,0.190265487,0.00461004,0.005399223,0.006216376,0.194690265,0.057522124
1,292,0.013010703,0.005397452,61.89119736,0.041168601,0.04160612,24.97156186,0.006858629,0.139380531,0.012749329,0.012750877,0.013182936,173.8738295,0.013177977,0.026993054,0.081567664,0.010502151,0.005149171,0.008555273,0.009951673,0.082144374,0.085887889,0.060932383,0.027436587,50.22752371,0.048490843,56.95652748,0.117256637,0.192778344,0.19581808,0.036777794,0.016090934,0.003790174,0.012294532,20.88044794,588.8946489,0.023664002,0.251016235,0.023505133,0.255508051,0.005796497,0.005763531,0.023983741,0.14380531,0.031759867,0.017304007,54.9770805,0.010047941,0.04801876,525.9414287,0.030692343,0.011246778,0.016611338,0.008571359,0.013683357,31.57040868,0.006976561,0.020903795,0.029313619,0.020736013,0.021600206,0.017111357,89.53499428,0.029326815,0.007148023,0.009342668,0.051832619,0.022608671,0.005874147,0.01789917,0.390840354,0.275798539,0.010707743,0.010111113,0.279109006,0.391041666,0.017004384,0.119469027,0.047259103,0.014771261,0.125,0.050174321,0.132743363,0.138274336,0.024443441,0.02280083,0.026339628,0.047566372,0.022919107,0.003624746,0.575793855,0.027162208,0.026301672,0.045237416,762.3880991,0.176392412,0.045905015,0.014733703,0.000109843,0.027256414,0.556065815,0.014887448,0.148230088,0.575558505,0.550892684,0.001879153,0.022930626,0.09130284,0.050245828,0.009361205,0.028714242,0.010308688,0.0156505,37.71071871,38.27129445,0.19579646,0.003674376,557.2559668,0.002370038,-0.036237527,0.002752074,0.015662673,0.0034873,0.051067411,0.298492531,0.298429863,0.030829476,0.025605635,6.890771827,335.1059236,0.02552267,0.014885766,0.352618125,0.003586909,1.787874991,0.02758283,0.025492919,0.55645754,1.820048434,0.01151816,62.99138505,0.020417372,0.271414805,0.021459488,1.452245752,0.030741601,0.219026549,1.431848856,0.226239464,0.264692478,0.250718202,0.030830786,0.004259158,0.253417118,0.011556671,0.075221239,0.006526431,0.01162314,183.8519953,0.134955752,0.011629537,0.022968801,0.031483184,0.144911504,0.081858407
1,286,0.014674579,0.005967305,54.52772688,0.025972053,0.026014669,20.11178125,0.012057214,0.139380531,0.011992858,0.011989578,0.009587992,43.180614,0.009662206,0.019571252,0.015791778,0.006896348,0.006536922,0.01978637,0.017684543,0.015879996,0.118870287,0.133377259,0.019632467,92.38061745,0.016055948,121.9105271,0.069690265,0.031473578,0.031636527,0.034363459,0.009747628,0.008118558,0.012561037,26.60077038,666.7597393,0.031131919,0.473536216,0.025720455,0.488919494,0.010319088,0.015816057,0.03111539,0.091814159,0.116954529,0.021310845,138.9567489,0.017678274,0.192776632,790.9769908,0.116960474,0.021923382,0.004671496,0.037634338,0.024356522,31.505604,0.006350938,0.052601521,0.03999138,0.026342507,0.026340602,0.006063246,130.2867881,0.039969481,0.007755822,0.008555109,0.045332622,0.030063472,0.005686501,0.031929496,0.544123355,0.368938754,0.006997549,0.010794474,0.371070141,0.533801183,0.005510477,0.157079646,0.159486044,0.0109162,0.136061947,0.071451271,0.178097345,0.129424779,0.094894628,0.094796009,0.070054204,0.096238938,0.065015473,0.014026413,0.157611767,0.071054109,0.070067594,0.075589046,791.926019,0.125697393,0.075561398,0.061719655,-0.001215682,0.065469881,0.873798731,0.014750151,0.129424779,0.170078339,0.87201917,0.002487622,0.065083505,0.05901575,0.079938996,0.008551885,0.074790596,0.00339244,0.013455123,31.53822855,19.55063271,0.188053097,0.004639587,882.1568103,0.002852462,0.017422739,0.003405442,0.014040429,0.004154587,0.104286297,0.809857796,0.809554741,0.010872897,0.066950531,8.263673053,150.3149993,0.068682845,0.01708955,0.117311226,0.008800216,1.431160632,0.010523259,0.06836426,0.646336143,1.433585699,0.012803463,100.1216375,0.061826217,0.120462081,0.029391677,1.095899695,0.138211892,0.246681416,1.096176503,0.252474114,0.103913636,0.18401956,0.010911217,0.004442083,0.189326747,0.012798798,0.097345133,0.006442847,0.012612636,165.2809852,0.199115044,0.012616375,0.00798165,0.01075498,0.194690265,0.056415929
0,272,0.004406483,0.002537634,44.57954452,0.024717796,0.02471047,13.92368134,0.006915336,0.17699115,0.012482634,0.012580852,0.008665406,41.62405639,0.008723822,0.042655694,0.021393197,0.005783547,0.002891893,0.0054202,0.010143329,0.021559352,0.018452199,0.018521039,0.042670209,63.07100037,0.010064996,51.35583611,0.045353982,0.031546728,0.03152998,0.011303088,0.003962746,0.002522185,0.003138989,13.75084499,149.7557613,0.031356586,0.044796101,0.006335499,0.04521136,0.004459571,0.006203102,0.031400381,0.040929204,0.063917876,0.005293961,74.31385029,0.01013808,0.141614789,69.56377185,0.06324114,0.013741308,0.005105508,0.017163245,0.002896963,23.33772591,0.002456109,0.046090481,0.022655589,0.053536353,0.054186621,0.003680538,32.9249929,0.022611044,0.002482005,0.005570799,0.005302469,0.005213319,0.002142784,0.004403173,0.649274504,0.082464757,0.005874887,0.005836547,0.084656057,0.639095052,0.005104524,0.133849558,0.055362886,0.011605239,0.076327434,0.039796626,0.150442478,0.168141593,0.049491917,0.047139032,0.063849263,0.025442478,0.015973926,0.004282814,0.262076273,0.018287355,0.063031324,0.02165331,731.3141749,-0.00589803,0.028959579,0.017068488,0.000270429,0.038800248,0.758238447,0.012186218,0.091814159,0.26193143,0.757996984,0.002658065,0.017937412,0.005701334,0.041750102,0.005567727,0.02118124,0.002511677,0.012970188,22.09279097,13.3412859,0.225663717,0.008196628,876.6262852,0.003839394,-0.014857841,0.005194657,0.013141382,0.005192537,0.021741702,0.296827483,0.297556505,0.006491029,0.009698532,7.807819056,64.08357956,0.038377951,0.004465253,0.209066513,0.003052392,1.715215043,0.006010553,0.038386884,0.341218038,1.819441092,0.009648569,19.35863949,0.028779933,0.214339431,0.009571099,1.905071643,0.143168965,0.117256637,1.851889163,0.041512812,0.214305851,0.250352036,0.006543222,0.002264504,0.251639945,0.009651705,0.053097345,0.002708422,0.004095325,125.5929141,0.185840708,0.004069847,0.0035717,0.014110389,0.190265487,0.039823009
0,141,0.006692957,0.003157429,34.43898362,0.014833421,0.015130795,14.33483369,0.003941704,0.17920354,0.007115233,0.007131662,0.007997727,37.0838514,0.008175745,0.012121447,0.010067646,0.0078432,0.003545311,0.004901984,0.007232071,0.01006524,0.033900152,0.030154254,0.013951213,33.60758408,0.015831617,104.0738114,0.042035398,0.031556061,0.031565582,0.013753598,0.005950229,0.002990825,0.004805143,15.77853684,474.397514,0.021779925,0.156278481,0.00860906,0.156786314,0.005148762,0.004181034,0.021769385,0.065265487,0.119749487,0.005915031,141.9688641,0.007319901,0.103218852,462.9623088,0.11666216,0.011889521,0.003999742,0.011477862,0.004839222,32.17356271,0.003908625,0.036466573,0.017754223,0.010799471,0.011710585,0.003993274,65.81061534,0.017303258,0.005318701,0.007017176,0.024871322,0.006048859,0.008347492,0.008465364,0.479794857,0.293405116,0.008069788,0.020072168,0.294878821,0.480049188,0.005008288,0.161504425,0.12232653,0.022609086,0.05420354,0.056409199,0.190265487,0.178097345,0.078634899,0.077746517,0.021354073,0.042035398,0.054155276,0.005396165,0.422891349,0.064347983,0.021305784,0.069224915,892.1176201,0.120278841,0.070169768,0.090986713,-0.000305236,0.03113709,1.586044384,0.02302683,0.048672566,0.466347987,1.584799542,0.003114337,0.054760967,0.015056338,0.05755927,0.00739342,0.064497553,0.002934403,0.016661431,28.77872332,14.77595319,0.19579646,0.005808279,1090.883069,0.002767381,-0.062448477,0.004947653,0.016719288,0.005181035,0.051520073,0.802221334,0.80755271,0.00686554,0.020856876,8.542285973,38.59857388,0.072344212,0.009349788,0.185921309,0.003586948,1.417991291,0.004417001,0.071051256,0.453400675,1.622401237,0.01059225,53.49404124,0.05954786,0.206717355,0.02754722,0.915394792,0.080057225,0.196902655,0.865035009,0.256690355,0.176699952,0.31540186,0.00767629,0.003336656,0.328291901,0.010586767,0.088495575,0.007808157,0.018313609,194.3685438,0.182522124,0.018208192,0.005382972,0.007864239,0.224557522,0.05199115
2,42,0.102257468,0.044470645,518.5018742,0.638371221,0.63808135,152.5496531,0.096242807,0.082964602,0.111530606,0.111469342,0.21505577,73.55957817,0.214962004,0.2939754,0.020095232,0.11091704,0.071518969,0.082309892,0.110675045,0.020144151,0.11544343,0.189428742,0.293888683,552.1660573,0.023512915,204.6352181,0.07079646,0.064527824,0.06522322,0.063925629,0.008467892,0.025765064,0.026485155,164.6105389,611.2718177,0.465548494,0.483489334,0.027348226,0.487136305,0.068108034,0.075053563,0.465500841,0.080752212,0.096991769,0.022698926,161.5530078,0.110649773,0.133769974,570.0501931,0.0964845,0.153310674,0.007025893,0.219630541,0.06813252,50.5196511,0.006501457,0.056065863,0.646872186,0.299056619,0.29890094,0.007299787,111.0044892,0.647230021,0.008972414,0.088767204,0.221581886,0.048732643,0.017964209,0.091638638,0.516817859,0.320153915,0.112769767,0.012655329,0.320039582,0.506821285,0.007184942,0.130530973,0.142996182,0.018113074,0.086283186,0.084573516,0.168141593,0.183628319,0.092391788,0.092074194,0.465446563,0.037610619,0.109443747,0.061621197,0.442294809,0.089128893,0.465669145,0.138510741,1592.210711,0.125064477,0.138565523,0.036153825,0.000229759,0.074857724,1.013419484,0.022589478,0.067477876,0.448159614,1.010726652,0.006474894,0.110358796,0.110031598,0.084912804,0.090749016,0.089964507,0.005222021,0.022488393,49.62766371,24.52766427,0.242256637,0.025506759,1095.915919,0.005449604,0.092489121,0.017323106,0.022681975,0.017332931,0.299526192,0.853703536,0.85334535,0.013520226,0.08138203,19.60340205,75.37393032,0.093287784,0.010555004,0.133217734,0.071242336,1.604779778,0.01211984,0.093230196,1.32126416,1.627291729,0.232768077,103.2833772,0.048331791,0.256328049,0.060879767,1.914432773,0.195676308,0.110619469,1.892106542,0.29728123,0.221631679,0.22435621,0.013675429,0.010777433,0.227991408,0.232663899,0.082964602,0.0064953,0.046159646,174.1974553,0.140486726,0.0461843,0.010182076,0.01315552,0.146017699,0.048672566
1,347,0.010740467,0.005413765,55.90404341,0.024532612,0.024549606,19.95454533,0.005698209,0.118362832,0.010758681,0.010758372,0.009273208,49.00235893,0.00927645,0.018376731,0.015447314,0.007062829,0.005011034,0.012878979,0.019648682,0.015500178,0.088966142,0.139786193,0.018556677,86.3751881,0.014467912,72.92850308,0.144911504,0.035306212,0.035408994,0.047801132,0.007511906,0.006178968,0.019494367,28.10907455,826.2738158,0.03677371,0.369441214,0.03623329,0.370223682,0.007707053,0.020172855,0.036829779,0.182522124,0.037384487,0.030287994,53.19745786,0.019728757,0.041409978,805.7151412,0.037287983,0.017082332,0.006049474,0.026915032,0.027411449,39.81492988,0.008459446,0.022325972,0.020976655,0.046885945,0.046870878,0.006083205,130.3687609,0.020964511,0.006974883,0.007847361,0.056165099,0.034967159,0.007299739,0.042983753,0.3673883,0.310027312,0.007659676,0.018594261,0.315766267,0.332299485,0.006134741,0.117256637,0.050951756,0.016411793,0.170353982,0.066951762,0.134955752,0.170353982,0.024881837,0.023887587,0.054287779,0.049778761,0.03304812,0.015848524,0.103045664,0.030389242,0.054054586,0.045601479,558.1730804,0.302288466,0.045804977,0.018199792,-0.001493201,0.021638234,0.644657771,0.019218909,0.161504425,0.103317501,0.644160847,0.00549817,0.035274145,0.077757153,0.066988229,0.007967622,0.030690213,0.004557375,0.022240197,38.96974423,20.86373535,0.238938053,0.011079866,442.9719268,0.006640233,-0.003036458,0.008806449,0.022463231,0.008822425,0.062785787,0.25667467,0.280454409,0.011667568,0.021198151,14.38082901,92.31922273,0.022942382,0.014022095,0.055642294,0.006738642,1.093281193,0.013127667,0.022579545,0.311041302,1.168963005,0.011800498,146.2310387,0.014000343,0.074499616,0.032296736,1.004927434,0.060711219,0.191371681,0.990537547,0.150563302,0.066697935,0.101646753,0.012008869,0.005710949,0.102464685,0.011807662,0.07300885,0.008896832,0.015902188,160.8319963,0.154867257,0.015905196,0.008101072,0.010844407,0.170353982,0.059734513
1,99,0.012390874,0.00488456,45.28426094,0.01669516,0.01693311,22.29533665,0.006763596,0.152654867,0.013384047,0.013398095,0.01287922,39.43990813,0.012872755,0.013486573,0.010654382,0.005401858,0.011538869,0.008221487,0.010389658,0.010675866,0.014833073,0.022053004,0.013506198,41.0128222,0.015365842,46.96598956,0.163716814,0.029974706,0.03010418,0.009816666,0.007571687,0.005237892,0.004661587,17.28814424,38.56381044,0.032790842,0.035061418,0.008508174,0.035098892,0.012444461,0.006143444,0.032967652,0.053097345,0.033763489,0.010706111,44.7966121,0.010402109,0.045881835,47.05500532,0.026854145,0.022571294,0.005764313,0.018379221,0.003723486,41.84122967,0.005885884,0.019920638,0.015208238,0.012639629,0.012717682,0.005070308,21.23120541,0.015195462,0.009503825,0.005301584,0.005410393,0.007773351,0.006725524,0.009586683,0.37226144,0.023565068,0.00542506,0.007844565,0.023553652,0.366958213,0.005968683,0.212389381,0.031390946,0.017522905,0.067477876,0.010419501,0.247787611,0.26880531,0.013988688,0.013993538,0.028251307,0.037610619,0.020576957,0.008721177,0.198502259,0.017552355,0.027863615,0.031418915,538.5980573,-0.00300877,0.037306931,0.01173734,-0.000166818,0.017439353,0.634956905,0.020367126,0.081858407,0.198646138,0.635193871,0.008162808,0.021075786,0.008866242,0.010420986,0.005502455,0.017547375,0.00445999,0.019107478,41.68864281,19.70550277,0.25,0.014837603,513.9814733,0.006895824,-0.0071925,0.0132573,0.021294288,0.013251842,0.037742809,0.212624629,0.213239256,0.00975286,0.008559252,20.3418493,45.35841394,0.01756425,0.015363231,0.093294324,0.006596655,2.252478657,0.006777913,0.017150593,0.28415349,2.251272942,0.008009243,19.35149472,0.00945404,0.143326269,0.005952017,1.877734209,0.048729591,0.186946903,1.799545814,-0.000283154,0.142807,0.188867426,0.009787496,0.004515629,0.191809007,0.008069138,0.150442478,0.005783496,0.013984349,227.7937295,0.228982301,0.013972256,0.011237981,0.011889226,0.282079646,0.046460177
1,435,0.00668286,0.002541059,33.74370599,0.016533802,0.01670907,11.71560192,0.005261389,0.144911504,0.006503834,0.00650349,0.006222379,91.21308489,0.006223008,0.011750394,0.032625802,0.003806436,0.003270439,0.005139372,0.005886715,0.032620534,0.031585763,0.026778337,0.011795117,28.37992547,0.018018467,111.9745862,0.090707965,0.082362909,0.082460294,0.014599545,0.006109546,0.002698094,0.004468964,10.82845668,129.6440248,0.019247781,0.178752704,0.008305593,0.1811593,0.005335666,0.003065323,0.019237866,0.061946903,0.099574975,0.007079629,113.4168229,0.005883798,0.110546217,121.0328884,0.099420494,0.009520499,0.004148324,0.007891641,0.003878612,41.39742331,0.006134104,0.039221002,0.013895123,0.012388346,0.012758121,0.005876871,52.9612024,0.012342168,0.006309595,0.003276597,0.009040974,0.006915291,0.003706802,0.008234155,0.773829256,0.138208801,0.003808086,0.013330523,0.138158709,0.773495321,0.004598071,0.125,0.149840419,0.011809476,0.07079646,0.066662301,0.155973451,0.086283186,0.056522652,0.053957579,0.012656217,0.065265487,0.050525621,0.003888414,0.220812266,0.057521258,0.012653396,0.080959673,915.0246559,-0.023616125,0.080916708,0.025556961,0.00121317,0.054270506,0.729083473,0.016519492,0.081858407,0.221301197,0.729286462,0.002366828,0.054783716,0.008953281,0.073638375,0.003659425,0.05935606,0.002770512,0.030057978,42.13963812,14.64657966,0.17699115,0.004119808,1156.174756,0.002940699,-0.008393016,0.004117408,0.030802604,0.004119987,0.084588653,1.158205789,1.168160634,0.00746445,0.037407036,8.276291431,50.47754939,0.071359859,0.013655993,0.124012947,0.003140714,2.022000768,0.006782606,0.070392585,0.562692923,2.062911897,0.005494428,49.50904827,0.046401259,0.220878384,0.010991275,1.367257679,0.136170706,0.171460177,1.330488119,0.022440484,0.178476511,0.188523927,0.007939398,0.00259685,0.188844671,0.005553647,0.097345133,0.006247205,0.006432487,297.3125245,0.154867257,0.006323236,0.004779401,0.007583154,0.07300885,0.045353982
2,334,0.003244913,0.001828298,24.45908415,0.011604391,0.011749185,11.73974949,0.00425103,0.183628319,0.005894103,0.005896395,0.006719253,30.09224648,0.00672378,0.010466907,0.011467448,0.003289443,0.002716192,0.003530406,0.005417898,0.011502285,0.020149021,0.038863344,0.010585364,24.85493405,0.007358474,83.88872654,0.081858407,0.017689117,0.017684961,0.021740182,0.003795817,0.001872381,0.003739692,11.0660271,358.6716901,0.012229786,0.187852927,0.006424185,0.187900188,0.00397499,0.003545269,0.012280152,0.139380531,0.03290794,0.007220608,45.70828606,0.005484465,0.069979656,444.7519115,0.03252256,0.007748647,0.003233734,0.00816602,0.005146384,24.37635291,0.002807243,0.020037223,0.011171316,0.009889552,0.009884097,0.003163745,60.92672427,0.010887099,0.004584185,0.003073437,0.028917964,0.010971149,0.002632084,0.01010972,0.49610112,0.098596348,0.003637869,0.007851422,0.10012404,0.496326389,0.003232039,0.111725664,0.037379077,0.007774322,0.079646018,0.053766197,0.134955752,0.167035398,0.018550731,0.017547547,0.013717475,0.019911504,0.065048953,0.003918119,0.187134548,0.033173395,0.013258549,0.055834314,839.4792161,-0.1272929,0.056030993,0.011378465,-0.000891523,0.025285029,0.637364531,0.008121897,0.044247788,0.188167753,0.636366535,0.001835422,0.068840782,0.031046575,0.054667954,0.003337013,0.035169295,0.002103947,0.013552821,25.60511817,12.17412275,0.225663717,0.003351648,551.2093178,0.002000727,-0.007809989,0.00276265,0.013883052,0.002870626,0.1322653,0.311823185,0.313928538,0.0064091,0.072549857,4.757160234,46.05250854,0.023501733,0.005499368,0.083159243,0.003437393,1.185975004,0.004331035,0.023375885,0.610691071,1.185322895,0.006592939,79.80413403,0.012909643,0.105234259,0.020687898,1.143182358,0.100927364,0.101769912,1.138209825,0.222020104,0.083984694,0.109721867,0.006654284,0.002356217,0.11368721,0.006590473,0.056415929,0.003563562,0.004374194,126.2074697,0.215707965,0.004373706,0.004462949,0.006783473,0.110619469,0.036504425
2,273,0.005931525,0.002457271,91.72198182,0.037304164,0.037320734,30.50815374,0.008128103,0.038716814,0.020845399,0.020903735,0.01133653,87.46855168,0.011336033,0.059861598,0.038601999,0.008940283,0.002780917,0.005481408,0.01465222,0.039562306,0.036140087,0.05800303,0.060010679,71.62298882,0.013816781,355.7858336,0.074115044,0.050418301,0.050492891,0.021402876,0.006795227,0.002218302,0.00551989,23.97599418,623.4518154,0.041209848,0.394819302,0.008699156,0.406346513,0.004134974,0.005881964,0.041223242,0.076327434,0.131397759,0.007583767,180.9066841,0.014857741,0.136236429,650.9103889,0.131452535,0.010171227,0.012111168,0.009530944,0.005074511,49.72817207,0.004013855,0.041375491,0.025228997,0.046250997,0.04635387,0.005332364,83.73340374,0.025242475,0.004783887,0.005544709,0.0234869,0.008957911,0.007812562,0.010726892,0.729479763,0.316437081,0.008969901,0.009352555,0.326629256,0.729505395,0.012235495,0.098451327,0.179111812,0.02634055,0.080752212,0.047545742,0.07300885,0.120575221,0.09803169,0.098082067,0.033112175,0.044247788,0.349822661,0.003838416,0.36692093,0.195215534,0.033128146,0.245076446,2306.192612,-0.036082991,0.245954123,0.059761677,-0.000953937,0.058371616,1.150323657,0.026612253,0.058628319,0.366718781,1.15067815,0.013710722,0.353514801,0.025024677,0.048099403,0.006118341,0.195265944,0.003093973,0.027138672,51.877743,24.38575077,0.078539823,0.039951037,1387.252271,0.018071017,-0.043377151,0.038061023,0.027198243,0.03804168,0.492303086,1.120460203,1.128081823,0.012306785,0.19829403,53.01202151,82.93265871,0.110187185,0.010893872,0.190686824,0.002663997,1.363636982,0.005342431,0.110090097,2.787750897,1.632905948,0.01177291,79.42813466,0.070599553,0.153247706,0.017609535,1.716059013,0.070410205,0.075221239,1.707776323,0.326808301,0.139413023,0.235391537,0.012375233,0.008577417,0.235758578,0.011774091,0.045353982,0.004030232,0.064073244,347.6357672,0.101769912,0.063985443,0.00388533,0.010568323,0.164823009,0.045353982
2,117,0.004229748,0.00251249,25.68849471,0.010268415,0.010287378,10.11542542,0.003645762,0.147123894,0.005437034,0.005496131,0.005256424,52.78701165,0.005299586,0.010431733,0.016126742,0.003216642,0.003033076,0.007212665,0.005316714,0.016160287,0.086236829,0.153532287,0.010536521,28.63135985,0.014356977,70.33219653,0.125,0.039839977,0.040178473,0.043036598,0.006235236,0.002814717,0.009907285,10.0267068,830.9617677,0.015072088,0.488558625,0.037506283,0.491417289,0.003956615,0.005468217,0.015273108,0.117256637,0.034830531,0.018519033,50.37245743,0.005315901,0.134072981,796.3965746,0.033637069,0.008757072,0.005371902,0.009330966,0.020205824,29.23467595,0.004147281,0.039638787,0.01298722,0.011619512,0.011858982,0.007015629,80.86550557,0.012976814,0.00484388,0.003743035,0.096757041,0.049041816,0.009962134,0.035323714,0.351612278,0.479304432,0.003252053,0.011868141,0.481807372,0.35178281,0.005489896,0.063053097,0.04551271,0.014846149,0.100663717,0.071002658,0.117256637,0.140486726,0.017964788,0.017846619,0.015447595,0.039823009,0.035921081,0.003710807,0.179787251,0.039341286,0.015456058,0.037407973,684.0476844,-0.056294766,0.04093298,0.012392645,-7.1e-05,0.087769975,0.351460342,0.015284386,0.048672566,0.17969449,0.351654798,0.002227318,0.036781156,0.205763736,0.071075222,0.003819111,0.039353995,0.004231783,0.01157483,29.12541657,15.34159588,0.253318584,0.00450406,471.8034366,0.002677242,0.02746497,0.003986582,0.011568885,0.004058197,0.066591164,0.406568511,0.406790851,0.00704902,0.01776728,6.460599832,50.37911582,0.026897025,0.007604046,0.0496753,0.002798292,0.784923796,0.008754892,0.025523737,0.489337796,0.795703152,0.004891665,84.84258506,0.013979387,0.072750032,0.035550463,0.632703334,0.086092435,0.212389381,0.631647806,0.143325953,0.070354219,0.075564043,0.007144701,0.006763821,0.079492406,0.004981491,0.048672566,0.00435182,0.017118394,167.6479539,0.180309735,0.017042596,0.008549813,0.008700645,0.121681416,0.053097345
0,295,0.003515515,0.003013339,27.49260379,0.012409416,0.012424677,12.87427284,0.00364629,0.167035398,0.005894579,0.005915269,0.007798064,35.29826546,0.007884522,0.016550876,0.011138249,0.005032865,0.003332466,0.00432072,0.006089754,0.011139887,0.054437692,0.030952708,0.016794375,23.79586401,0.007879177,144.9278184,0.043141593,0.017611483,0.017893845,0.016624622,0.003618351,0.003185747,0.007247521,12.04041659,527.2461904,0.014179471,0.218428231,0.012694567,0.222003259,0.003677729,0.003373283,0.014172853,0.036504425,0.130763852,0.009569114,146.1398564,0.006089238,0.111094505,561.2907522,0.130079639,0.00708658,0.005992083,0.005489421,0.011574939,25.45624465,0.002926142,0.038339175,0.012396933,0.013136904,0.013727603,0.004409036,73.16128597,0.012212888,0.00372123,0.005075589,0.027304819,0.008158498,0.003167786,0.013614234,0.977444661,0.194634622,0.005205081,0.004503207,0.200758629,0.975834885,0.006018075,0.155973451,0.209095974,0.00869774,0.17920354,0.062530243,0.170353982,0.240044248,0.08206497,0.079600079,0.012227281,0.069690265,0.076922,0.003673497,0.623304644,0.086160182,0.012168402,0.066816788,1080.74905,-0.242203688,0.075453144,0.096957386,-0.001792277,0.040686824,1.1783509,0.013692662,0.028761062,0.624390136,1.178087714,0.002051675,0.078986995,0.022846326,0.062555815,0.005588235,0.08612378,0.003622907,0.006686332,24.02058848,13.54684241,0.244469027,0.003005119,1045.599408,0.002334167,-0.045393293,0.003100154,0.007445568,0.003413544,0.045297947,0.758070431,0.75809227,0.005760493,0.0390053,5.824897849,31.89190119,0.073302875,0.004805767,0.135377264,0.003071507,1.968263435,0.004545434,0.071805905,0.396477952,1.996927644,0.006348237,73.03540114,0.050802884,0.319851445,0.021064547,2.62056577,0.099231167,0.184734513,2.620943392,0.31168753,0.320025769,0.263747592,0.005956975,0.002887842,0.265067833,0.006348106,0.107300885,0.003642517,0.00715614,136.9356365,0.191371681,0.00715985,0.006252555,0.007207336,0.212389381,0.055309735
0,311,0.004756762,0.003105845,37.74718615,0.013514833,0.013573896,13.33773012,0.004635351,0.259955752,0.008319675,0.008356253,0.006683083,48.88527156,0.006680072,0.019083358,0.014898485,0.003976811,0.003465296,0.004609764,0.007770733,0.014895634,0.075732091,0.058178347,0.019210007,35.14134992,0.011403539,70.45848601,0.10840708,0.034242819,0.034374902,0.019858955,0.005513713,0.002998595,0.009281228,12.41700951,780.1133438,0.024123845,0.511119465,0.020073053,0.548001511,0.004469026,0.00465987,0.024935245,0.092920354,0.073824784,0.012554708,140.3943627,0.007786121,0.19898176,822.0383765,0.071946404,0.014446205,0.004742608,0.011447711,0.006877418,25.74298898,0.003486938,0.074428527,0.01257955,0.020439073,0.020428934,0.004339384,79.24262156,0.012529931,0.004239025,0.004004958,0.019995348,0.012811248,0.002586669,0.012795216,0.592513937,0.611205347,0.004313721,0.007047876,0.643435666,0.591451663,0.005911433,0.144911504,0.136283432,0.009662561,0.100663717,0.05725951,0.129424779,0.169247788,0.073513959,0.073219345,0.020264448,0.049778761,0.028242616,0.003599923,0.651947552,0.046258413,0.019907436,0.042810857,825.4503826,0.143062361,0.043004535,0.052455881,3.97e-05,0.061828178,1.385834166,0.009912663,0.112831858,0.654927268,1.385340679,0.002286633,0.032585093,0.021587152,0.057428444,0.004009248,0.047227434,0.003933839,0.013678141,27.27854966,16.1968901,0.17920354,0.006326069,874.3369878,0.003328544,-0.054465011,0.004176119,0.014009298,0.004214849,0.063209362,0.685374065,0.688050281,0.009177951,0.023410171,6.173025123,65.76300198,0.137557969,0.006847596,0.297296924,0.003098532,2.181504853,0.005649182,0.134612577,0.603906725,2.414741765,0.006589924,77.20154224,0.06298539,0.335743532,0.019024663,2.282606437,0.220600269,0.174778761,2.070136264,0.290841719,0.333628564,0.330914776,0.009234453,0.001882864,0.332451992,0.00658628,0.076327434,0.003418686,0.002713971,134.1906416,0.188053097,0.002712158,0.005270716,0.006875474,0.140486726,0.05199115
0,379,0.004267032,0.002056229,37.00699877,0.013848365,0.013844497,12.04942397,0.003065775,0.107300885,0.0068909,0.006910355,0.00617181,49.5327125,0.006179568,0.011699166,0.016523367,0.003255333,0.003079627,0.004114817,0.005776895,0.016775103,0.009008485,0.008027427,0.011843878,26.30885545,0.012431212,51.44289296,0.037610619,0.040475869,0.040766011,0.005152963,0.00436116,0.002423742,0.002415984,10.17004537,37.83623726,0.0282777,0.01284632,0.004371004,0.013128017,0.00503945,0.003347202,0.029035671,0.025442478,0.043919532,0.00389137,67.03234415,0.005810519,0.050705983,28.11255494,0.036832772,0.013025782,0.00504344,0.009948695,0.002666707,31.26992597,0.004526471,0.019258534,0.01036191,0.010248474,0.010540928,0.004506541,12.77125737,0.010196788,0.004852671,0.003047741,0.003529699,0.00413372,0.003026965,0.004894677,0.481032719,0.017850521,0.004066408,0.007011209,0.019948317,0.474483289,0.005127392,0.201327434,0.02925819,0.017209665,0.061946903,0.005552779,0.181415929,0.212389381,0.027894409,0.024585257,0.019519341,0.057522124,0.017001171,0.004172833,0.067123913,0.017666521,0.019055396,0.025749033,581.254706,-0.005370508,0.034125319,0.009556406,0.000571283,0.019831876,0.235654735,0.018695783,0.068584071,0.067117735,0.234481345,0.003210258,0.017547078,0.005052313,0.006013453,0.003110007,0.018766721,0.003090542,0.019376897,37.66980055,15.17960236,0.23119469,0.005589759,722.5825485,0.003024201,-0.029188332,0.004110504,0.019443049,0.004225442,0.026589826,0.353105805,0.353139799,0.008233328,0.009169651,6.904226234,31.67690197,0.019075991,0.011384112,0.028997456,0.00290302,1.334058648,0.005068299,0.018346465,0.293454157,1.336137785,0.005524691,12.63799606,0.009247117,0.112685924,0.002873702,1.504085723,0.059974921,0.204646018,1.502303443,-0.011251967,0.112464717,0.041792363,0.008231309,0.00291045,0.04181183,0.005525892,0.096238938,0.003796118,0.009292592,218.7120823,0.155973451,0.009231727,0.005647526,0.00873131,0.257743363,0.033185841
2,445,0.008030134,0.002592919,80.67175459,0.019118753,0.019526025,19.98383008,0.007061024,0.150442478,0.013596879,0.013621823,0.011438638,80.70225565,0.011433977,0.01681953,0.024188296,0.004219905,0.005533294,0.008807252,0.007351152,0.024244743,0.086153775,0.065568722,0.016857977,45.9466577,0.021465366,207.4435944,0.134955752,0.05446419,0.054434494,0.051312342,0.012816192,0.003364008,0.01195474,15.61674109,363.7966655,0.079065833,0.257626402,0.020174006,0.258613338,0.006814993,0.009817894,0.079039269,0.161504425,0.119631878,0.013530295,188.2728956,0.007510876,0.153210594,217.4527017,0.119076374,0.034311058,0.00894362,0.013546166,0.010250262,33.82094123,0.00288343,0.055693694,0.01949317,0.019494696,0.019578337,0.011614639,111.7830215,0.019213685,0.004276159,0.005426525,0.029138892,0.015873282,0.005639493,0.019548861,0.697094794,0.288238036,0.00423104,0.01692603,0.289041698,0.690371961,0.009091136,0.139380531,0.317307387,0.016234526,0.127212389,0.101970715,0.128318584,0.127212389,0.096046824,0.096088386,0.02463784,0.100663717,0.117487335,0.004779454,0.52212664,0.125764504,0.024091123,0.150973697,987.3853369,0.001570015,0.157215334,0.05694753,0.001095413,0.057389578,0.971269551,0.016315891,0.175884956,0.521955665,0.971245837,0.002408362,0.121565717,0.054714117,0.103059339,0.005548371,0.1299608,0.005068704,0.018101787,22.57827977,25.65904584,0.202433628,0.006722586,1088.272528,0.003258132,0.012529587,0.004213108,0.01830926,0.004211355,0.189854087,0.837605756,0.839981356,0.014530205,0.141542801,8.005788634,57.67375793,0.144382768,0.009047106,0.385135299,0.003892076,1.271889615,0.007590646,0.1419029,0.65090503,1.344508272,0.008290178,73.35493069,0.140412112,0.215763069,0.050746858,1.747710854,0.169114476,0.154867257,1.661966427,0.116535469,0.215032223,0.269212907,0.01465283,0.006763841,0.269341139,0.008321403,0.120575221,0.005058085,0.014065406,95.15894919,0.132743363,0.014071047,0.006403575,0.011454762,0.157079646,0.046460177
1,398,0.023376538,0.010397659,429.1846935,0.248513746,0.252159993,67.05900817,0.023918425,0.043141593,0.044053673,0.044457431,0.051353587,26.30273799,0.05202527,0.16007273,0.012248009,0.028549818,0.019959449,0.03193683,0.045420473,0.012251113,0.015512136,0.027921713,0.160038018,429.0002769,0.005465822,46.89265681,0.150442478,0.014739774,0.014860735,0.007060133,0.003737875,0.016619846,0.003177897,76.37720467,386.6709721,0.383521981,0.123163171,0.005365346,0.12616545,0.021005434,0.027297835,0.396575906,0.167035398,0.026127511,0.004961161,39.68854028,0.04746927,0.018870871,347.4446122,0.025728651,0.057047647,0.004408931,0.063639616,0.004956406,22.97329344,0.010622606,0.008364381,0.347290551,0.152125217,0.153268146,0.002731169,38.38058104,0.345732736,0.00600898,0.033514675,0.017315603,0.006937506,0.021027291,0.009494566,0.302282107,0.125902533,0.028534465,0.00873178,0.12587673,0.300708088,0.004441131,0.132743363,0.029049441,0.008598558,0.126106195,0.032223339,0.151548673,0.066371681,0.014831916,0.014829226,0.377838758,0.034292035,0.019476459,0.019523483,0.019461765,0.019733697,0.378047827,0.028674093,433.4923735,-0.005482789,0.028951372,0.00907015,0.001168908,0.012544286,0.062832285,0.009730696,0.146017699,0.019506971,0.062363222,0.005651369,0.0264981,0.009456327,0.033946772,0.034265773,0.020808929,0.003275959,0.012485065,26.55135316,10.7003365,0.227876106,0.015561313,388.6228108,0.006151931,0.033913098,0.010747979,0.01273303,0.010936417,0.059962707,0.225302361,0.225723332,0.005565878,0.025986219,17.77697843,24.16087712,0.024111155,0.012488406,0.011934501,0.017055419,0.417126516,0.003880605,0.024098566,0.240317985,0.422980573,0.059578407,43.66506885,0.012741738,0.069682555,0.014617282,1.800742034,0.016402231,0.188053097,1.801218215,0.218966228,0.069445456,0.031318214,0.005582588,0.015632228,0.037344962,0.061327988,0.048672566,0.005407695,0.278189724,191.5317037,0.091814159,0.268782283,0.003915359,0.00478388,0.044247788,0.118362832
2,222,0.143018744,0.014480743,410.4642234,0.372003282,0.371846013,63.26840076,0.03115012,0.097345133,0.02153256,0.021521771,0.036201172,266.5023753,0.03621765,0.08136795,0.056873493,0.031660866,0.021516858,0.113650095,0.040890432,0.057136537,0.125838987,0.35910063,0.081336286,583.5522129,0.081142364,267.3132948,0.113938053,0.23287458,0.232792178,0.096414585,0.020035613,0.01400657,0.02514105,92.56182097,998.8778275,0.122207363,1.030665973,0.041856122,1.039681231,0.017027047,0.048401357,0.122164867,0.155973451,0.112792821,0.049241284,205.4279351,0.040947631,0.130118966,1500.089681,0.112851203,0.051291224,0.014791178,0.166704437,0.02615322,109.4978465,0.015434971,0.073067852,0.295974519,0.121876474,0.121915531,0.018044302,215.6830966,0.296087265,0.024797212,0.024315385,0.09094084,0.065528889,0.003960342,0.059008994,0.771268764,0.56348908,0.031710643,0.057553974,0.576682751,0.771308755,0.014995068,0.107300885,0.221773849,0.033425641,0.136061947,0.116921995,0.115044248,0.153761062,0.062296959,0.062330148,0.447615731,0.109513274,0.141096355,0.028342278,0.431555212,0.092719682,0.447860137,0.215000499,1463.673328,0.232871956,0.215177656,0.052663888,-0.00129182,0.050176783,0.824291187,0.033410283,0.133849558,0.432330161,0.824496756,0.002939936,0.141150302,0.112110878,0.117255992,0.024332433,0.095028692,0.007990404,0.03534907,76.44867597,48.04308632,0.147123894,0.006090988,1225.305673,0.00407654,-0.02447894,0.00514487,0.036073064,0.005162326,0.37888903,0.714814401,0.714597138,0.020620756,0.123986742,10.8451685,421.1305999,0.106425296,0.16190547,0.221704905,0.034900817,1.775215814,0.046148958,0.103363234,1.183174731,1.835092896,0.064634622,262.2977339,0.057705822,0.217870452,0.066983246,2.788534662,0.147942036,0.139380531,2.787433039,0.138860754,0.21188224,0.224010648,0.02065895,0.004669905,0.224019345,0.064600435,0.090707965,0.020398335,0.014054638,514.6288565,0.138274336,0.014062123,0.017926493,0.029989311,0.138274336,0.123893805
2,16,0.028670664,0.005131846,129.3702248,0.058414494,0.058422691,31.36444725,0.023909059,0.147123894,0.023748342,0.023777458,0.013233557,128.4431599,0.013284688,0.048222395,0.054839744,0.006134177,0.009359483,0.019103806,0.016607427,0.054986114,0.050320265,0.108728861,0.048210949,88.03309305,0.042642556,228.9219864,0.05420354,0.092930476,0.09298663,0.024281353,0.024914827,0.006908101,0.008177591,29.44518376,299.9789212,0.06858153,0.253828591,0.02004704,0.255654914,0.018514307,0.014978178,0.070886088,0.241150442,0.158918148,0.013838691,217.7123181,0.01660588,0.099808905,205.6501251,0.155900099,0.037529756,0.011452561,0.031215986,0.009656571,123.9589904,0.008727341,0.039731235,0.039762679,0.033875365,0.034192464,0.013288299,71.63446568,0.039781893,0.01274095,0.00718302,0.025157539,0.021178305,0.009279852,0.030821656,0.899921755,0.307180698,0.006369742,0.032666088,0.309852221,0.900334362,0.011447402,0.17699115,0.187434183,0.076996161,0.086283186,0.048670588,0.196902655,0.23119469,0.123903745,0.123971433,0.057699423,0.047566372,0.107727412,0.015766394,0.227570816,0.108610622,0.057606212,0.156422501,1435.269214,0.007061078,0.156919585,0.080481472,0.000944331,0.058274041,0.926657083,0.081539825,0.219026549,0.227511558,0.927013935,0.010111968,0.111346203,0.019940156,0.048786741,0.007228759,0.111736028,0.007283471,0.110737867,108.8136396,34.48247611,0.223451327,0.017632289,1504.046024,0.008745938,-0.053008889,0.012666547,0.110706585,0.012668335,0.202505299,1.051446272,1.051358647,0.018979745,0.077854769,26.09697482,223.6387213,0.110139259,0.03155561,0.136106581,0.011831511,1.562738304,0.025906212,0.109985281,1.092811682,1.604658242,0.017605982,96.39316877,0.08533622,0.275922118,0.030232949,1.77408318,0.099551691,0.103982301,1.769448976,0.142843855,0.276066107,0.23956323,0.019291828,0.007088204,0.239862502,0.017612816,0.157079646,0.011643513,0.016406558,445.4967949,0.170353982,0.016355885,0.013813106,0.017825013,0.256637168,0.036504425
1,219,0.008101051,0.005044573,52.15417006,0.022485272,0.022646271,26.26020067,0.008512591,0.105088496,0.014304465,0.014348984,0.016795505,49.25059568,0.016786512,0.018827147,0.016427915,0.008563467,0.007269006,0.009196209,0.014589253,0.016430043,0.181958318,0.195784049,0.018897361,61.8103137,0.019272943,221.0977909,0.081858407,0.038731036,0.038846764,0.063572871,0.007556735,0.004742674,0.039110532,25.37697273,604.5464654,0.036388746,0.470071084,0.053474206,0.47104799,0.009899148,0.012844747,0.036609175,0.178097345,0.131200325,0.037606553,202.0704722,0.014586444,0.097763958,598.0382145,0.1300684,0.019015334,0.005300659,0.024509197,0.032456088,50.86111187,0.008691409,0.04825321,0.022295436,0.023273941,0.023265535,0.006667194,152.1205395,0.022287477,0.017492967,0.007659638,0.110674641,0.0470787,0.040420026,0.064689909,0.704074145,0.525376602,0.008586057,0.025456792,0.52636195,0.70413445,0.00607621,0.126106195,0.205866939,0.034892498,0.116150442,0.150907588,0.128318584,0.10619469,0.085303907,0.085109153,0.041362015,0.046460177,0.195250946,0.011383771,0.727311236,0.122941022,0.041261789,0.177458248,1318.786254,-0.017486152,0.178883739,0.054515245,-0.001375927,0.062263496,0.588346049,0.035027582,0.183628319,0.728476093,0.588638666,0.036477663,0.195635994,0.083120458,0.151464214,0.007659213,0.129337451,0.00442003,0.038451162,50.34339146,17.90318673,0.210176991,0.127228586,1256.3905,0.040049207,0.026988867,0.091540392,0.038434226,0.091498724,0.28112901,1.162608407,1.168951881,0.009602288,0.128556736,79.17382117,64.76680183,0.172780487,0.028317728,0.200962165,0.006774154,1.818604759,0.008955921,0.167043881,1.366116381,1.818211605,0.014856101,158.893413,0.055498789,0.374189443,0.083083227,1.878406951,0.113768659,0.097345133,1.838734788,0.29355026,0.359598947,0.283866198,0.009868782,0.034329008,0.285970562,0.01484993,0.162610619,0.013783972,0.050996584,260.5158204,0.183628319,0.051024776,0.007721512,0.008833125,0.165929204,0.14380531
1,393,0.014053686,0.003887592,58.73184816,0.027366534,0.027484967,17.79137479,0.010422275,0.181415929,0.010451758,0.010452366,0.007651518,86.54329784,0.007649496,0.02123368,0.046672244,0.006462975,0.003986022,0.007175447,0.007078355,0.046748988,0.030853182,0.029761935,0.021228522,39.08138515,0.021267372,88.10664371,0.126106195,0.044475477,0.044670378,0.018428547,0.026839093,0.003169174,0.004558097,12.37553997,524.7296511,0.031480253,0.272538336,0.006604066,0.2746066,0.005459344,0.007929904,0.031463573,0.17920354,0.052376434,0.005825138,77.82079547,0.007079694,0.102879487,640.6254653,0.052106218,0.017136225,0.01314057,0.017436148,0.004575843,15.12200605,0.003979032,0.028750401,0.01364506,0.015151675,0.015178882,0.011121173,48.21752839,0.013497572,0.004263402,0.004763955,0.019679664,0.006874118,0.00603994,0.007639863,0.578588553,0.144192176,0.006483896,0.007446486,0.144134369,0.577877249,0.013398147,0.098451327,0.100926687,0.006493946,0.096238938,0.024635645,0.129424779,0.138274336,0.034949871,0.033229435,0.027040467,0.038716814,0.067871703,0.004565364,0.20869645,0.035978161,0.02705061,0.062004005,903.7853247,-0.080317549,0.062011587,0.022881377,-0.001255789,0.04019266,0.575722145,0.006504842,0.202433628,0.208581138,0.575801196,0.002100739,0.06974878,0.021076819,0.025343719,0.005211798,0.036137381,0.007844052,0.007821975,15.70327503,35.97842693,0.189159292,0.004973916,737.229699,0.003458243,0.015943032,0.003122767,0.00781954,0.003167968,0.124461869,0.453404961,0.456054914,0.019355769,0.056516253,5.875196576,31.72361289,0.046527247,0.009843829,0.108766081,0.002714084,2.133948658,0.004246525,0.045494462,0.805588278,2.142408157,0.005157745,62.707389,0.031728353,0.15063129,0.015374316,2.135404729,0.162380223,0.174778761,2.134897545,0.312359361,0.139129776,0.079488747,0.019431844,0.002764439,0.08499671,0.005272728,0.080752212,0.003454066,0.004842952,88.85557344,0.180309735,0.004833823,0.010509866,0.01528282,0.091814159,0.085176991
0,416,0.006622305,0.003334136,43.79314204,0.016656438,0.017008805,16.76906135,0.005327746,0.168141593,0.009206378,0.009203622,0.009137299,44.71798478,0.009134984,0.016510532,0.013599118,0.005438327,0.005964559,0.006983816,0.007533021,0.014058554,0.068798952,0.055950702,0.016584385,40.25127315,0.013192261,87.73968891,0.139380531,0.029966693,0.030779377,0.064885499,0.008849789,0.003252413,0.009591115,14.22349224,465.6044005,0.029256801,0.255272195,0.013147118,0.258948414,0.005749358,0.005508236,0.029243451,0.129424779,0.074778182,0.016752028,100.2024899,0.007530709,0.08058561,421.3110367,0.073171422,0.01692037,0.004292222,0.014128355,0.009141245,25.94016581,0.008548789,0.0311498,0.018325662,0.012731114,0.012800022,0.005169783,67.45486578,0.017662311,0.0117659,0.004992113,0.019800018,0.013266137,0.003826074,0.01837772,0.555625519,0.276641644,0.005642036,0.012926881,0.286746393,0.55564804,0.004605349,0.136061947,0.133443491,0.011771822,0.08960177,0.041975363,0.181415929,0.165929204,0.067814664,0.067339715,0.026021309,0.084070796,0.04027613,0.004588965,0.189222622,0.049129164,0.026029683,0.060354505,885.4238411,0.137652808,0.060386266,0.02577365,-0.002606688,0.027033043,0.851081027,0.011924406,0.157079646,0.19052498,0.850044484,0.00389263,0.040755159,0.021991392,0.042765163,0.005073049,0.050465582,0.003640596,0.014693285,26.52214991,14.49653128,0.243362832,0.009001234,741.1942857,0.004138909,-0.004267214,0.006297905,0.015304916,0.006431822,0.095597454,0.569073238,0.581767683,0.007763192,0.033664487,9.086528959,45.77638904,0.046494404,0.012364966,0.156390292,0.003746168,1.276245638,0.009023703,0.046498508,0.556286864,1.275545515,0.007405093,58.18346988,0.035079877,0.181880146,0.025691701,1.283996569,0.091975272,0.193584071,1.282051926,0.065339162,0.175458893,0.163524272,0.007971415,0.002957878,0.167100289,0.007427904,0.096238938,0.004476498,0.006188609,149.4314724,0.183628319,0.006152108,0.005211846,0.007375863,0.191371681,0.045353982
1,71,0.004092606,0.002953661,48.25632756,0.011443419,0.011445775,18.02341005,0.007694861,0.103982301,0.011635257,0.011644212,0.006079637,295.0868924,0.00607826,0.027450262,0.099968387,0.007139035,0.002367124,0.312211304,0.133979148,0.100068448,0.028531702,0.258002982,0.027476017,1469.668542,0.053493138,577.7586773,0.082964602,0.210808519,0.210692609,0.014282035,0.022233329,0.053899849,0.00628501,207.957625,442.6983543,0.027816748,0.774190072,0.014573689,0.774057853,0.003832858,0.119071191,0.02797307,0.103982301,0.0840111,0.006575362,88.38823634,0.134745724,0.054482669,1420.809344,0.083456729,0.011628093,0.028794038,0.334121853,0.042246971,422.9590749,0.00978016,0.014598447,1.046136065,0.249985724,0.249976045,0.018233835,143.8292574,1.046682051,0.009311857,0.074293215,0.162536345,0.050690339,0.016825299,0.083673967,0.477457673,0.231240333,0.00732699,0.133763325,0.24100416,0.475509207,0.028778164,0.091814159,0.080770414,0.101734494,0.067477876,0.110457786,0.08960177,0.046460177,0.035347629,0.035359252,0.676423407,0.025442478,0.194989751,0.101518698,0.157066284,0.18105573,0.676689978,0.493240813,2859.372329,-0.027070146,0.493052787,0.038953797,-0.003560035,0.015741726,0.583452687,0.103464152,0.061946903,0.158227251,0.583651711,0.204037851,0.206228819,0.238558674,0.132701715,0.077785214,0.184000874,0.00909062,0.323316762,84.43835128,61.52723876,0.112831858,0.704598607,856.3609712,0.378835374,0.000611861,0.506528964,0.351655738,0.506461727,0.748751169,0.532838093,0.544756904,0.036090453,0.093541516,656.114376,432.1032573,0.0422925,0.027540403,0.159470723,0.049977709,1.275610794,0.045191021,0.041595517,2.397265854,1.390811098,0.086986344,286.3388226,0.043304036,0.079486335,0.018297604,1.315459105,0.353121769,0.076327434,1.315597137,0.232041599,0.077465329,0.234086965,0.036075682,0.015186137,0.234000455,0.087207198,0.071902655,0.047465764,0.043233942,513.6252688,0.128318584,0.042921307,0.005571083,0.016160228,0.098451327,0.085176991
2,200,0.019513167,0.009313286,118.0074229,0.045309942,0.045338788,44.33478159,0.01932502,0.100663717,0.027432656,0.027417571,0.02038735,244.4608028,0.020500694,0.055826909,0.090141153,0.014741253,0.010683375,0.036106764,0.025464564,0.092390678,0.075927899,0.11790354,0.055884231,132.728652,0.069838814,137.9526761,0.100663717,0.194336073,0.194266661,0.042964207,0.029338558,0.01009267,0.012443055,51.22899592,399.1566398,0.06649979,0.352194681,0.031545762,0.352062085,0.018211782,0.015628613,0.06661732,0.180309735,0.112103681,0.024797555,129.2568177,0.025509383,0.080667102,497.3651136,0.111133773,0.032105749,0.022788961,0.028730062,0.018404744,50.98632069,0.009401627,0.045311716,0.091022545,0.048227132,0.048201217,0.017238446,120.1586066,0.091060137,0.01045853,0.015885058,0.037854034,0.026897773,0.006039969,0.041280397,0.516615558,0.209524418,0.014734386,0.015101245,0.211045185,0.502669835,0.022959866,0.14159292,0.15249507,0.019753211,0.161504425,0.089908119,0.130530973,0.157079646,0.052794413,0.052811016,0.051455653,0.084070796,0.088114915,0.01644975,0.498970122,0.055072854,0.051478084,0.078473556,713.3090722,0.123427497,0.078719465,0.042606607,-0.000575211,0.056520197,1.44186521,0.020348937,0.173672566,0.516617151,1.438800869,0.016688067,0.088069258,0.049238698,0.097479608,0.015981971,0.055769544,0.011290305,0.02319789,45.42316717,62.11175243,0.167035398,0.048838314,775.9806628,0.006793158,-0.003567996,0.03632511,0.023187245,0.036409049,0.129608883,0.735208667,0.73806939,0.040113836,0.033285756,33.01385714,203.0376254,0.06775707,0.021044154,0.169682538,0.015430664,1.413847419,0.031607267,0.067036438,0.604898145,1.445891364,0.030900795,149.8700748,0.046093112,0.277271533,0.029251822,1.662694644,0.125105214,0.142699115,1.621482407,0.074802532,0.229773634,0.339879703,0.040103688,0.00408246,0.339739371,0.030885941,0.087389381,0.012287718,0.012288432,191.1420675,0.152654867,0.012273119,0.016245333,0.027233875,0.154867257,0.10619469
0,204,0.003125376,0.001812278,21.01106288,0.009530607,0.012069368,23.70853263,0.002208008,0.210176991,0.00498447,0.00889758,0.005481533,25.35193007,0.006489391,0.006344662,0.008737911,0.006577457,0.00238665,0.003007976,0.004292867,0.010238461,0.01996864,0.021056728,0.006404646,18.87406638,0.008326087,19.22583268,0.040929204,0.014243551,0.014721294,0.010003877,0.003776593,0.002160704,0.003329042,9.145833316,193.8535,0.009944467,0.160575172,0.005703464,0.166178432,0.002367282,0.002694913,0.010848052,0.222345133,0.014267846,0.005429121,26.10167901,0.005114744,0.032373643,200.34124,0.013339493,0.005123368,0.003898246,0.005266481,0.003482428,47.61503431,0.029138517,0.014263169,0.009009755,0.007154933,0.00715201,0.003265322,56.11691346,0.008875757,0.007370546,0.003013809,0.011375455,0.00567043,0.002011518,0.006288022,0.021330999,0.193782422,0.014956898,0.153301037,0.196094407,0.017582194,0.0080723,0.122787611,0.012141606,0.043968621,0.131637168,0.030020609,0.138274336,0.042035398,0.012905903,0.008464286,0.010626812,0.006637168,0.008905635,0.002582695,0.351682926,0.006327937,0.010488493,0.009958461,165.0870094,0.030716833,0.012308413,0.005427962,0.001495404,0.016231142,1.512302141,0.044550355,0.03539823,0.353285595,1.512320728,0.036493266,0.008921329,0.008491304,0.032413372,0.00315545,0.006398812,0.00269099,0.05711323,47.08434851,21.44729571,0.042035398,0.029715228,153.2289692,0.022609682,-0.032297245,0.057432781,0.05713205,0.057576009,0.016327853,0.063716722,0.141450305,0.007860076,0.004349182,42.34763896,30.42506354,0.009528752,0.035746528,0.136986899,0.002268841,0.758608132,0.004993541,0.009533637,0.057100713,0.783295907,0.004518327,40.09454909,0.004073807,0.253968452,0.007533822,0.821400797,0.050778465,0.047566372,0.821808564,0.087816461,0.252402568,0.248144425,0.012056296,0.001884113,0.270912495,0.004535586,0.058628319,0.025833619,0.004000734,215.3461085,0.164823009,0.004002208,0.005316323,0.007058493,0.162610619,0.097345133
0,251,0.007415542,0.002897417,86.96088496,0.140672099,0.142999699,26.09787721,0.00671452,0.155973451,0.011350611,0.011352402,0.029333838,110.5935287,0.029977971,0.039757671,0.054442774,0.019929305,0.00346201,0.009125094,0.007796777,0.054943437,0.034080491,0.020766004,0.042450971,67.40602992,0.016052707,52.45747356,0.029867257,0.093281228,0.096275975,0.011187879,0.00919353,0.003039354,0.005103211,19.72658257,139.7188635,0.097924878,0.071007008,0.008334654,0.071607711,0.003176342,0.008226388,0.100751581,0.047566372,0.054850601,0.008415307,71.40940958,0.007830106,0.160249419,74.54156269,0.054874543,0.012287535,0.023623467,0.013135607,0.003427202,25.43737283,0.003106022,0.071556537,0.098445461,0.05560453,0.056302233,0.01080842,30.03240783,0.097064963,0.004624449,0.016567828,0.007504805,0.005429794,0.003437036,0.005261244,0.719359993,0.183632211,0.022522406,0.00899597,0.187110969,0.707925588,0.023767107,0.170353982,0.062672203,0.008622396,0.137168142,0.032151889,0.209070796,0.180309735,0.046015241,0.045505723,0.062121331,0.078539823,0.014805065,0.003681128,0.609654336,0.020310783,0.060297373,0.026076578,548.264698,0.010605157,0.033779792,0.013642167,0.000511357,0.06348359,1.489398776,0.010387565,0.150442478,0.609336965,1.487809211,0.002639672,0.020073645,0.010386498,0.032518398,0.018059589,0.023233753,0.004042705,0.009418743,23.94112285,32.21254792,0.173672566,0.00570545,574.9401149,0.003141208,0.04379489,0.003814771,0.011313514,0.003884187,0.024906162,0.564611158,0.566720672,0.020073546,0.022022604,8.454443976,154.2557155,0.054153003,0.008579306,0.361832924,0.00360701,1.908026439,0.020481127,0.053069062,0.387869861,1.907033787,0.024305566,23.82110608,0.034530597,0.516786518,0.01724457,1.770193999,0.207839257,0.186946903,1.752364021,0.046213655,0.504997942,0.325140297,0.020116485,0.003005582,0.345512401,0.024831859,0.113938053,0.002494945,0.009866597,151.1553558,0.165929204,0.009848947,0.005794864,0.030387152,0.162610619,0.05199115
1,49,0.006086319,0.003572027,48.568282,0.01553871,0.016019086,16.62390303,0.004828001,0.147123894,0.008478123,0.008484233,0.009323422,69.98588173,0.00933037,0.014294986,0.024477834,0.005073267,0.004529465,0.005881604,0.0081445,0.024485176,0.068460933,0.04001982,0.016637238,38.15208736,0.018128514,180.7844181,0.078539823,0.056837726,0.056816026,0.018631148,0.006677141,0.003529639,0.006569276,15.66056851,331.0040745,0.036347831,0.256226159,0.01612903,0.262144192,0.005755922,0.006165593,0.036623003,0.192477876,0.10765078,0.010564075,168.4218409,0.008158957,0.097584465,399.988892,0.107703986,0.018552448,0.008298486,0.011810059,0.005346839,22.9422046,0.00406435,0.051737178,0.017326624,0.015603242,0.015838225,0.00520276,72.05050003,0.01684516,0.005548252,0.005115576,0.02197006,0.009425514,0.003195969,0.014802966,0.542363656,0.213049361,0.00541225,0.007430397,0.214726494,0.541724238,0.008295782,0.154867257,0.162159268,0.00874517,0.101769912,0.045907097,0.146017699,0.200221239,0.091349714,0.091391517,0.020454509,0.05199115,0.098669585,0.005097997,0.689105327,0.101721777,0.020462625,0.141952152,1005.590764,0.031648084,0.142132781,0.048380888,-0.001500812,0.054238047,1.572413483,0.009436964,0.137168142,0.688875622,1.573169451,0.002158588,0.098661774,0.024882112,0.045882499,0.005311578,0.101694947,0.004932055,0.011018088,31.35823741,24.16695634,0.189159292,0.004079682,1146.726777,0.002278925,-0.054858247,0.0030865,0.011017282,0.003205822,0.166941414,1.014700812,1.019625378,0.0148592,0.049962608,7.186962362,74.52322313,0.096024316,0.008030658,0.22562252,0.00397453,1.644838925,0.007856966,0.096073928,0.649455465,1.771019476,0.008664601,88.56189621,0.044794185,0.260155666,0.020568935,1.956363452,0.134081152,0.132743363,1.828495106,0.170059681,0.251342363,0.414187865,0.015004689,0.002979508,0.414631863,0.008749848,0.116150442,0.004010947,0.006417848,85.90476197,0.163716814,0.006362679,0.007640232,0.010516852,0.183628319,0.05420354
1,305,0.005377,0.003022845,34.24263907,0.013280319,0.013321668,14.55657571,0.004408403,0.128318584,0.006991651,0.007098255,0.007680563,75.34353624,0.007676969,0.011976269,0.019074422,0.005139154,0.00338067,0.004792794,0.005570272,0.019089947,0.043167446,0.035257141,0.012034453,28.00936953,0.02884107,133.1591659,0.049778761,0.070652017,0.070631769,0.019802665,0.01101413,0.002693457,0.005976951,11.72408417,376.456743,0.023276087,0.117903606,0.012791956,0.118516825,0.003503215,0.003190265,0.023388355,0.14380531,0.080753301,0.00776922,119.2365683,0.005567194,0.067397222,266.585661,0.080570892,0.011092436,0.006861612,0.00809613,0.006717189,33.4426387,0.005005668,0.026309032,0.014058176,0.009623375,0.009840624,0.00667772,76.00475801,0.013787174,0.005963566,0.004757365,0.024118541,0.00905021,0.004719813,0.012860324,0.60598632,0.329614922,0.005541595,0.011456481,0.339217277,0.603082486,0.007733533,0.169247788,0.086632965,0.016849757,0.115044248,0.058962738,0.138274336,0.172566372,0.064872654,0.064907754,0.015888537,0.066371681,0.099889248,0.003480336,0.437512356,0.090459243,0.015476954,0.085098016,887.163078,0.008766507,0.085719053,0.023297097,-0.001824712,0.021648933,0.740249078,0.017074581,0.125,0.437876806,0.74040925,0.005398207,0.099990268,0.019815542,0.059134669,0.004763928,0.090775916,0.00410866,0.018747312,33.36915732,21.3730929,0.185840708,0.015900386,1001.469383,0.004420735,-0.051472061,0.010828612,0.018869012,0.010972084,0.090956275,0.762371057,0.766963873,0.008818246,0.037904047,12.43319928,34.44466328,0.065489459,0.011001241,0.134169286,0.002559483,1.787739959,0.004020303,0.065328086,0.830528716,1.851274882,0.006640257,73.42162376,0.036785467,0.164096175,0.022214445,1.759872888,0.068862504,0.153761062,1.699295081,0.165027848,0.163512271,0.213362249,0.009247719,0.006089057,0.216454691,0.006641646,0.092920354,0.005271979,0.016668243,205.4252731,0.150442478,0.016561912,0.008985096,0.012763723,0.164823009,0.042035398
1,239,0.009497597,0.004277106,50.47819305,0.019286202,0.019289598,20.3801265,0.010326904,0.08960177,0.010470484,0.010582488,0.011233305,101.6912143,0.011294597,0.022459033,0.03881775,0.006845757,0.006032511,0.01625611,0.012456856,0.038928577,0.215641887,0.225700863,0.022475486,70.31246616,0.032710188,108.5979502,0.136061947,0.083786969,0.083757202,0.070238799,0.02126916,0.005725935,0.028156503,24.40500277,934.2881911,0.029611776,0.722399955,0.053802591,0.722108902,0.006992248,0.009641843,0.029599307,0.17699115,0.069695546,0.044748136,129.0032046,0.01252535,0.023937971,914.1161304,0.068697288,0.018659125,0.022398341,0.024721778,0.035842753,45.87984106,0.006192812,0.014950065,0.033831173,0.024763942,0.025068449,0.01844957,155.6058971,0.033614987,0.009040722,0.008501868,0.062637968,0.037700457,0.008234525,0.050789939,0.242294304,0.631962252,0.00712094,0.015108768,0.632464321,0.232162971,0.022427853,0.092920354,0.149583811,0.017348899,0.207964602,0.104877854,0.120575221,0.136061947,0.062276466,0.061102039,0.04291676,0.126106195,0.048062074,0.010167101,0.109818797,0.051720123,0.042687157,0.059610963,521.6978581,0.106086206,0.061510171,0.050513356,-0.002138642,0.019786743,0.485003348,0.017731989,0.150442478,0.109777972,0.485176486,0.003088474,0.048124334,0.095936095,0.105032354,0.008520651,0.052102798,0.012974228,0.022926952,31.27750653,48.70998711,0.19579646,0.007051648,550.4146651,0.004034417,0.002636619,0.005571325,0.022914655,0.005744905,0.142618951,0.396235022,0.396183252,0.021103113,0.039680854,10.01874663,155.1341564,0.078085009,0.014424524,0.077105935,0.007417127,0.521838458,0.021073038,0.07768319,0.369118685,0.521650391,0.013224207,161.1746494,0.05409636,0.088995185,0.054247184,0.427505292,0.029720146,0.196902655,0.427709811,0.090788672,0.088926458,0.157533039,0.021203854,0.009593657,0.157871575,0.013229815,0.053097345,0.010810841,0.04235346,160.6591953,0.203539823,0.042301393,0.017421873,0.030508914,0.120575221,0.111725664
2,24,0.005136617,0.002719017,24.70656004,0.009835702,0.009924515,10.12053512,0.003666331,0.174778761,0.005773833,0.006039385,0.004891646,31.21382747,0.004903468,0.008877747,0.011816001,0.003166533,0.002863453,0.006329962,0.005004335,0.011926041,0.022503069,0.018440417,0.009022206,25.25673661,0.010135147,153.9303893,0.095132743,0.023708556,0.023695998,0.010361209,0.004432775,0.00262677,0.003877405,10.55427829,274.1322791,0.014809777,0.111676295,0.009212882,0.112863916,0.005194198,0.004256858,0.015568824,0.17920354,0.096127296,0.005639894,116.249242,0.005008094,0.056200376,113.1177094,0.096038681,0.009858335,0.003530135,0.007821506,0.003604727,34.29752619,0.00429177,0.021462579,0.011742285,0.010265591,0.011532559,0.004140459,47.52798408,0.01160019,0.005131389,0.003375134,0.012056245,0.005949776,0.002889029,0.007506845,0.585918469,0.214686478,0.003233412,0.010560576,0.218862349,0.583117871,0.0043342,0.185840708,0.179816555,0.019695546,0.110619469,0.033438195,0.147123894,0.190265487,0.044587091,0.043662191,0.01214044,0.055309735,0.067798039,0.004442594,0.141230276,0.096453984,0.012079573,0.126946756,1145.426582,0.00825587,0.127868633,0.065151175,4.76e-05,0.023905832,0.357897095,0.020439308,0.191371681,0.141955726,0.358089744,0.004532867,0.069941616,0.012636283,0.033793182,0.004595329,0.097121197,0.003003932,0.022516482,40.06684224,11.14919554,0.203539823,0.011341283,1143.81487,0.007221288,0.000602106,0.008254027,0.022515716,0.008340876,0.15457062,0.960336304,0.975145251,0.004732376,0.054479475,14.44474876,32.54800808,0.063137782,0.012321243,0.034412945,0.00319569,1.039208665,0.004718462,0.063093894,1.246825637,1.059721047,0.004989448,30.65841092,0.052490413,0.051352979,0.015842839,1.149854177,0.074747096,0.109513274,1.071824963,0.164940595,0.042942275,0.096910084,0.005506679,0.002745316,0.09916077,0.00501351,0.097345133,0.004368978,0.004916014,198.8129881,0.213495575,0.004790475,0.005116912,0.005861247,0.243362832,0.065265487
0,230,0.005096018,0.002929029,33.99991945,0.013325152,0.014087961,13.51463508,0.004867111,0.161504425,0.00699955,0.007139696,0.006188713,52.04631089,0.00618536,0.011787804,0.013731848,0.005120313,0.003068847,0.010390066,0.010098121,0.014161986,0.038083817,0.025909158,0.012344221,53.05384012,0.015206993,108.1484762,0.090707965,0.041800537,0.041824768,0.008123129,0.005908741,0.004688506,0.004593337,17.62210867,166.6550198,0.020460631,0.074566467,0.010941437,0.078509738,0.00481614,0.009422324,0.020783989,0.092920354,0.071806962,0.006161757,123.2406462,0.010203837,0.052834317,135.4417188,0.071553349,0.012680894,0.006751139,0.015723423,0.004596061,27.19283727,0.003633561,0.024141875,0.022673598,0.022835181,0.022852021,0.005295012,31.19626086,0.022673585,0.004225301,0.008130791,0.014180721,0.006161484,0.003123897,0.007384049,0.546953245,0.129731071,0.00539356,0.007670332,0.136324516,0.545338847,0.006752226,0.134955752,0.117171917,0.010120985,0.081858407,0.027941213,0.191371681,0.163716814,0.05617763,0.056186051,0.028778844,0.028761062,0.056282344,0.005966639,0.209791004,0.057487515,0.028681934,0.063187453,1097.087033,0.001364067,0.063258304,0.03048166,-0.000899982,0.018867687,0.711478691,0.01430073,0.063053097,0.210823979,0.711809716,0.005872151,0.056883003,0.015671146,0.0280153,0.008132407,0.059358602,0.004094465,0.011424695,24.93007198,17.63598489,0.203539823,0.018118652,942.3352721,0.004340051,-0.061902037,0.010575104,0.012208115,0.010643237,0.130113132,0.59421558,0.594472755,0.008996648,0.041281669,14.42245367,80.82376645,0.073181253,0.005494646,0.094375126,0.003454484,0.731400458,0.010023227,0.068303627,0.618292408,0.753930787,0.006038692,38.6563473,0.031903636,0.13798275,0.014294167,1.119591176,0.058506697,0.19800885,1.112945753,0.063832519,0.129402546,0.1401536,0.010094238,0.003390813,0.148867883,0.006301033,0.127212389,0.00468688,0.007152759,107.1498817,0.201327434,0.00715646,0.005597706,0.007874916,0.142699115,0.057522124
0,165,0.00481157,0.00260363,21.51565546,0.009610108,0.009784234,11.18166576,0.003442631,0.289823009,0.004017779,0.00451483,0.004755329,29.34052026,0.004820894,0.009920479,0.011240133,0.004765561,0.002233514,0.003875164,0.00379982,0.011247616,0.008807799,0.008772451,0.011254878,20.69826373,0.007560459,32.17262556,0.0,0.016776166,0.016821838,0.005564539,0.004685273,0.002421993,0.001961782,30.46468112,27.45117468,0.009468453,0.018500244,0.004477117,0.018590623,0.002448982,0.002505863,0.009703848,0.005530973,0.016310136,0.00303859,48.16140727,0.020442743,0.015621901,26.68477802,0.009167256,0.005555646,0.004056049,0.006620655,0.001935054,80.43218152,0.004190738,0.00660294,0.009409762,0.007566424,0.008301117,0.004371619,31.58850117,0.009240044,0.005524102,0.003128297,0.003192569,0.002941709,0.002305218,0.003836834,0.029228232,0.013394213,0.006196007,0.004846571,0.01504264,0.024023692,0.004703665,0.174778761,0.011991918,0.024109192,0.066371681,0.006173218,0.190265487,0.064159292,0.02416166,0.00411088,0.011413342,0.044247788,0.009230289,0.002833122,0.452163778,0.005144247,0.011356607,0.008252766,154.0627626,-0.000603193,0.023899896,0.005561083,9.7e-05,0.00760182,1.671767837,0.044464648,0.116150442,0.454504095,1.671163419,0.004381767,0.009937708,0.004017515,0.010669154,0.008933221,0.006437376,0.002719968,0.01329599,31.65259605,14.60688444,0.181415929,0.011386196,79.64628074,0.00540749,-0.091148407,0.017263968,0.030049153,0.024617122,0.013191469,0.062458214,0.084252241,0.00622386,0.005375485,40.14813792,65.16341861,0.016820913,0.01140575,0.147507093,0.002510503,0.900330264,0.005406486,0.00751093,0.083297749,0.912812929,0.005423819,16.34412724,0.005088218,0.250542102,0.003757812,0.589942882,0.008498094,0.087389381,0.583437281,-0.001030187,0.246118151,0.261859551,0.008429521,0.002193335,0.295858786,0.006612764,0.091814159,0.003883103,0.003040294,173.2849338,0.194690265,0.003030581,0.004941335,0.006839532,0.048672566,0.07300885
2,70,0.010746814,0.005376527,121.6458021,0.057754445,0.05778965,55.91330486,0.013923295,0.116150442,0.033608121,0.033592953,0.031665837,172.0781194,0.031657644,0.071667744,0.057694581,0.01309015,0.006768021,0.011108067,0.017903539,0.05830455,0.034021976,0.027376739,0.071988923,90.33146711,0.02266249,85.34809808,0.191371681,0.0890813,0.089164639,0.089382211,0.011162943,0.004305503,0.026119115,38.59730987,694.2076146,0.045342564,0.084583356,0.026833341,0.084607922,0.008645309,0.010130025,0.0458741,0.118362832,0.008194224,0.024783095,11.53990491,0.017958433,0.092713222,273.92985,0.008196813,0.015373598,0.017954872,0.01588588,0.012574435,39.61702326,0.005862891,0.053281648,0.03904665,0.038841731,0.039366887,0.015586053,289.6849511,0.038958416,0.00964031,0.010469361,0.018500921,0.014209574,0.003851306,0.011039218,0.005386445,0.098595478,0.013096955,0.01705632,0.098572167,0.005366298,0.0179592,0.091814159,0.007010992,0.012551918,0.139380531,0.125195569,0.061946903,0.061946903,0.003198921,0.003189277,0.04587439,0.084070796,0.030536578,0.006338491,0.161089774,0.039267257,0.045896028,0.041206992,643.2056197,-0.001284644,0.048948926,0.004050725,-0.000702689,0.043917159,0.515186517,0.012827715,0.112831858,0.161001773,0.515427938,0.006523949,0.03133189,0.047741803,0.126321314,0.010555848,0.039245571,0.005687193,0.018424556,92.6183601,51.57332739,0.094026549,0.014875228,32.23839307,0.008735611,0.008796581,0.016344109,0.018414603,0.016430705,0.069888494,0.025718613,0.025705949,0.018990891,0.024558055,23.60816014,660.941994,0.004109866,0.020733193,0.108613171,0.007963761,1.078409828,0.04528846,0.003948658,0.298101386,1.078454457,0.024634723,104.5212279,0.00395584,0.09696356,0.071460363,0.490797742,0.051769782,0.075221239,0.49081438,0.006917795,0.097015812,0.144098828,0.019410353,0.005273347,0.144325605,0.024621331,0.069690265,0.00458585,0.019372813,359.3849688,0.10619469,0.019383526,0.009713175,0.036179724,0.086283186,0.058628319
2,317,0.005093718,0.002963621,35.80874526,0.011278046,0.011825408,13.03242556,0.005390511,0.137168142,0.007813939,0.007847071,0.006429472,43.73893101,0.006477704,0.013079867,0.011518051,0.003689427,0.003967773,0.004887343,0.007932422,0.012239698,0.019300559,0.031271454,0.014960713,38.73912257,0.016254092,192.638469,0.14380531,0.030930602,0.031154331,0.009656932,0.005744294,0.003125352,0.004169071,13.83955191,104.9910052,0.023753829,0.09352295,0.007775058,0.096289398,0.006218447,0.005091064,0.023741854,0.21460177,0.168187091,0.004900342,137.6479508,0.007929935,0.062324932,96.08237107,0.168260099,0.015285686,0.004987655,0.01856689,0.004510633,26.71510578,0.004146241,0.028195355,0.011477322,0.012346765,0.014033534,0.005644108,33.41964478,0.010811044,0.006365181,0.004161113,0.011513996,0.006477101,0.003388591,0.009715426,0.961341047,0.116667147,0.003724229,0.009293946,0.11821696,0.961230825,0.005353974,0.216814159,0.427129291,0.015505226,0.17699115,0.024754735,0.17699115,0.222345133,0.106234931,0.103566735,0.030075771,0.117256637,0.147661307,0.00636591,0.486506813,0.112903585,0.029301549,0.17089837,1112.297274,0.008550911,0.171431705,0.122827166,-0.00032497,0.037063115,1.66172623,0.015889661,0.192477876,0.498759232,1.661682944,0.003952624,0.148450002,0.009438285,0.024878616,0.004408089,0.113864756,0.004009928,0.015078682,34.10323389,16.71601694,0.236725664,0.012498336,919.6525381,0.006248812,-0.012258359,0.00710689,0.015102429,0.007344023,0.354525297,1.090072248,1.090287725,0.008087738,0.147508475,14.07647864,42.9758473,0.135022046,0.010715177,0.248547565,0.004740964,1.198992687,0.005546666,0.13506616,0.842383322,1.198795759,0.006897253,27.0714571,0.489276529,0.353800273,0.01227095,1.37321828,0.064669926,0.147123894,1.373943105,0.042337294,0.35399364,0.368038693,0.008139064,0.003117041,0.374533127,0.006893937,0.165929204,0.003807762,0.007596852,141.7383642,0.216814159,0.007481145,0.008768854,0.009433589,0.223451327,0.061946903
1,14,0.008289517,0.00383279,44.72523192,0.018301179,0.019032813,13.08694567,0.004458431,0.164823009,0.006520755,0.006534373,0.006057944,62.40771838,0.006122596,0.016604022,0.016571958,0.005546717,0.002972883,0.007029841,0.008545543,0.017310655,0.009501914,0.010725378,0.019865455,41.08716668,0.018557416,32.43325787,0.146017699,0.048020319,0.04887393,0.007153289,0.008052816,0.00390273,0.002889618,15.28928255,47.81104127,0.02461413,0.025975897,0.004060004,0.026468261,0.003782606,0.006031685,0.024604315,0.100663717,0.02405988,0.003629841,36.28637367,0.00855154,0.025798525,54.92068316,0.021052387,0.011306945,0.006144539,0.013183851,0.003430485,27.69235528,0.003754135,0.012161982,0.016039094,0.015472611,0.015543247,0.008085842,15.44850352,0.016034418,0.003953483,0.006067252,0.005072459,0.003346988,0.024259274,0.003357624,0.212472243,0.023514394,0.005664759,0.009063957,0.024282444,0.188580632,0.006160708,0.132743363,0.041369681,0.01208949,0.131637168,0.007418852,0.129424779,0.169247788,0.012821913,0.012626139,0.025554195,0.036504425,0.012255178,0.004980868,0.159680528,0.016139177,0.025444981,0.020953591,314.3060533,0.004312372,0.021110057,0.010151553,-0.000309597,0.013281342,0.693607513,0.012263436,0.085176991,0.161237872,0.691550147,0.003450508,0.012386305,0.008071355,0.007449925,0.006072473,0.016754504,0.004143748,0.014946802,36.33178083,17.515383,0.200221239,0.008613583,405.1983882,0.004217886,-0.007241373,0.005520812,0.014965878,0.006153937,0.038054239,0.31704741,0.317097147,0.008372715,0.012994332,10.64074214,43.38335843,0.014938241,0.008454386,0.05758573,0.00350747,1.217305081,0.006475014,0.014162579,0.147068805,1.219746526,0.00621097,15.89832531,0.013330769,0.10299673,0.004832175,0.80085764,0.031516942,0.23119469,0.800750734,-0.007783071,0.103053182,0.073107259,0.008487916,0.013110828,0.07493901,0.00625425,0.080752212,0.004012602,0.016775561,228.3519193,0.153761062,0.016744721,0.006864265,0.009585076,0.148230088,0.050884956
0,231,0.004244326,0.002453571,46.28089328,0.052421257,0.052672682,14.25582337,0.003403466,0.110619469,0.007667689,0.008012584,0.010092957,28.59857578,0.011036364,0.021856633,0.008100135,0.004963268,0.003380587,0.005152459,0.006180224,0.008098604,0.022464583,0.028640024,0.021849262,47.94931467,0.009087537,69.34909305,0.065265487,0.025944762,0.025969475,0.012586561,0.003057433,0.002323676,0.005098827,15.78326928,415.5996317,0.023538316,0.146665872,0.007278694,0.146864313,0.003417937,0.00416049,0.025616658,0.045353982,0.079490285,0.007324337,70.10418421,0.006382131,0.045774856,404.1832429,0.07809643,0.00731094,0.002462542,0.009395043,0.005062361,22.07607316,0.002135344,0.016161728,0.060193129,0.014473447,0.01643273,0.002390318,47.34448886,0.060034502,0.003209537,0.006323599,0.021736508,0.008781443,0.003765068,0.008065164,0.529089697,0.152167834,0.006310522,0.006178792,0.155350122,0.501796238,0.003135958,0.115044248,0.116392968,0.00757174,0.050884956,0.026889047,0.144911504,0.086283186,0.032062862,0.030844182,0.030332181,0.045353982,0.060460314,0.003549422,0.198191629,0.045527988,0.030016693,0.073692937,710.0214075,0.011920377,0.073995085,0.065658745,-0.001347605,0.02009449,0.991992624,0.010736887,0.021017699,0.198140363,0.992155646,0.001753042,0.060579655,0.015253311,0.029144609,0.009008141,0.046111959,0.002079115,0.006584497,21.42195234,8.526334384,0.193584071,0.00323988,526.3579121,0.002221388,-0.026415794,0.002249301,0.007309101,0.002719414,0.157985674,0.483350434,0.483673901,0.003497161,0.046058127,4.982541285,31.90720469,0.066151786,0.005051367,0.1214342,0.003105434,1.246920697,0.004297982,0.066022952,0.506132462,1.324452127,0.011594611,56.68332249,0.046847944,0.087708373,0.019500184,1.624812286,0.046489606,0.272123894,1.561612492,0.283532787,0.087655749,0.132621223,0.003590856,0.003454266,0.132548339,0.012445128,0.060840708,0.002266824,0.013692351,145.1731271,0.137168142,0.013688741,0.003651098,0.00482516,0.077433628,0.047566372
2,11,0.011602388,0.005833996,66.83993496,0.034488825,0.035356146,17.8366046,0.00854554,0.163716814,0.010184052,0.010296503,0.008503348,47.07004399,0.008498685,0.028918003,0.014423915,0.005414869,0.004799936,0.006416359,0.008834972,0.014696565,0.066051192,0.038235681,0.029263138,34.85063859,0.010391433,226.6749417,0.151548673,0.026308448,0.026351656,0.027099184,0.005720194,0.003478941,0.006863343,14.59036833,531.345638,0.036514892,0.171931403,0.016831588,0.171941495,0.007546755,0.006144477,0.036494821,0.186946903,0.228096054,0.011912591,171.8694961,0.008863503,0.135118312,221.7359459,0.228181544,0.017224217,0.00477558,0.01157296,0.004629033,48.58848449,0.00695079,0.056667816,0.01474794,0.014814662,0.014981504,0.005481276,104.7460031,0.014431995,0.009770884,0.004901129,0.021521562,0.00736737,0.003418036,0.011540133,0.776548916,0.716307906,0.006577436,0.013401459,0.739263453,0.776972898,0.004773438,0.170353982,0.244535602,0.026550221,0.159292035,0.093949793,0.14380531,0.19579646,0.165750139,0.165262447,0.018816642,0.057522124,0.145292735,0.005835782,0.549532179,0.154129877,0.018721643,0.11814888,1427.823222,0.033707767,0.119471748,0.337455679,-0.000752029,0.072430622,0.271008365,0.02736469,0.189159292,0.551297857,0.27003022,0.004225614,0.145284128,0.021151496,0.094743421,0.004912659,0.154137068,0.003197209,0.040187338,70.95168842,15.24477229,0.215707965,0.012341837,1168.184525,0.005912371,0.013435036,0.007918296,0.042221602,0.007930348,0.182788188,0.670988657,0.670620767,0.006465479,0.086316185,11.13822183,212.109853,0.324726073,0.025125983,0.091482123,0.003869544,2.166756364,0.019972311,0.324849672,0.906234295,2.232090057,0.006298415,59.40471429,0.247574213,0.252943701,0.028821479,2.878357593,0.166970061,0.147123894,2.876362937,0.223994811,0.247840225,0.158994865,0.006960157,0.002651716,0.159455285,0.006372131,0.102876106,0.004750903,0.00698747,402.7759315,0.144911504,0.006989915,0.005419197,0.009219188,0.221238938,0.103982301
1,263,0.028137865,0.008664695,141.1981464,0.082328746,0.084118371,35.12117413,0.0177146,0.236725664,0.0242757,0.024337185,0.032623812,60.28708821,0.033016475,0.10695901,0.020652285,0.01208445,0.011689488,0.00959211,0.013480702,0.020683082,0.132161525,0.130464161,0.109955842,73.47485531,0.021932568,52.28201233,0.150442478,0.046422332,0.046418057,0.051951491,0.010771569,0.003992865,0.019221729,21.15069032,649.7043421,0.182321459,0.384549942,0.032853741,0.397427589,0.017263985,0.008733979,0.183313795,0.184734513,0.051692459,0.028385626,86.80924936,0.013512399,0.13136858,674.7045802,0.050107645,0.058227483,0.007396226,0.027852691,0.011726586,26.87807786,0.008432991,0.064885349,0.035418136,0.035335606,0.035631733,0.007080743,107.4980381,0.033570141,0.009606737,0.008036016,0.028695197,0.020405581,0.002845948,0.031404677,0.333710714,0.349683991,0.012136606,0.008628851,0.352638409,0.333758294,0.007407753,0.123893805,0.086756933,0.008962225,0.150442478,0.067843494,0.140486726,0.175884956,0.028253894,0.02714773,0.096837036,0.081858407,0.026669765,0.007824049,0.19647246,0.021029105,0.096863051,0.036552183,438.3654804,0.244386006,0.038036987,0.02589135,-0.001398854,0.070519704,0.48407793,0.009131976,0.185840708,0.196374135,0.473357655,0.002084837,0.027699675,0.033378608,0.067884262,0.008214662,0.021181111,0.004974081,0.013103234,38.51915702,20.30623714,0.221238938,0.004158022,606.1865294,0.002236644,0.005871615,0.003454669,0.013497528,0.004035835,0.064240032,0.38791679,0.388910916,0.010824088,0.020981554,6.708139355,33.7525197,0.046917128,0.016717038,0.051828122,0.006691762,1.449375746,0.004214942,0.046940783,0.313830289,1.457897231,0.016818748,96.72662843,0.021340158,0.102550896,0.026903515,1.878227655,0.106080814,0.199115044,1.8631972,0.24552587,0.094314084,0.085463444,0.010874208,0.002038,0.089372379,0.016869098,0.069690265,0.00434938,0.003152041,165.1173382,0.174778761,0.003153503,0.005983368,0.010069761,0.225663717,0.08960177
1,157,0.009687156,0.004842439,107.6099926,0.034258471,0.034246116,29.16089041,0.012355825,0.194690265,0.021245829,0.021234101,0.017267721,100.6709171,0.017258231,0.064457672,0.019415853,0.010877736,0.008155516,0.005483333,0.011219835,0.019409504,0.057876652,0.1132346,0.064498831,60.76856358,0.036492532,59.16189813,0.123893805,0.100201798,0.100162687,0.030901502,0.007978221,0.003328599,0.022166792,20.15880573,489.255616,0.105565401,0.241040609,0.028880927,0.242115842,0.009283898,0.006019697,0.105509935,0.134955752,0.032860963,0.017959787,47.20241009,0.011300734,0.037542279,561.297939,0.027522137,0.036384431,0.012387993,0.014687036,0.02975881,23.65251561,0.004027756,0.018434746,0.023392146,0.027500926,0.028241241,0.008706591,90.75055868,0.023139287,0.004405915,0.007050569,0.064746744,0.017039145,0.002649295,0.04041258,0.382729189,0.220525858,0.010883567,0.005743909,0.221625655,0.37563526,0.012400098,0.109513274,0.029234808,0.008833689,0.08960177,0.060623938,0.107300885,0.133849558,0.018821101,0.018648931,0.036792417,0.07079646,0.025681252,0.004711086,0.022275243,0.032183994,0.036757533,0.028312107,467.2052132,0.001560422,0.029252223,0.010417714,0.000306629,0.02549768,0.096642768,0.009130425,0.140486726,0.022284619,0.096581506,0.002560122,0.02613892,0.051309122,0.06077489,0.007157219,0.03217511,0.006510124,0.011399153,25.7011108,32.39891874,0.175884956,0.005374015,379.297192,0.002292294,0.00472793,0.0059429,0.011705188,0.005948357,0.028199826,0.201755524,0.204019965,0.018074803,0.015163339,6.342180027,42.31418619,0.019676501,0.007916414,0.012586208,0.00330405,1.020235467,0.004313549,0.019679114,0.169883282,1.019742388,0.010004937,100.3846281,0.01388312,0.030347449,0.03350678,0.596724374,0.045614756,0.188053097,0.596935191,0.233485638,0.030360836,0.022258591,0.018087371,0.002161495,0.022319006,0.010002942,0.044247788,0.003429071,0.003618455,131.3514427,0.146017699,0.003608437,0.010847065,0.015626886,0.123893805,0.069690265
1,237,0.009739177,0.004720179,80.31177146,0.022759782,0.022821683,24.66908954,0.019325062,0.133849558,0.017367889,0.017362489,0.009694627,84.09942362,0.009721076,0.04596995,0.025309333,0.007231441,0.00453262,0.011972364,0.008834902,0.025347261,0.099437005,0.064899444,0.046037261,60.15424781,0.02316958,108.2408453,0.162610619,0.060412233,0.060903483,0.046823731,0.011177675,0.004210383,0.012135168,17.00229337,219.3332333,0.045254461,0.159147313,0.028304486,0.159257698,0.00993644,0.01125541,0.045818479,0.133849558,0.091899113,0.019820814,125.979966,0.008839773,0.060594562,209.2973328,0.090478863,0.023688151,0.015149931,0.013830528,0.010369876,32.76025065,0.011613118,0.036778494,0.02785512,0.026987521,0.026972607,0.013253385,62.95633035,0.027361427,0.009020659,0.00757282,0.028487674,0.020842759,0.051911691,0.023363105,0.629414121,0.205961906,0.007347684,0.011961324,0.205888436,0.624556007,0.015144069,0.150442478,0.232680991,0.014916572,0.138274336,0.056724183,0.148230088,0.155973451,0.054359912,0.052854322,0.027618331,0.088495575,0.069840285,0.004848513,0.282842051,0.050921583,0.027553498,0.103364975,922.7472696,0.045512306,0.104186972,0.047453247,-0.002306035,0.027755095,0.766247151,0.015730544,0.155973451,0.289630412,0.763095208,0.004318471,0.069892668,0.053572715,0.056936172,0.007752802,0.051044597,0.008196144,0.017154391,54.04922836,37.05040378,0.170353982,0.016589467,901.906945,0.016447634,0.013470478,0.009457675,0.017663181,0.009614375,0.199912938,0.680235589,0.683057735,0.020515092,0.065978209,17.96085126,57.35874801,0.073434329,0.022474988,0.185716775,0.003292471,1.211559743,0.006042834,0.073063712,0.693473599,1.233637308,0.006825652,70.17021529,0.099153476,0.154732683,0.042671537,1.585365771,0.068271817,0.140486726,1.496489918,0.029214327,0.140632624,0.246498359,0.020537027,0.065279902,0.262609516,0.006822087,0.10619469,0.006235414,0.15696882,213.1292088,0.163716814,0.157053819,0.010085279,0.016058475,0.137168142,0.122787611
2,340,0.026899367,0.007613006,190.0535007,0.087013902,0.087043608,46.05929869,0.025594853,0.139380531,0.034963348,0.035131563,0.030325833,103.9447016,0.030313937,0.087734709,0.027267069,0.016870973,0.017458808,0.012485194,0.027739076,0.027492202,0.08636069,0.098421916,0.087688196,93.5983565,0.030783551,235.1800421,0.096238938,0.094620215,0.094803612,0.050389111,0.012180921,0.003905825,0.01146369,26.5302703,935.1939766,0.208194697,0.589322823,0.021353592,0.590716237,0.021429162,0.020782424,0.208088762,0.058628319,0.094590595,0.019506307,118.7255437,0.02777103,0.05753178,1089.881593,0.094508565,0.063286331,0.00654499,0.031314497,0.008797235,30.46382528,0.003993161,0.028212425,0.052040869,0.089821086,0.089786004,0.007226404,119.888677,0.051879194,0.004826648,0.009950598,0.030150811,0.013890534,0.003213155,0.018376717,0.735579231,0.448558277,0.017237187,0.010009474,0.458345981,0.733068256,0.006686088,0.090707965,0.177056072,0.012568129,0.171460177,0.057498352,0.116150442,0.130530973,0.04559246,0.041626304,0.103937905,0.10619469,0.117472875,0.012160755,0.052882915,0.082101854,0.10390306,0.168697654,2470.429956,0.064208892,0.168743496,0.034423802,-0.001496284,0.027271331,0.675060593,0.015020292,0.10840708,0.053188834,0.675081815,0.001689157,0.118356505,0.031641427,0.057475271,0.010137339,0.08272087,0.003913609,0.017929136,28.80253607,26.76639735,0.184734513,0.005070907,811.2343934,0.002698239,-0.008710202,0.002703002,0.018734712,0.003107529,0.842795711,0.623532465,0.624009026,0.016462687,0.231289344,7.694623184,114.6433031,0.077484114,0.00772418,0.064258776,0.006794488,1.518131067,0.009943626,0.077247049,2.422966591,1.531296779,0.018681859,128.7593705,0.042412805,0.148265985,0.036826823,1.889923614,0.054404014,0.148230088,1.890967202,0.079380262,0.148057964,0.105379016,0.016462487,0.003418993,0.105773618,0.018956801,0.042035398,0.004133573,0.007012842,148.9037482,0.152654867,0.006988794,0.006959143,0.013738309,0.115044248,0.033185841
0,160,0.003566671,0.001870711,33.02571036,0.013671887,0.013761322,8.431192563,0.003063659,0.117256637,0.004215957,0.004229225,0.004440946,36.01485868,0.004492392,0.016140308,0.010851136,0.002863938,0.002069164,0.002985074,0.003778102,0.011193111,0.009493591,0.008092898,0.016829904,28.4298643,0.00957675,44.05405905,0.094026549,0.024447435,0.024440001,0.004561309,0.004117512,0.002023797,0.001887702,8.030432896,44.83678024,0.016589922,0.019968707,0.003280034,0.020415342,0.002049198,0.00357501,0.017456091,0.039823009,0.030764775,0.002936098,48.34503985,0.003834763,0.06655321,41.24042281,0.030456681,0.006034183,0.00357834,0.006099427,0.001694147,31.98127289,0.002482862,0.01765198,0.011233043,0.012175078,0.012353314,0.003637921,13.46534778,0.011206898,0.003062321,0.003106597,0.003878603,0.002231827,0.006902782,0.002757602,0.447507442,0.02412685,0.003083879,0.006138724,0.025910004,0.44413987,0.00357708,0.132743363,0.02871458,0.032461719,0.080752212,0.006707622,0.131637168,0.137168142,0.029596413,0.027190303,0.01649835,0.077433628,0.014521904,0.002053869,0.348360808,0.015921855,0.015320911,0.020000001,898.8031317,-0.007160854,0.020252228,0.005810295,-0.000212111,0.010765278,1.09532443,0.037621171,0.163716814,0.349881107,1.094744747,0.003783426,0.020460578,0.004333983,0.00693683,0.003219994,0.020972378,0.002175937,0.013274655,23.37296967,9.982309434,0.220132743,0.008740824,582.1166764,0.007356068,-0.111286788,0.009051315,0.014641336,0.009253849,0.021452725,0.385671198,0.39030352,0.005604074,0.011041519,14.26168815,44.67107941,0.021322868,0.007474272,0.108574893,0.001959498,2.844565412,0.003808653,0.021330324,0.468804738,2.844454021,0.004120933,12.16517284,0.011964269,0.235130732,0.003994959,2.954362737,0.064695974,0.168141593,2.951249367,-0.0050228,0.233974778,0.228460209,0.005639899,0.006498802,0.23389232,0.00419992,0.071902655,0.002543691,0.039508665,114.0845662,0.116150442,0.039508007,0.002909762,0.005026116,0.153761062,0.036504425
1,169,0.006160328,0.002672324,34.97184207,0.012772653,0.012866351,13.00785009,0.004325382,0.133849558,0.008199635,0.00822404,0.006350324,30.9999224,0.006493577,0.01308747,0.011007621,0.003470902,0.003464555,0.007955604,0.007258449,0.011261282,0.060032628,0.074920427,0.013398601,35.19459952,0.008954286,132.6072746,0.039823009,0.020012881,0.020005588,0.034150448,0.004254578,0.002839399,0.00947227,12.61711209,610.3426479,0.022256583,0.354769278,0.011951014,0.355077971,0.006275396,0.004267342,0.022938676,0.163716814,0.107653315,0.008995142,163.826417,0.007520963,0.032530461,655.6174333,0.107646451,0.015144992,0.002800371,0.011211417,0.012090316,38.897882,0.00355236,0.01218264,0.015521975,0.013096257,0.01415101,0.003583881,150.6368689,0.0155019,0.004365974,0.003899581,0.025606567,0.020284661,0.005103984,0.019443278,0.599853094,0.219042835,0.003547582,0.008191212,0.222091027,0.594542619,0.002925509,0.092920354,0.111007341,0.011011087,0.071902655,0.074013675,0.115044248,0.026548673,0.09500489,0.091959883,0.020649644,0.055309735,0.148535441,0.00499186,0.174302031,0.072099317,0.017801705,0.124966775,1166.353186,0.321502482,0.124938165,0.02726033,-0.001608924,0.013465164,1.211539106,0.01102494,0.069690265,0.175245781,1.21149472,0.001631114,0.148456724,0.029609927,0.092813061,0.004055992,0.07235483,0.002374927,0.020583202,28.49328994,11.38942473,0.269911504,0.00312499,984.7049411,0.002076143,0.021399626,0.002561914,0.024686582,0.002638444,0.220977195,0.865599595,0.86681825,0.006097201,0.113339383,5.168586422,41.04887364,0.112289406,0.011918549,0.266579233,0.003194076,1.086462961,0.005941927,0.106498558,1.021644543,1.158653531,0.005997469,85.22523085,0.055956394,0.162063064,0.042582052,1.842835039,0.043742811,0.296460177,1.843720229,0.253128468,0.15801196,0.415257887,0.006469945,0.004458163,0.42416084,0.006038796,0.091814159,0.004229904,0.011181262,123.9828166,0.23119469,0.011093014,0.005101522,0.005972268,0.140486726,0.091814159
1,69,0.005269219,0.002571352,22.59839014,0.010311343,0.010650272,9.754501651,0.004489381,0.142699115,0.005424271,0.00542145,0.004980589,25.61082043,0.005058144,0.010615218,0.009154322,0.00333178,0.002539145,0.004704011,0.003773021,0.009322653,0.017220895,0.029273505,0.010746648,19.71955016,0.007152054,111.9617017,0.047566372,0.016224481,0.016227182,0.005557337,0.003285351,0.002359681,0.00308456,9.217310708,53.75011978,0.010859246,0.041463606,0.005461665,0.041916526,0.00366196,0.004117119,0.010946769,0.17699115,0.056425251,0.003187597,88.89221024,0.003841133,0.12973967,84.20371118,0.056201582,0.006814369,0.002799296,0.005697239,0.013874984,26.99779232,0.003511014,0.034444756,0.0087421,0.008022302,0.0080387,0.003022037,18.34781845,0.008658528,0.003929917,0.002992754,0.038611214,0.008609378,0.002758883,0.013586648,0.671580063,0.056459127,0.003370849,0.009560096,0.056438104,0.671880257,0.002905443,0.163716814,0.071724253,0.017581682,0.064159292,0.026863944,0.163716814,0.193584071,0.037842473,0.036467814,0.011071402,0.036504425,0.040763479,0.002846917,0.298667043,0.058895832,0.010232591,0.067259179,921.7804223,0.018758501,0.06740588,0.018641582,-0.001136271,0.044241356,1.361947378,0.018658684,0.192477876,0.298509277,1.362697947,0.001654861,0.043702544,0.039537622,0.027170532,0.00448895,0.058870076,0.002174557,0.027917005,26.86024982,8.53336334,0.224557522,0.002932823,954.1830755,0.002104815,-0.029498988,0.002383739,0.027921165,0.002587233,0.067003162,0.516382995,0.517141097,0.004228074,0.029640901,7.035736397,21.03973369,0.037443348,0.009321771,0.140479152,0.002229119,1.74728544,0.002960271,0.037058994,0.582965053,1.750264384,0.004131465,24.01564573,0.026778935,0.109116141,0.006906224,2.338087138,0.181249343,0.136061947,2.329731915,0.01397891,0.108812186,0.229049429,0.004467481,0.002295157,0.229183376,0.004146392,0.121681416,0.003355145,0.005086233,113.0605272,0.202433628,0.005047014,0.003403395,0.004357279,0.25,0.068584071
1,245,0.008933315,0.004285048,106.0801944,0.034947168,0.034928769,27.91026705,0.006777139,0.10840708,0.015290308,0.015637743,0.013409785,238.9189283,0.013443127,0.030734807,0.04327066,0.010292278,0.004352605,0.012571941,0.022069984,0.043970517,0.081707796,0.070933609,0.030717842,141.5092231,0.077682106,93.24436337,0.096238938,0.25030192,0.250169587,0.026458817,0.012371971,0.005367049,0.010572561,33.52303616,733.4993354,0.091889693,0.272354889,0.019306373,0.272280047,0.006984249,0.011701811,0.091849374,0.121681416,0.068026824,0.014551601,124.9944204,0.022389901,0.083978479,796.5553859,0.067535281,0.031247841,0.013800985,0.035566418,0.009937412,43.12905845,0.006511936,0.038314138,0.049399337,0.049199316,0.049339561,0.012841844,110.057774,0.047371834,0.006847673,0.01199487,0.027194654,0.016385732,0.010662066,0.018735183,0.373622476,0.296456452,0.010305536,0.011787067,0.30988929,0.373145758,0.0138437,0.087389381,0.10566146,0.020600619,0.079646018,0.057018921,0.102876106,0.097345133,0.062747004,0.062507,0.104501072,0.074115044,0.038766923,0.010214805,0.247635242,0.037465466,0.104197052,0.060202306,539.3519593,0.043838642,0.062105028,0.021755093,-0.001616503,0.051012682,0.484924101,0.020594923,0.130530973,0.247844351,0.485191633,0.008074136,0.038953256,0.037648513,0.057962006,0.012016562,0.038657653,0.006519799,0.02468207,35.97251425,44.59448643,0.142699115,0.022139497,836.2959496,0.012914123,0.011467697,0.0146155,0.024676817,0.014731798,0.097738768,0.543428883,0.548995254,0.024331675,0.02816379,25.09315399,149.1176424,0.068529166,0.010948487,0.05803098,0.004372076,1.043834475,0.01615883,0.068385786,0.352270012,1.087838493,0.013374627,111.405556,0.032756646,0.089269138,0.02488913,0.819950626,0.060090078,0.132743363,0.778515773,0.249470362,0.087209247,0.095237939,0.024320779,0.006944688,0.09662247,0.013438985,0.03539823,0.007204696,0.019501872,198.56934,0.111725664,0.019486951,0.013147956,0.024019174,0.109513274,0.084070796
0,62,0.006591479,0.00399288,46.01068285,0.014129642,0.014217853,15.92531991,0.008430873,0.210176991,0.008822464,0.008840905,0.007420339,773.6997352,0.007419664,0.017367416,0.27851389,0.005663321,0.005074851,0.004370741,0.006092817,0.278728439,0.172266062,0.135281691,0.017514518,30.62925902,0.151336773,83.18212732,0.075221239,0.67465615,0.698836923,0.186249464,0.082902539,0.002821243,0.022733849,11.36457569,551.363393,0.032467138,0.386743901,0.035117167,0.392585781,0.006136754,0.006046035,0.03259842,0.064159292,0.047332364,0.056032957,67.1152825,0.006101916,0.075678052,559.0006382,0.047155078,0.02046564,0.065446094,0.010784215,0.029680379,26.60722316,0.00543484,0.035468747,0.012776805,0.013450822,0.014007349,0.066633792,115.626255,0.011677291,0.007633951,0.004257121,0.10669304,0.033966293,0.006670673,0.043265177,0.258825425,0.307894395,0.005858698,0.007748103,0.308519075,0.236772206,0.065435639,0.095132743,0.064327509,0.009942869,0.088495575,0.068130086,0.113938053,0.102876106,0.031392154,0.028640331,0.016410159,0.084070796,0.056766731,0.004529845,0.198692547,0.042428477,0.015599787,0.049621943,875.3835267,0.015915001,0.052156631,0.017332196,-0.000971695,0.034341014,0.817093086,0.016096268,0.113938053,0.199328448,0.815663678,0.010185805,0.056766833,0.076593512,0.068699428,0.004342011,0.044543393,0.019403476,0.010843876,34.22263835,162.4089055,0.084070796,0.04586836,504.0204519,0.016544008,-0.080028167,0.024711079,0.011553118,0.024777869,0.088901563,0.372142733,0.38404079,0.088616953,0.050258036,27.6664128,53.95750623,0.030643011,0.010701028,0.156778728,0.003292356,2.195075701,0.00939321,0.030427826,0.519460154,2.195020074,0.005331592,133.8180192,0.02258361,0.168117889,0.177897095,1.352004605,0.071178781,0.14380531,1.35234068,0.003187512,0.150626919,0.140968641,0.088825187,0.004742739,0.141695529,0.005340254,0.107300885,0.003424429,0.008506503,112.8703066,0.199115044,0.00850902,0.037098786,0.106301234,0.118362832,0.045353982
0,466,0.004253421,0.002379411,23.00427943,0.009736762,0.01005693,10.19749021,0.003512625,0.186946903,0.005291264,0.005305087,0.005539916,45.72575236,0.005577032,0.007872428,0.048090605,0.003515862,0.002860284,0.003446015,0.003726594,0.04941893,0.024802474,0.049487557,0.007932234,19.13432964,0.009554344,111.486803,0.071902655,0.029064495,0.029056927,0.011194462,0.005295825,0.00250483,0.003322753,8.560439549,335.7140052,0.020524744,0.19007867,0.006339205,0.191271759,0.003785149,0.002727825,0.02056403,0.14380531,0.119974137,0.003971004,110.8698253,0.003745189,0.07002828,374.7014177,0.119456281,0.011883627,0.008802474,0.005512119,0.005318391,22.05358245,0.003272337,0.021819971,0.009868024,0.006766757,0.00676465,0.004393226,46.47051836,0.009866207,0.003773866,0.002922681,0.010681002,0.006064821,0.002956015,0.011930653,0.623150303,0.125091154,0.003514039,0.004912442,0.125047346,0.621209578,0.008870376,0.148230088,0.185800202,0.007426831,0.112831858,0.028862007,0.132743363,0.140486726,0.047700302,0.047726376,0.010011426,0.032079646,0.150808748,0.002914878,0.267062621,0.070275442,0.009775079,0.084861341,987.9998877,-0.040538361,0.08491017,0.079400306,-0.000685762,0.021941195,0.668796083,0.00928626,0.092920354,0.266916828,0.668972206,0.003011635,0.151172297,0.01389528,0.028904247,0.00313522,0.071078122,0.003936998,0.008714997,19.4270856,18.26532602,0.200221239,0.004114278,1019.490133,0.003160436,0.036608485,0.006049551,0.009088769,0.006089409,0.115744684,0.801942392,0.804124633,0.01040091,0.097637582,8.29815474,33.2926016,0.104939176,0.005519705,0.159261282,0.002484296,1.587749088,0.003773526,0.104041571,0.675089695,1.615939441,0.004821102,53.88708099,0.062548884,0.138462732,0.011569155,1.1751612,0.076733028,0.121681416,1.135396488,0.217181901,0.120372842,0.168042901,0.010395351,0.002167874,0.168834685,0.004828817,0.058628319,0.00516314,0.004333571,129.620603,0.235619469,0.004324586,0.004928741,0.010694637,0.171460177,0.046460177
0,134,0.00502325,0.003536524,26.12103356,0.009868476,0.009869202,13.01304018,0.003483986,0.220132743,0.007117613,0.007116993,0.005732201,27.00350855,0.005734175,0.007410469,0.008946882,0.005430969,0.003093754,0.004912608,0.006483335,0.009844694,0.012296924,0.010088302,0.00751927,25.05401851,0.012517733,108.5095381,0.069690265,0.017227153,0.017228923,0.005215752,0.006128149,0.003547003,0.002734396,12.58205523,26.58756125,0.019143229,0.014821622,0.005500828,0.014845274,0.006013188,0.003645369,0.01913851,0.043141593,0.092073675,0.003810426,127.9850732,0.006681384,0.075788952,32.76238099,0.087411746,0.012181474,0.005292779,0.011245213,0.002926009,48.6937738,0.005684364,0.038582829,0.009657827,0.009336964,0.009331897,0.003424309,11.94275502,0.0095786,0.005054418,0.005229985,0.004584947,0.00396187,0.003267952,0.005018122,1.282274117,0.01597448,0.005681685,0.03304102,0.015983982,1.28101168,0.005308858,0.221238938,0.060880901,0.046013359,0.10619469,0.007148963,0.225663717,0.26880531,0.094654817,0.081697749,0.016287634,0.086283186,0.034757991,0.005278873,0.418170092,0.068817605,0.016275243,0.07893505,1127.455841,-0.006067364,0.081315455,0.021705458,0.000652068,0.036678367,0.997120378,0.047137459,0.120575221,0.418069143,0.997271444,0.008016908,0.038407156,0.005744943,0.007167661,0.005841233,0.073811556,0.004579312,0.037266807,30.84364569,13.42402482,0.286504425,0.021664924,1260.031279,0.012821977,-0.03008883,0.013447111,0.037246571,0.013734613,0.072229109,0.301643022,0.302341259,0.005263294,0.040515033,17.03260762,25.52224832,0.026174601,0.00802611,0.244409976,0.003115381,1.233053446,0.008547068,0.024230768,0.395955436,1.284222479,0.00536353,12.25163314,0.034906369,0.289760348,0.003811541,1.145175023,0.104468188,0.220132743,1.088745033,0.000719942,0.289920159,0.357898851,0.005394747,0.002652568,0.358565219,0.005363159,0.095132743,0.017313533,0.005058288,126.9539054,0.216814159,0.005060542,0.007271386,0.008043092,0.232300885,0.048672566
1,341,0.003959833,0.002352974,29.63902925,0.013893578,0.013890662,10.77692237,0.003417078,0.168141593,0.004889452,0.00500932,0.006070536,38.35984666,0.006306078,0.013572256,0.019109291,0.003544959,0.002233975,0.004365756,0.004877128,0.019198767,0.00444221,0.005453665,0.013946023,29.56791266,0.008200845,45.70869374,0.076327434,0.024760711,0.025147772,0.003549421,0.003810069,0.002156878,0.001846069,10.24627806,27.94142607,0.013075011,0.012927352,0.002242357,0.013138533,0.002393257,0.005246791,0.013249385,0.033185841,0.03241334,0.00183143,46.24755548,0.004875503,0.032183687,29.87954678,0.02934281,0.005532998,0.00378399,0.007580344,0.0018412,26.89152291,0.003478783,0.009921872,0.013160915,0.013605225,0.013763414,0.003197945,10.54052205,0.013166905,0.002997691,0.003664134,0.004310547,0.002010065,0.008331961,0.002226382,0.44296683,0.015016209,0.003710914,0.007607341,0.015020379,0.441872109,0.003925108,0.138274336,0.017486847,0.010167867,0.028761062,0.004730399,0.111725664,0.153761062,0.014179507,0.014159459,0.015957085,0.01880531,0.015955574,0.002571333,0.144841636,0.018227456,0.01581559,0.032185426,596.6150032,0.001198607,0.033612698,0.005270871,-0.000488716,0.010214139,0.310761056,0.016001068,0.064159292,0.145108415,0.310842026,0.002982752,0.016176623,0.004321307,0.004728174,0.004423933,0.021456707,0.00242037,0.012703853,28.08936971,11.0077653,0.204646018,0.008994168,502.3408643,0.003227083,-0.008226008,0.004526349,0.013185824,0.004523966,0.038222469,0.208744191,0.209599049,0.005150718,0.039694194,7.106773054,77.80679739,0.019066928,0.006763072,0.075545398,0.002207554,0.698832645,0.004677115,0.019077468,0.269613166,0.699511673,0.004911233,10.72313601,0.00958824,0.125473346,0.002954752,0.561244831,0.045498926,0.254424779,0.561049193,0.004682019,0.110552645,0.064968347,0.00565776,0.003853958,0.066020976,0.00505113,0.115044248,0.002794477,0.007478352,109.9650614,0.149336283,0.007429043,0.004160381,0.00555154,0.146017699,0.023230088
1,377,0.036192964,0.01995127,335.8207241,0.08186698,0.082078544,90.84646437,0.034745993,0.107300885,0.073589037,0.073556953,0.041169948,245.8910601,0.041182051,0.06467846,0.056927132,0.025705712,0.025525673,0.047938081,0.067499203,0.056984098,0.073168253,0.083104159,0.06467585,378.8576121,0.083461703,171.7569783,0.122787611,0.232124732,0.232093944,0.025853297,0.02443482,0.019517363,0.013783956,97.36256497,210.2282692,0.344113461,0.152572461,0.023532549,0.153900697,0.047553364,0.031526769,0.343951859,0.194690265,0.088003745,0.017052115,140.359309,0.067518765,0.108480574,204.9653014,0.087267685,0.164718695,0.027102471,0.185939363,0.022520107,149.675241,0.030900342,0.065190001,0.098429896,0.062299921,0.062265571,0.027732929,71.2646062,0.098076908,0.03670401,0.028128443,0.033350868,0.026874579,0.004836734,0.025807221,0.551120253,0.169202181,0.025698336,0.050574283,0.169978067,0.549659618,0.027156728,0.150442478,0.175184282,0.071923729,0.164823009,0.042303732,0.138274336,0.194690265,0.061023633,0.060996907,0.39904805,0.10840708,0.068522978,0.042134567,0.279959995,0.073136991,0.399240723,0.104101676,871.6796086,-0.007262824,0.104154435,0.048054974,-0.000638345,0.068658307,1.45722968,0.07190483,0.152654867,0.281522507,1.457996358,0.005692941,0.071392913,0.044474924,0.042493129,0.028116577,0.073450253,0.013594624,0.097623575,149.1710369,71.58839445,0.151548673,0.016081784,839.0183135,0.007816998,0.01669493,0.009031278,0.097668973,0.00914614,0.184242893,0.476389068,0.476137078,0.035668731,0.059033185,13.18877813,224.7329359,0.053807372,0.063929747,0.286810238,0.032943894,1.788891845,0.0240324,0.053438085,0.477839323,1.793098149,0.051041118,74.89203698,0.057172878,0.379619068,0.024501265,1.275056878,0.125039549,0.215707965,1.261521632,-0.004663941,0.377702691,0.486559372,0.03584421,0.006275496,0.489028584,0.051036665,0.139380531,0.038887831,0.019055964,677.9089528,0.142699115,0.018697762,0.024996281,0.046482774,0.189159292,0.109513274
0,27,0.006459526,0.003080741,39.69145675,0.020858081,0.021008764,12.8142213,0.004400961,0.230088496,0.006546842,0.006753625,0.006614853,57.9576292,0.00668081,0.018049439,0.019456117,0.004550896,0.002708756,0.006417588,0.006215521,0.019641609,0.038996832,0.023596759,0.018569729,42.12746578,0.0134126,142.7306013,0.079646018,0.034493863,0.034618586,0.020527303,0.005252431,0.002812054,0.003844028,12.78179301,318.0801058,0.017076443,0.121584619,0.007466296,0.122067549,0.003792753,0.005141448,0.017281676,0.05199115,0.192887279,0.007943318,246.1288007,0.006217867,0.113889507,363.9393798,0.192987724,0.008688336,0.006059665,0.010174596,0.004557312,46.50726637,0.006522388,0.036448306,0.026069556,0.016917616,0.017411234,0.004728859,53.36654521,0.026020295,0.006388728,0.004869167,0.023543378,0.006617779,0.002418184,0.007589754,1.31402995,0.262452669,0.004549216,0.020275345,0.267342586,1.314364689,0.006061592,0.14380531,0.391471838,0.037590981,0.071902655,0.035009089,0.112831858,0.121681416,0.128680718,0.118928634,0.019907533,0.05199115,0.075780069,0.003894008,0.188257662,0.089376735,0.019906855,0.10593239,1079.071016,0.086354389,0.108262315,0.063729192,-0.000397822,0.032881435,0.745279008,0.043894116,0.033185841,0.188212703,0.745528076,0.002095314,0.080744285,0.034296146,0.034995568,0.004935319,0.093918512,0.003750162,0.039060206,49.78992091,16.19440936,0.201327434,0.004950469,2436.101783,0.003768063,0.032549512,0.003537261,0.039709939,0.003970956,0.108679492,2.520391867,2.520699616,0.007612143,0.074594489,8.139689526,55.70961413,0.155432046,0.015349963,0.133139713,0.002805438,2.06946938,0.005990953,0.14954577,0.764074965,2.102557224,0.006991605,66.76364066,0.120834737,0.207824342,0.018646083,2.05726226,0.166334089,0.228982301,2.055232275,0.16013189,0.150719267,0.140078023,0.007989102,0.001827377,0.141978946,0.006991647,0.10840708,0.007100519,0.002571039,122.3817475,0.164823009,0.002505971,0.006112218,0.00887143,0.157079646,0.064159292
2,103,0.005488177,0.002484878,37.52617107,0.015995724,0.017257506,13.21673621,0.005975904,0.098451327,0.006447915,0.006458274,0.005744197,30.79941754,0.005742714,0.019031139,0.009842333,0.004619333,0.002773372,0.092298422,0.164942511,0.00983786,0.031650765,0.824445989,0.019111329,1242.689283,0.010811124,172.3010645,0.05199115,0.023259043,0.023548626,0.010947699,0.003498941,0.011236457,0.004555627,193.7912364,241.3697312,0.014858013,2.028798729,0.009732909,2.027730824,0.003391808,0.039122336,0.01527242,0.150442478,0.075581146,0.00586179,108.7645955,0.176054037,0.053654479,1900.25939,0.075285143,0.007807675,0.003641254,0.45778015,0.018101125,167.6140722,0.003047846,0.020925767,0.221719829,0.1024847,0.102562418,0.003289924,55.53238957,0.221833741,0.004246045,0.032916173,0.086439217,0.042675523,0.006760123,0.164869226,0.604812142,0.165061374,0.00607946,0.037518657,0.169459704,0.604225497,0.004419599,0.126106195,0.092659459,0.021907963,0.170353982,0.036569759,0.137168142,0.129424779,0.055510756,0.054764488,1.194581861,0.047566372,0.07089491,0.083659294,0.301781208,0.060911854,1.195237848,0.131444012,1107.448112,0.018473905,0.131920959,0.030613805,-0.001359739,0.019041664,1.175635389,0.02207346,0.139380531,0.302391988,1.175942785,0.118209231,0.071350833,0.048168092,0.036626519,0.0399061,0.060963782,0.002471236,0.173615794,25.15874177,11.4172138,0.17920354,0.569910793,833.6637166,0.103688372,-0.070796978,0.284883152,0.173712921,0.284797606,0.302171146,0.768585703,0.768204117,0.005375336,0.046662663,332.4063891,463.9009856,0.081845059,0.006778724,0.124766155,0.025638462,1.328671309,0.031069413,0.081304659,0.966965348,1.461527804,0.03658315,333.5344614,0.025460656,0.135916878,0.018815621,1.288119557,0.052942677,0.116150442,1.213365629,0.157178588,0.131490484,0.240015979,0.005566952,0.004877798,0.243999058,0.039979692,0.117256637,0.013024508,0.017121886,121.5630535,0.168141593,0.017051801,0.003998905,0.005664315,0.126106195,0.05199115
1,464,0.010380583,0.003980526,34.36533508,0.019377573,0.019386462,16.91680559,0.005992557,0.167035398,0.008775703,0.008771092,0.008371795,81.96550683,0.008457936,0.013205226,0.02728556,0.006212815,0.004222531,0.011323453,0.013885375,0.027375698,0.130521207,0.15177794,0.013269824,53.53049032,0.025868798,123.1791281,0.123893805,0.06025182,0.060345522,0.046587665,0.011517822,0.004496675,0.021060381,20.92719195,688.3511554,0.01534337,0.495214236,0.050552215,0.508731265,0.006001933,0.007780214,0.015336342,0.193584071,0.103590868,0.01899439,157.8892638,0.013881563,0.126003504,760.571497,0.10358867,0.010879982,0.011039841,0.028400189,0.016794726,38.62730626,0.009331904,0.073884079,0.022072307,0.01809025,0.018106477,0.0090233,111.0683226,0.021929839,0.00737458,0.006634528,0.043029676,0.023668918,0.010121357,0.046683692,0.694715667,0.379496141,0.006375905,0.016524557,0.379812521,0.690142965,0.011488906,0.185840708,0.188939459,0.014900414,0.17699115,0.098423854,0.154867257,0.165929204,0.063523105,0.059295002,0.056392396,0.097345133,0.072511005,0.008793529,0.36930181,0.034324487,0.056417532,0.085653587,889.5132975,0.056428556,0.085623879,0.059001114,-0.001404352,0.062914916,0.435751777,0.016195277,0.183628319,0.36925454,0.419475821,0.010524661,0.076907935,0.042324374,0.09850563,0.006634817,0.034733658,0.005968954,0.021580968,35.2348765,25.58363519,0.170353982,0.030031013,951.2582674,0.007170553,0.03068523,0.015626076,0.021623354,0.015661343,0.160174613,0.65455533,0.656835584,0.012958179,0.038853781,17.68344141,56.43806158,0.096853178,0.024550778,0.11842923,0.006440759,1.277998237,0.007524367,0.096903392,0.794544463,1.294764634,0.011672421,106.1272345,0.065162128,0.193065723,0.037700627,1.103717815,0.12506086,0.147123894,1.08678643,0.276503759,0.188834163,0.158011928,0.012951043,0.008814737,0.159363116,0.011665968,0.08960177,0.009762912,0.018025958,128.8274194,0.230088496,0.018023897,0.007235879,0.011766181,0.225663717,0.069690265
1,223,0.00770621,0.003856483,60.26973016,0.015760329,0.015779342,15.50834583,0.006467869,0.096238938,0.009995782,0.0099914,0.00649355,731.1935062,0.006580344,0.015399793,0.179233376,0.00482966,0.003995076,0.012008807,0.007827915,0.179138213,0.119168336,0.103773764,0.015403667,60.11205651,0.272717024,69.10610517,0.219026549,0.778674005,0.778259727,0.025197069,0.0666575,0.004202083,0.010923385,16.05708048,825.731486,0.051960499,0.477870307,0.026712752,0.532020156,0.006482056,0.006765703,0.051952667,0.129424779,0.123439149,0.016097698,186.4591344,0.00800422,0.048575779,860.6017283,0.123315123,0.027194964,0.049540262,0.019537421,0.009113767,28.38694297,0.005381992,0.026675333,0.028998529,0.017447014,0.017452403,0.068208298,85.38207537,0.02892883,0.006242997,0.007431554,0.023361384,0.017379629,0.232255276,0.022842827,0.322748078,0.515374403,0.004858186,0.009473963,0.571151977,0.317641421,0.049517306,0.096238938,0.244208105,0.012815515,0.171460177,0.048646451,0.120575221,0.153761062,0.048623024,0.048476862,0.041423085,0.112831858,0.030648101,0.005002412,0.09956333,0.026789413,0.040804469,0.038391032,417.4089955,0.172692155,0.03900097,0.070997868,0.070462344,0.034102986,0.472457107,0.013748434,0.085176991,0.099829251,0.472147449,0.097320093,0.031144514,0.022686234,0.051779829,0.007450884,0.02741843,0.027731038,0.011531741,31.78619247,185.9121933,0.153761062,0.380144117,862.7065295,0.200844621,0.004259671,0.182260607,0.012321762,0.186670259,0.065574989,0.667233511,0.666864394,0.08937908,0.019425605,292.2225526,136.9012748,0.112110797,0.01149073,0.030389411,0.003838285,1.019882302,0.018178796,0.112169221,0.267159196,1.08439406,0.006637682,82.99017485,0.05918374,0.059673578,0.019122546,1.113547432,0.041626723,0.17920354,1.09559358,0.17667096,0.059659142,0.046009295,0.089380936,0.260941886,0.051097462,0.006635703,0.067477876,0.006039027,0.736975023,167.6086855,0.163716814,0.73643246,0.076800533,0.147730031,0.133849558,0.113938053
0,152,0.004431399,0.002871899,25.77230365,0.009788362,0.009842825,12.37973923,0.003561586,0.128318584,0.007230044,0.007232226,0.006002875,31.93932218,0.005999797,0.00784469,0.009275075,0.003729154,0.003430697,0.011320768,0.008411177,0.009329385,0.056812924,0.105620305,0.007842091,40.25708286,0.012400464,253.6994553,0.101769912,0.022313314,0.022339971,0.017569516,0.004544418,0.004777003,0.006838887,14.41170303,574.0218199,0.018224728,0.299649386,0.01708496,0.304153493,0.005083575,0.006191732,0.018467964,0.123893805,0.059659947,0.012088752,105.4770977,0.008463579,0.036566532,613.9548459,0.059037454,0.011688412,0.003948106,0.015125796,0.021826044,27.95178337,0.003480857,0.021445346,0.018664785,0.012139141,0.012173587,0.004879919,80.08505549,0.018621432,0.005080012,0.005243105,0.063210487,0.034454089,0.004168219,0.030160975,0.558635458,0.251520124,0.004143368,0.00597767,0.256760411,0.558898797,0.003948374,0.16039823,0.062252106,0.010621177,0.087389381,0.068219833,0.149336283,0.184734513,0.046658029,0.045800741,0.02700137,0.071902655,0.166801312,0.005909117,0.285245673,0.085884704,0.026944556,0.105765268,985.1034237,0.141041458,0.109440757,0.020334905,-0.001549159,0.0275256,0.849077703,0.014429284,0.069690265,0.286525394,0.849547418,0.012115067,0.201756283,0.113837963,0.068745559,0.005358244,0.106656487,0.003425633,0.010866292,32.10448412,15.68460058,0.276548673,0.038081999,835.6721386,0.014538048,-0.009703927,0.022409082,0.010967514,0.022433786,0.146070253,0.669542347,0.669172718,0.008981607,0.071145228,26.74256752,38.38876242,0.058997318,0.007280581,0.091220012,0.004184567,1.269489923,0.006480142,0.057600413,0.62481222,1.348207929,0.006506497,83.23665992,0.022621863,0.144229856,0.026297483,1.632662115,0.04874423,0.147123894,1.527281933,0.211951792,0.132887105,0.179634486,0.009170524,0.005237241,0.185912502,0.006528111,0.115044248,0.005451427,0.014441328,123.7853727,0.206858407,0.014433088,0.007632198,0.008371334,0.215707965,0.061946903
1,244,0.007230551,0.004354434,42.54460479,0.014289907,0.014282519,15.0730069,0.006781722,0.098451327,0.008473573,0.008482461,0.00572802,57.89843414,0.005781591,0.013691732,0.021764301,0.006255307,0.003353418,0.005557462,0.006212786,0.021759896,0.042794453,0.044872979,0.013932005,30.7599587,0.019520455,107.0265691,0.068584071,0.041341243,0.041584446,0.025407859,0.009728474,0.003609628,0.005927109,11.75999517,480.5008854,0.029913375,0.284359944,0.011462056,0.310310634,0.00505757,0.004822824,0.030130263,0.113938053,0.051417168,0.010298611,86.46187822,0.006247916,0.057658925,578.8506047,0.051129836,0.016690264,0.010070698,0.011981713,0.004278109,22.22395657,0.005930549,0.020618727,0.01158484,0.010281958,0.010621109,0.007013309,54.10711089,0.011588361,0.004671258,0.004410665,0.00999153,0.008518748,0.05079611,0.010162509,0.62695167,0.169982222,0.006379887,0.007462632,0.173099833,0.623629261,0.010065912,0.14159292,0.056657881,0.007244455,0.110619469,0.026432989,0.122787611,0.157079646,0.0343109,0.032784778,0.020724885,0.029867257,0.083234159,0.004304811,0.366465759,0.040447784,0.020609425,0.069847172,880.6942458,0.249572925,0.069809273,0.018960042,-0.001475434,0.025741337,0.733834979,0.01053339,0.127212389,0.366280213,0.734202807,0.003983223,0.088078153,0.019246829,0.027788152,0.005314624,0.041015916,0.006918792,0.010101581,29.17546999,25.53163735,0.221238938,0.007184891,802.4701379,0.0043286,0.011505074,0.009314716,0.010347391,0.00934969,0.11827881,0.474726663,0.477357601,0.009563151,0.033703847,16.56929599,50.95591357,0.037945431,0.009777191,0.098728844,0.002865854,0.947648665,0.00568323,0.036016487,0.651244661,0.974839283,0.004730028,64.72061224,0.021816196,0.204701772,0.013715446,1.723802628,0.054898028,0.212389381,1.626068078,0.17880439,0.200331728,0.281255038,0.009559056,0.034693792,0.335443369,0.004735521,0.068584071,0.004525942,0.099383811,173.0263073,0.180309735,0.099424337,0.010354897,0.016600492,0.189159292,0.084070796
1,127,0.012994119,0.002768292,118.1867636,0.033423856,0.033432642,26.49479854,0.008139904,0.100663717,0.021622913,0.021627315,0.009228493,80.49668454,0.00927769,0.02341651,0.019973163,0.004094763,0.004257336,0.002764496,0.003422001,0.020003072,0.028464293,0.027070666,0.023483536,21.60430785,0.025944892,67.68160931,0.122787611,0.074374939,0.074941128,0.018212463,0.006757745,0.001974199,0.003911732,6.362919003,377.6298695,0.098097482,0.105843691,0.007061593,0.110941006,0.009259714,0.002748043,0.09836652,0.048672566,0.029714949,0.010098383,53.61914631,0.00347229,0.04461183,357.3368573,0.028434947,0.037904703,0.003239736,0.006048727,0.003635583,18.62575635,0.003218568,0.015584384,0.007294444,0.007470494,0.007616176,0.004113256,52.14913019,0.006664763,0.007110525,0.002340462,0.008660721,0.006455002,0.008411445,0.006060506,0.210648932,0.092365851,0.004096416,0.003719896,0.098649462,0.180118106,0.004130294,0.142699115,0.041849362,0.005981106,0.120575221,0.038030468,0.115044248,0.147123894,0.014996414,0.01282426,0.014621627,0.086283186,0.035704924,0.002309631,0.169013865,0.037781971,0.013038051,0.052018657,801.4961068,0.084102079,0.052979703,0.011717077,-0.002070422,0.016611545,0.678954419,0.007038918,0.078539823,0.168921136,0.673826557,0.002734011,0.036038043,0.010179817,0.041828093,0.002453916,0.038928517,0.002496201,0.005648886,31.49293762,17.15579472,0.201327434,0.006333761,317.2520097,0.003955166,0.004104851,0.007305904,0.005719611,0.007435896,0.078647821,0.168629572,0.193251265,0.009244227,0.030268646,9.61900365,20.55580184,0.028268479,0.015193714,0.04569423,0.001759283,1.131784935,0.002536983,0.028275486,0.67602296,1.199412739,0.002940604,45.62647452,0.012770899,0.085326202,0.008739939,1.223145865,0.040857724,0.117256637,1.223168549,0.17650229,0.071124492,0.079391117,0.009366169,0.015437365,0.084744231,0.002939418,0.102876106,0.00235604,0.050453486,182.660457,0.120575221,0.050460005,0.005677979,0.009782626,0.161504425,0.040929204
0,389,0.004614321,0.002451669,49.60571582,0.023394035,0.023382067,16.80661387,0.004906434,0.127212389,0.007970072,0.007967513,0.009893408,62.40870739,0.009999361,0.022582692,0.022667624,0.004938405,0.002585234,0.005833859,0.007878792,0.022991464,0.018112956,0.019908134,0.022571706,54.02327147,0.01049035,105.1698316,0.064159292,0.03625015,0.036286048,0.009239664,0.004626741,0.002511549,0.003189883,14.89919198,202.5866503,0.027929608,0.128943104,0.006304146,0.136789685,0.003435364,0.006245042,0.027997148,0.101769912,0.076897781,0.003745433,101.3935027,0.007908428,0.084505965,221.8992868,0.076338321,0.010475947,0.006901543,0.010600264,0.003800245,25.32945128,0.002461356,0.024435942,0.024933377,0.029599797,0.029641678,0.004776714,24.54007473,0.02492804,0.002928792,0.006110739,0.012176931,0.003332064,0.005384316,0.007381199,0.618306125,0.18942431,0.005924178,0.006252287,0.195510776,0.611370605,0.007660565,0.110619469,0.08120214,0.021552,0.053097345,0.015234082,0.122787611,0.153761062,0.065665042,0.065387597,0.038039342,0.036504425,0.062543285,0.003247882,0.2374229,0.051879314,0.037362106,0.116097001,1069.510103,0.010710842,0.117672225,0.027911273,0.000594369,0.028495822,1.044880723,0.02422283,0.149336283,0.237466811,1.042786854,0.002519272,0.064523937,0.012900752,0.016227977,0.006221617,0.052164473,0.00377339,0.010514164,23.37590798,19.25670884,0.16039823,0.004720393,813.2758484,0.003573613,-0.067526194,0.003637134,0.011009561,0.003965222,0.101667133,0.693932915,0.700377743,0.008953223,0.057051839,7.924451233,69.7027424,0.069586304,0.006089529,0.142037527,0.002777744,2.085003949,0.00653052,0.068683453,0.725448933,2.232409329,0.007382162,27.58608369,0.060719164,0.238551359,0.00937633,2.240132128,0.075814606,0.246681416,2.127451037,0.063328918,0.208813531,0.172136182,0.009178134,0.010762026,0.173069407,0.007404264,0.063053097,0.002606412,0.014168291,98.07672233,0.134955752,0.014134007,0.004639289,0.01038098,0.147123894,0.071902655
2,64,0.007876305,0.004563246,44.42411473,0.021094299,0.021088195,20.27150722,0.005695195,0.127212389,0.010830168,0.010895951,0.009774899,61.52751395,0.009771066,0.016591158,0.020963278,0.007347698,0.004048663,0.00868241,0.012047992,0.020995301,0.052076643,0.050482431,0.01673577,49.58864237,0.018019669,117.2272153,0.152654867,0.044517013,0.044589962,0.016868484,0.007840381,0.004385109,0.008606733,19.37026459,405.7037092,0.023516416,0.156958344,0.015919537,0.165030047,0.005833575,0.006340172,0.023557302,0.137168142,0.072724065,0.011226222,83.20943658,0.012047136,0.056366179,353.1665216,0.070954999,0.012544193,0.008918774,0.015891786,0.009361302,30.34724893,0.004973844,0.029541495,0.019984396,0.019298803,0.019329373,0.00676792,54.27165884,0.019978269,0.006133215,0.0071119,0.013068009,0.013295748,0.004042753,0.014572699,0.409871413,0.17850697,0.007384874,0.009904822,0.187075015,0.409984033,0.008932884,0.153761062,0.131115362,0.01130234,0.155973451,0.035221561,0.137168142,0.167035398,0.022175322,0.022175203,0.02908102,0.105088496,0.06030468,0.006389203,0.199321323,0.037897527,0.029042891,0.092120457,794.2999996,0.093335013,0.093198773,0.034085451,-0.000828414,0.029993446,0.534849179,0.014593472,0.107300885,0.199612909,0.535140759,0.003251374,0.060536779,0.018578591,0.035203511,0.007135283,0.037877301,0.005767156,0.014339148,27.88272613,23.30838304,0.19579646,0.006314695,601.7867724,0.003091927,0.054068696,0.005058158,0.014341393,0.005355537,0.148509929,0.44141907,0.441215554,0.009891252,0.029081421,7.820447443,99.28176343,0.034030625,0.009862395,0.072979887,0.004022778,0.599492229,0.009571877,0.034009689,0.557332249,0.611724111,0.007746313,47.55709397,0.017287318,0.107518308,0.014526214,0.967535857,0.092789659,0.169247788,0.93447303,0.203067085,0.107575676,0.103477428,0.01002144,0.003143043,0.103634565,0.007742166,0.064159292,0.006472239,0.008866204,148.1817606,0.178097345,0.008859916,0.007642469,0.012819941,0.172566372,0.077433628
2,278,0.00384846,0.002203072,30.53654724,0.013040234,0.013726057,11.6788679,0.004749718,0.081858407,0.005714173,0.005717444,0.005535011,64.81315108,0.00555217,0.013531171,0.023031311,0.004047768,0.002129166,0.005190781,0.006553271,0.023205722,0.010322711,0.031807316,0.013702766,33.62506713,0.016976779,135.5315311,0.103982301,0.046178193,0.046152729,0.00735373,0.006238251,0.002938187,0.00230045,12.6265955,36.47483002,0.015469372,0.098733356,0.003169876,0.101235454,0.003094971,0.004472711,0.016470234,0.082964602,0.094319996,0.003084146,112.8308887,0.006621806,0.217440601,102.0161249,0.094173998,0.007962926,0.006180189,0.00970423,0.002424355,38.82466602,0.004297655,0.07739827,0.014579673,0.012599424,0.012592456,0.005505778,11.04177369,0.01457552,0.003453753,0.004894533,0.005572186,0.003145275,0.003529807,0.008278092,0.60305395,0.022480365,0.004950623,0.008616459,0.022471774,0.602186683,0.006694917,0.103982301,0.083816186,0.023873317,0.099557522,0.006278063,0.155973451,0.157079646,0.057829253,0.057028163,0.019674879,0.061946903,0.068001345,0.003987512,0.352887507,0.050619021,0.019284409,0.086275705,1231.072565,-0.004186281,0.086269071,0.0422882,-0.000440671,0.09674004,0.859891307,0.024056079,0.170353982,0.353664512,0.859523642,0.009071042,0.070893822,0.005243797,0.00641535,0.005372185,0.050869025,0.002629303,0.038819902,31.38794446,16.63272564,0.130530973,0.025227531,818.6213144,0.011298542,0.004549884,0.023279478,0.039091293,0.023376489,0.093360803,0.649097803,0.653902397,0.006688593,0.034134219,39.1995443,52.63972357,0.075383901,0.005531014,0.110659178,0.002378323,1.975819382,0.005676558,0.072939362,0.749551439,2.203661012,0.005480435,21.61557875,0.064314198,0.147759582,0.005211784,1.617312571,0.168681885,0.082964602,1.356469212,0.001601754,0.114496621,0.177925962,0.00684542,0.002797253,0.179344746,0.005525134,0.081858407,0.004452548,0.010179494,105.3123459,0.170353982,0.010173667,0.005361797,0.009854068,0.134955752,0.068584071
0,193,0.006398305,0.004034854,50.81258176,0.015818442,0.015820766,19.52419834,0.005574085,0.261061947,0.01193401,0.011931215,0.009559634,64.35293965,0.009554558,0.012914841,0.017646867,0.005706063,0.005472335,0.005083725,0.008611287,0.017954264,0.01844379,0.012257581,0.013173971,34.69257685,0.021742716,37.45337452,0.186946903,0.055852331,0.055883787,0.007340706,0.011755609,0.003579347,0.003055477,15.79244662,58.77201707,0.043210595,0.022686142,0.005581737,0.022805363,0.00896558,0.005115476,0.044320056,0.191371681,0.025714201,0.005194786,28.41345824,0.009146444,0.103145516,36.94688184,0.025048967,0.027881966,0.008124543,0.016985465,0.003435894,31.06575321,0.00541885,0.053276648,0.012979509,0.011626614,0.011973088,0.00646448,16.04213454,0.012797823,0.006881197,0.00454237,0.004189793,0.004548443,0.002503645,0.00392094,0.336743156,0.057212757,0.006070737,0.008275314,0.057563264,0.325230915,0.008125636,0.17699115,0.034295369,0.026734057,0.191371681,0.008434497,0.202433628,0.196902655,0.015196859,0.01444974,0.023780655,0.115044248,0.027609139,0.006502664,0.236219626,0.018189766,0.023788955,0.035600843,83.32861139,-0.001619151,0.040803681,0.01138633,0.001505987,0.046512761,0.742920182,0.026928266,0.205752212,0.238702586,0.743301839,0.015007438,0.02969085,0.00507981,0.008968252,0.005008141,0.019404384,0.00576471,0.019812985,33.2247323,21.49892735,0.258849558,0.035501739,228.6203592,0.014493186,-0.027633434,0.036372705,0.019807445,0.036596168,0.018256328,0.22011717,0.242983571,0.012091451,0.008131244,51.47208282,55.717276,0.016840851,0.008215244,0.083575757,0.005142519,1.126764335,0.008003026,0.015958738,0.105842762,1.164191724,0.008008969,14.9080238,0.01302908,0.268467205,0.005909843,0.944448879,0.110032843,0.088495575,0.933125321,0.010658796,0.228864752,0.163928301,0.012092118,0.002414999,0.170708235,0.008081828,0.107300885,0.005269859,0.003567347,156.8361796,0.205752212,0.003461453,0.007905971,0.010439161,0.172566372,0.069690265
1,135,0.006242943,0.002463394,30.08820482,0.016053622,0.016131577,12.15830017,0.003485944,0.157079646,0.00587399,0.005893578,0.006512267,38.26847595,0.006569023,0.013213234,0.01324154,0.004416366,0.002404669,0.006654788,0.005960131,0.013245361,0.032109943,0.015318445,0.013294597,30.93623676,0.009563856,77.05696101,0.099557522,0.024405338,0.024439353,0.023589218,0.004637867,0.002748569,0.003670438,12.42262021,339.1041762,0.012635525,0.12269684,0.007612246,0.12370882,0.002252973,0.004193771,0.012664577,0.134955752,0.054091498,0.006700161,74.17400334,0.005962263,0.080687174,206.548912,0.054120636,0.006178229,0.004044052,0.007604945,0.003756425,61.65334889,0.003569021,0.02250918,0.016232734,0.012860389,0.013547338,0.004502517,59.75526979,0.01618681,0.004573884,0.004714733,0.017745755,0.005214037,0.004002257,0.005558274,0.584281939,0.242945836,0.004415013,0.011909791,0.248789398,0.583559697,0.00424461,0.133849558,0.057654456,0.042463393,0.100663717,0.038447191,0.126106195,0.123893805,0.037379735,0.03739147,0.013537158,0.061946903,0.041777557,0.003349672,0.397429686,0.033371752,0.013543468,0.052442694,832.5090458,-0.050366268,0.052603504,0.014603425,-0.000464726,0.019554976,1.180320908,0.045325672,0.148230088,0.397471943,1.179072613,0.002652914,0.04529376,0.014650732,0.03845635,0.004771712,0.033898645,0.002420529,0.047410609,51.19777587,10.88503239,0.181415929,0.005988559,827.6518222,0.003144715,-0.036569317,0.00345244,0.048931635,0.003462531,0.063484536,0.61679814,0.629826109,0.00511312,0.039299209,6.786787601,61.02819393,0.04633458,0.014028725,0.238461667,0.002854293,1.80326693,0.009411255,0.043071938,0.60460207,1.840870565,0.006636738,36.2075964,0.028734985,0.362715476,0.014903686,1.705743607,0.110611289,0.154867257,1.636721055,0.172879642,0.349113607,0.400676337,0.005181129,0.002179079,0.402297722,0.006681588,0.092920354,0.004089817,0.004058135,308.5421633,0.154867257,0.004001074,0.002997153,0.005637121,0.181415929,0.059734513
1,353,0.003437533,0.001706794,23.14580461,0.01318357,0.013579935,8.708449569,0.002144701,0.144911504,0.003798421,0.003815672,0.005607171,30.21164832,0.005628054,0.008212263,0.011798491,0.003205861,0.002012474,0.00428726,0.003881749,0.012003052,0.019070969,0.012001115,0.008548214,22.47908777,0.00707546,92.51360153,0.065265487,0.016493629,0.017063651,0.017721223,0.004614389,0.001992321,0.008647277,9.790849057,367.107289,0.008900412,0.249898904,0.005668728,0.260295031,0.001915528,0.002285212,0.010678666,0.128318584,0.048522276,0.004708704,64.0030131,0.00433461,0.039010011,308.384018,0.04746049,0.004121669,0.004180377,0.003538996,0.006349205,17.8801203,0.004884214,0.013730882,0.013991563,0.00778236,0.008074967,0.003462728,48.56483783,0.013307694,0.002958196,0.003449845,0.009566298,0.003391292,0.00269221,0.003763751,0.400717279,0.163190274,0.003441316,0.005273385,0.166023863,0.390526941,0.004302371,0.08960177,0.053309158,0.008184588,0.066371681,0.023320073,0.117256637,0.116150442,0.021330925,0.02110954,0.009565112,0.027654867,0.063993455,0.001904806,0.176344953,0.031947859,0.008445376,0.070100486,861.6293259,-0.042014678,0.070061888,0.014498983,-0.000970908,0.012230157,0.717351964,0.008458429,0.084070796,0.176495911,0.717339835,0.001796266,0.064489642,0.012343516,0.023737507,0.003999343,0.032984284,0.002399639,0.007294509,20.42514838,9.795910652,0.19800885,0.004092103,720.2261442,0.002710106,-0.032324301,0.003607625,0.007299281,0.004094219,0.072373985,0.499588307,0.499579442,0.00417179,0.026443742,7.813860455,25.02506996,0.031634698,0.006627953,0.044157176,0.002186664,0.661652897,0.003226783,0.031631753,0.552583771,0.666262687,0.006142141,38.18394237,0.014796031,0.075899021,0.010569037,1.400854021,0.022754653,0.213495575,1.399197431,0.203891885,0.065246598,0.078810285,0.004184657,0.002256402,0.083360042,0.006141244,0.07079646,0.004744224,0.004975435,142.7529025,0.127212389,0.004957486,0.00349851,0.004589787,0.079646018,0.046460177
1,312,0.004254666,0.002744323,40.57597233,0.014140798,0.014819367,15.00354296,0.004184821,0.131637168,0.007560756,0.007575287,0.007863624,28.95002318,0.007943582,0.015697648,0.011860263,0.00507052,0.003242012,0.005879626,0.009275524,0.011853701,0.030958412,0.056486419,0.016678516,51.41841015,0.007201688,30.90850267,0.055309735,0.017156637,0.017197503,0.009281629,0.003566271,0.003160366,0.004481544,19.23509565,385.7100168,0.024030572,0.155691342,0.008900647,0.15578079,0.003842072,0.004760175,0.024071972,0.113938053,0.037436692,0.005525095,59.12979614,0.009363243,0.050518605,374.0595028,0.034304605,0.011839143,0.004759217,0.013381984,0.006974472,30.56456045,0.004317397,0.021771873,0.023185196,0.019926832,0.020864737,0.003189064,46.78445428,0.021521699,0.007370657,0.005370631,0.023632592,0.009777778,0.003411811,0.010761247,0.345039955,0.152907806,0.005355407,0.007108601,0.168217715,0.318294729,0.005087858,0.134955752,0.045756194,0.010085255,0.038716814,0.030965948,0.112831858,0.097345133,0.028924318,0.028000616,0.027453278,0.037610619,0.015489847,0.004304989,0.174925757,0.01454544,0.027410742,0.019772014,177.1636784,0.064056116,0.021010495,0.015006316,-0.001629533,0.025940325,0.688597289,0.010917983,0.092920354,0.174829673,0.687805203,0.002420133,0.015641472,0.012487395,0.033192203,0.005846863,0.014555112,0.003294615,0.013052701,26.50830767,12.3773901,0.194690265,0.004500094,477.4823552,0.002741797,-0.011242412,0.002721179,0.013156014,0.002849927,0.033650831,0.277634198,0.277842481,0.005977573,0.010749062,6.285064453,429.330959,0.035573472,0.007556179,0.042127087,0.004366469,0.851307635,0.033102843,0.035231412,0.103482767,0.859950691,0.011737558,53.28663871,0.013350574,0.074397976,0.015887701,0.502732187,0.059853119,0.119469027,0.500640646,0.288542404,0.073275659,0.061368194,0.006398879,0.002791005,0.064671814,0.011735577,0.087389381,0.004627739,0.007030446,180.6543258,0.154867257,0.007034318,0.004833819,0.005584459,0.119469027,0.066371681
0,3,0.004990918,0.002831359,26.657734,0.012666663,0.012663151,11.12632875,0.003882244,0.224557522,0.005447962,0.005588607,0.005688225,51.04903677,0.005699627,0.010687658,0.017191681,0.003606962,0.002380544,0.005967984,0.005402117,0.017349444,0.022878777,0.038359277,0.010849269,29.48484463,0.010446226,152.5079304,0.036504425,0.031899018,0.031991972,0.017645834,0.005306997,0.002915126,0.004698651,11.68691151,192.0826631,0.014010372,0.158000629,0.007210698,0.158523306,0.003672441,0.003395336,0.014017941,0.07300885,0.1183541,0.005027325,181.2848635,0.005429074,0.1589511,209.5840176,0.117616522,0.007965651,0.005213138,0.006239396,0.006015357,49.70043857,0.004427282,0.065580576,0.016337915,0.011395128,0.011410321,0.00546925,46.13635275,0.016319069,0.004423199,0.004134644,0.019285146,0.007690323,0.002938246,0.008559086,0.84315782,0.159495249,0.003956028,0.010379764,0.162613005,0.840544062,0.005211463,0.161504425,0.089435721,0.038307577,0.084070796,0.042091318,0.120575221,0.17699115,0.12071934,0.120216658,0.015339706,0.107300885,0.099030937,0.003005241,0.579719241,0.08148925,0.015142053,0.101662404,1164.802917,0.02794204,0.101649586,0.035502248,-0.000387425,0.073024187,0.554524517,0.044081636,0.150442478,0.584067075,0.554283694,0.002132553,0.099951665,0.026468106,0.042559799,0.00413522,0.081709043,0.002863375,0.046501829,40.99842021,14.00193738,0.178097345,0.00441049,991.9424275,0.00341165,-0.005459442,0.003179708,0.050231779,0.003691103,0.116662998,0.880453685,0.882316179,0.00592145,0.052688749,11.30819218,39.62132826,0.073978427,0.013115935,0.282458195,0.003097702,2.444167141,0.005012168,0.069097501,1.00405284,2.469149016,0.006731199,52.05631884,0.049793075,0.285115744,0.016561273,2.751805666,0.297794296,0.127212389,2.685410651,0.086106362,0.285210657,0.257213992,0.006206175,0.001978774,0.271174269,0.006728587,0.090707965,0.004459246,0.003123019,171.3123667,0.191371681,0.003124652,0.004392551,0.007897521,0.191371681,0.046460177
2,209,0.015063785,0.006144995,74.88267969,0.031278847,0.031381047,25.72153839,0.011819277,0.127212389,0.014055873,0.014049136,0.009302281,73.21949082,0.00930397,0.028066799,0.021028634,0.011978535,0.003823936,0.027065066,0.040149,0.02160981,0.047089539,0.153169432,0.0281671,181.9778477,0.02631204,181.5341609,0.121681416,0.061687967,0.061692049,0.025669658,0.011086784,0.013620022,0.008701641,79.22853834,442.5901518,0.044239515,0.292639478,0.014664027,0.293161288,0.007747767,0.027580662,0.04435069,0.157079646,0.084687087,0.012429857,109.8817889,0.04013031,0.070320432,513.9881213,0.084709743,0.024052952,0.010586064,0.056639736,0.026799497,76.79905446,0.007399043,0.034336451,0.072946644,0.067356711,0.067325065,0.008884947,75.97679101,0.072938375,0.005647606,0.028774647,0.04494018,0.069475062,0.009429636,0.069586607,0.617503044,0.208557651,0.012049349,0.028294133,0.208622947,0.615123447,0.010719842,0.147123894,0.115170129,0.024744103,0.134955752,0.051415115,0.137168142,0.150442478,0.05304258,0.052086335,0.109832845,0.095132743,0.078176576,0.019023813,0.31438124,0.069418484,0.109590033,0.136096503,988.8153992,0.001200112,0.136046469,0.028353839,-0.001003528,0.035743468,0.429126266,0.025798665,0.153761062,0.314651061,0.429327014,0.063399315,0.078717192,0.054507627,0.051572695,0.0287641,0.069875607,0.006119238,0.05166455,40.83953775,25.40614987,0.182522124,0.187757601,844.6415201,0.075995077,-0.083367207,0.149479759,0.051680156,0.149484717,0.29486742,0.60998326,0.613456348,0.012513843,0.056927957,163.5058808,274.8590664,0.069052714,0.019173851,0.111667178,0.013536653,1.40576758,0.019128138,0.067731734,0.837994104,1.408753302,0.041108257,110.3689207,0.033627843,0.137976861,0.021881154,1.138691295,0.096881712,0.138274336,1.138095974,0.254920146,0.135424126,0.188881735,0.012596821,0.005057516,0.188839453,0.041085515,0.061946903,0.012470105,0.012229769,222.0341573,0.180309735,0.012235685,0.009158364,0.012017579,0.123893805,0.125
2,225,0.003832807,0.002661616,27.27920703,0.010740474,0.010777505,9.477799987,0.003554709,0.16039823,0.005170257,0.00520441,0.004697721,36.46193401,0.004701859,0.012982455,0.010309857,0.003115682,0.002723341,0.003887731,0.009256375,0.01045215,0.104210461,0.088197572,0.013529849,29.41789065,0.016239323,139.7670723,0.048672566,0.029858592,0.029842875,0.113913582,0.005476388,0.002917773,0.047590273,12.71853683,872.7932204,0.01446521,0.262925224,0.035504426,0.264253171,0.004153635,0.005081268,0.014530719,0.191371681,0.06201573,0.058763145,91.09839445,0.009292361,0.074999497,751.9550675,0.06115802,0.008036306,0.004454635,0.01440071,0.037878715,39.67615367,0.006037777,0.023938613,0.008077732,0.012144564,0.012240217,0.005434041,206.0169337,0.007869478,0.005434282,0.003428714,0.065791344,0.028674704,0.002736224,0.038424787,0.614020658,0.537416898,0.003238352,0.011402223,0.549613379,0.60102808,0.004705295,0.148230088,0.08101104,0.018634066,0.161504425,0.156400547,0.164823009,0.170353982,0.062343804,0.05624698,0.021034011,0.127212389,0.086654048,0.007396577,0.058710193,0.109814107,0.020409111,0.080867083,693.2880668,0.217779549,0.0870538,0.01941361,-1.63e-06,0.024310051,0.882511472,0.01870504,0.161504425,0.076149085,0.882951868,0.003556071,0.09173456,0.082088959,0.157406893,0.003764084,0.110245775,0.003836143,0.023954269,41.29788291,14.96621817,0.265486726,0.00792127,660.7913112,0.003272379,0.000866165,0.005819343,0.023946148,0.006020524,0.103685753,0.545630301,0.558543369,0.007149817,0.058493907,8.418025185,46.58005268,0.05790007,0.009946177,0.090649319,0.002874404,2.446256373,0.006405213,0.056324408,0.604660145,2.448708018,0.004558423,238.2439432,0.0288056,0.348764387,0.097316559,2.429306626,0.08748493,0.167035398,2.4305979,0.081192342,0.314817463,0.096925571,0.007239038,0.0022599,0.097436632,0.004561418,0.110619469,0.008255216,0.004744695,208.0154245,0.196902655,0.004744897,0.008287473,0.009343273,0.119469027,0.040929204
2,32,0.007552029,0.003583949,31.92751539,0.015288058,0.015452187,10.93174684,0.003403202,0.16039823,0.005061119,0.005071315,0.005793959,22.17639351,0.00601363,0.008643372,0.008856065,0.004119194,0.003905879,0.005337582,0.005728931,0.009153292,0.025261572,0.023056324,0.009575062,26.54798972,0.007318966,72.95049905,0.095132743,0.014480095,0.015430869,0.009711357,0.005010066,0.003116897,0.003744153,10.3704435,383.3388962,0.02310929,0.394033239,0.005704442,0.435400122,0.004334152,0.00605894,0.023442672,0.129424779,0.068746407,0.005110502,84.59485342,0.005734446,0.092675343,420.3281904,0.067933842,0.012091563,0.002784856,0.009030944,0.003559774,56.99448698,0.005666104,0.031241611,0.011217724,0.011887459,0.011989134,0.003018559,37.56688789,0.01057511,0.00694657,0.003894027,0.011955932,0.004290757,0.003258523,0.006224918,0.43880217,0.247619902,0.004189773,0.015252923,0.277554536,0.436686432,0.00284806,0.101769912,0.168041564,0.022938627,0.102876106,0.028536185,0.139380531,0.172566372,0.043674742,0.043698843,0.014263274,0.066371681,0.044059753,0.00480108,0.195422244,0.031464529,0.013933721,0.048900855,858.4406053,0.006961465,0.052691681,0.041707463,-0.000216413,0.037758307,1.119455544,0.024078443,0.149336283,0.195314901,1.118216115,0.005272674,0.044409464,0.008879577,0.029024781,0.004076985,0.031453781,0.002676419,0.042206163,52.57716916,8.069445501,0.315265487,0.013249853,819.6449138,0.006290884,-0.022106314,0.010813378,0.043762544,0.010810998,0.078162346,0.612848074,0.61427135,0.003863224,0.041552874,15.55791806,20.14070048,0.095739106,0.01458068,0.181008528,0.003127479,1.497595933,0.003646887,0.095730425,0.687439138,1.5365902,0.004675127,36.69390236,0.050851974,0.15766158,0.008902732,1.649417897,0.071590993,0.153761062,1.628323955,0.205232554,0.15714321,0.300772324,0.004263646,0.002960395,0.300816102,0.004710484,0.053097345,0.00506661,0.007002049,354.8109939,0.194690265,0.00700592,0.003940496,0.003867891,0.131637168,0.10619469
0,419,0.007172438,0.00303983,25.26416989,0.011192515,0.011533313,11.01217533,0.004803527,0.261061947,0.006105051,0.00614958,0.005273554,22.71590038,0.005339736,0.009575491,0.008041729,0.003773457,0.003627453,0.005714555,0.005305441,0.008134997,0.039234054,0.036990881,0.009580056,25.41232458,0.007094607,144.661297,0.097345133,0.014812539,0.014872766,0.038712878,0.00410473,0.00320444,0.013447202,10.65047695,429.3991609,0.014158692,0.210690583,0.017071317,0.222744887,0.004916875,0.003642259,0.014402831,0.102876106,0.079023357,0.012212111,110.7359488,0.005370761,0.052927604,414.8455109,0.079063847,0.010378467,0.003479638,0.008786118,0.009720432,26.2669656,0.007156667,0.0168438,0.010320072,0.009026543,0.009935072,0.003282335,102.7992819,0.01026377,0.005798217,0.003645541,0.018369303,0.013610343,0.005158459,0.016227672,0.651612341,0.239898991,0.003926172,0.005591406,0.259066172,0.646961885,0.003558387,0.080752212,0.108757874,0.008012031,0.182522124,0.060258493,0.127212389,0.121681416,0.062244423,0.060834987,0.015854396,0.060840708,0.063286872,0.004084227,0.171298209,0.074810946,0.01440975,0.088363224,1050.859445,0.218982299,0.088359025,0.047959991,-0.000530992,0.018390446,0.278273202,0.010359673,0.092920354,0.171388179,0.278046074,0.005459662,0.063782344,0.024384734,0.06625826,0.004051192,0.074771421,0.002736573,0.009436286,29.99934306,11.3105686,0.264380531,0.010978244,908.6627935,0.004854679,-0.023831887,0.007080903,0.010566422,0.007121544,0.133253314,0.62427723,0.629270376,0.005056286,0.047262042,9.713562311,28.30119581,0.066188777,0.017429441,0.038916013,0.003611944,1.109555379,0.004164114,0.065912448,0.778132649,1.137023927,0.005348218,74.94623309,0.046717377,0.116196635,0.01980587,1.046936865,0.073132801,0.155973451,1.027210198,0.071514747,0.115953909,0.056385866,0.006411145,0.00450688,0.058870643,0.005345293,0.103982301,0.004484738,0.007632307,131.8921293,0.210176991,0.007487609,0.004498751,0.005554623,0.101769912,0.075221239
0,320,0.007399068,0.004552532,50.58617585,0.014398186,0.014393496,16.60039947,0.010049365,0.173672566,0.010544521,0.010546769,0.006655465,64.54253368,0.006663656,0.017436365,0.020796395,0.005581567,0.004169134,0.011308041,0.009210044,0.020797734,0.012549839,0.013943559,0.017428517,74.47801044,0.02364258,89.33897448,0.094026549,0.047912981,0.047955765,0.006661784,0.013297726,0.006081658,0.003288405,17.65319325,36.32391065,0.040626659,0.022668211,0.003711979,0.0226558,0.006954697,0.028783364,0.040772532,0.140486726,0.101126112,0.004614525,168.3655774,0.00921728,0.039262844,42.9525967,0.080479281,0.02215884,0.008409384,0.025631287,0.003493031,41.92283447,0.006947087,0.019302921,0.018837794,0.044082495,0.044061252,0.010118488,13.11643491,0.018671111,0.008217496,0.008187053,0.012656971,0.003345727,0.002711193,0.004333397,0.95511173,0.020702918,0.006012441,0.035012296,0.020692527,0.94680595,0.008432926,0.189159292,0.120389633,0.028410237,0.088495575,0.005986238,0.243362832,0.199115044,0.085797826,0.065787289,0.044420989,0.038716814,0.050687061,0.006017852,0.21630113,0.039057591,0.044043551,0.095241882,953.7491149,0.000684795,0.09596806,0.023012163,-0.000609352,0.024031701,0.736265774,0.028433498,0.126106195,0.217287211,0.736459559,0.003581724,0.050904734,0.007150924,0.006066597,0.008200436,0.044145955,0.00668941,0.02109246,38.46997049,23.84060049,0.265486726,0.012038126,1570.839686,0.005190122,-0.039018567,0.006639035,0.02111817,0.006801406,0.115028482,1.125350565,1.127473497,0.011713812,0.073188885,10.78450372,217.9679205,0.068178841,0.018069544,0.085573574,0.004530029,0.752220208,0.038393317,0.067566942,0.767860555,0.768804688,0.007097863,13.69861557,0.073732913,0.126048541,0.005745684,1.26493949,0.051776419,0.17920354,1.265637153,0.001733742,0.125880392,0.137653706,0.011947513,0.003716104,0.140287655,0.0071011,0.191371681,0.007349244,0.008714792,203.2039842,0.188053097,0.008719478,0.009884661,0.012949965,0.215707965,0.059734513
1,73,0.013482689,0.004362708,106.0802162,0.058874546,0.058916897,24.42045526,0.009495962,0.147123894,0.014176619,0.014186684,0.012353362,91.00187206,0.012389959,0.026382497,0.035734627,0.007448664,0.006432303,0.007015372,0.006620522,0.042380654,0.056320404,0.048547051,0.026481708,45.01242379,0.01960767,90.88542528,0.138274336,0.05451256,0.05605952,0.041351422,0.012043661,0.002854671,0.01007828,14.81967181,851.2246009,0.06679409,0.386871818,0.015447584,0.388266393,0.008784959,0.006207408,0.068037146,0.115044248,0.053537121,0.016787246,85.52994236,0.006775442,0.10061218,647.2438819,0.053298528,0.031948114,0.011432377,0.009827294,0.004394492,44.52560237,0.015995346,0.03145672,0.024256239,0.025363635,0.025636044,0.008571484,58.14347458,0.023323758,0.017246458,0.00585854,0.013744635,0.008139496,0.003572252,0.010723615,0.487222849,0.489522575,0.007580215,0.012204324,0.51590963,0.486981224,0.011726499,0.107300885,0.107995567,0.013768351,0.174778761,0.0357044,0.127212389,0.165929204,0.034257124,0.03248431,0.021683448,0.056415929,0.041451235,0.003694084,0.228397084,0.053216362,0.021642624,0.08587552,864.6643992,0.102725855,0.086050322,0.031497127,0.001849381,0.045806188,1.186872636,0.014068297,0.146017699,0.228865453,1.187509643,0.001848455,0.043468419,0.015589079,0.036744729,0.00684837,0.053239539,0.011071927,0.029181389,80.11617444,21.73308419,0.155973451,0.00385892,986.5399838,0.002544161,0.013791807,0.002755719,0.029426641,0.002974861,0.086688301,0.821566481,0.82161447,0.010380525,0.042690703,6.01586936,116.829454,0.042454102,0.066163251,0.170519192,0.002753137,0.986695972,0.008003821,0.041393604,0.526842588,1.05530771,0.007494249,42.10324419,0.044841834,0.168393968,0.024013533,1.089438933,0.065512291,0.236725664,1.062141272,0.362441631,0.146972954,0.220546743,0.010626202,0.003254558,0.220617356,0.007527645,0.087389381,0.005560079,0.006853251,848.361109,0.161504425,0.006696327,0.011990491,0.011698849,0.152654867,0.068584071
2,17,0.004697935,0.002841335,23.01400296,0.010814043,0.010824996,11.15313683,0.003209591,0.232300885,0.00479486,0.005076733,0.006249505,31.34586769,0.006255235,0.008664103,0.009894247,0.004453167,0.002450571,0.003155082,0.00509471,0.009904436,0.035441181,0.022792449,0.008684181,21.07681254,0.009488775,162.4929552,0.058628319,0.023923991,0.023923637,0.024500915,0.006076343,0.002467491,0.007566794,11.53723585,544.308169,0.011965685,0.201953847,0.009667832,0.205743387,0.002866506,0.002544555,0.012561472,0.090707965,0.374922653,0.009572876,200.9991813,0.005144654,0.123018925,464.3093983,0.375016,0.006128865,0.004038219,0.00677161,0.00610266,22.58404965,0.003887523,0.034764192,0.00827637,0.008161702,0.008180754,0.003299778,108.5921751,0.00827924,0.003752121,0.004795605,0.023135566,0.00752778,0.00283639,0.007210689,0.890435494,0.342880908,0.004534897,0.005586084,0.343050949,0.887591392,0.004583689,0.153761062,0.59889442,0.012145924,0.112831858,0.079174567,0.122787611,0.165929204,0.133094804,0.129080315,0.012543915,0.090707965,0.080047427,0.00303745,0.372928256,0.106917811,0.012458409,0.104788973,1020.286057,-0.087798733,0.104731059,0.377063246,-0.001422449,0.040301999,0.697273008,0.01301623,0.206858407,0.37350077,0.696048185,0.001668892,0.081448907,0.018950046,0.07942316,0.005476085,0.109005881,0.002953662,0.011007218,20.69387738,11.5424486,0.188053097,0.002994273,1079.77487,0.002014415,0.030231525,0.002654247,0.011111268,0.002783001,0.109723962,0.993253802,0.993477554,0.004641018,0.038224472,5.453236374,25.7137468,0.112892335,0.009082708,0.076044702,0.002528527,1.872072219,0.002826508,0.110915361,0.790786795,1.873282421,0.005581718,93.11241462,0.14356098,0.185690164,0.027598616,1.1175311,0.10309562,0.162610619,1.049405196,0.334769384,0.176774928,0.168926024,0.005037372,0.001925822,0.174692702,0.005589009,0.079646018,0.003616261,0.002710655,148.7964836,0.164823009,0.002684535,0.004327917,0.006097904,0.178097345,0.042035398
1,443,0.009652409,0.005376639,50.90195994,0.025417625,0.025869672,17.96039518,0.007460341,0.148230088,0.011630035,0.011623659,0.008611631,39.59577391,0.00886172,0.02531974,0.013708127,0.008590797,0.004504927,0.00963233,0.012347669,0.01389088,0.036301802,0.038975031,0.026117176,56.73185851,0.013210877,101.0703591,0.125,0.028194,0.028644125,0.010832198,0.005897912,0.006469722,0.003604393,21.08011631,152.6221728,0.031186521,0.103994209,0.009417325,0.103937588,0.006392485,0.008454436,0.031473842,0.223451327,0.058129314,0.005916212,95.40062903,0.012377184,0.107348297,147.7309264,0.057015419,0.016125543,0.004367137,0.02039738,0.004570122,52.78937109,0.008075347,0.024160414,0.022457626,0.032034892,0.033832011,0.003540668,27.29499472,0.021970899,0.008365281,0.009535794,0.012422199,0.008047589,0.003679059,0.009293956,0.369306207,0.129997979,0.008662084,0.017817391,0.136003055,0.365625498,0.00436503,0.188053097,0.119093353,0.036015334,0.112831858,0.020656334,0.19579646,0.226769912,0.042113996,0.042082542,0.04982507,0.074115044,0.052462739,0.007727669,0.136818453,0.051404581,0.049795212,0.091498613,639.6826205,-0.015046906,0.091518654,0.028337042,-0.000646221,0.030544307,0.445368664,0.038344411,0.183628319,0.136770518,0.44561229,0.003041687,0.054147994,0.014877696,0.022340995,0.010237792,0.054371289,0.003343985,0.03672464,54.51186175,12.93764688,0.259955752,0.008892478,987.0707408,0.00528554,-0.01230506,0.006509671,0.037621168,0.006508594,0.096025876,0.780484666,0.789098966,0.006216888,0.055155301,15.62386816,43.41114222,0.071535163,0.020713126,0.043089772,0.00474467,1.360333333,0.006409673,0.071555843,0.59329747,1.383570835,0.011387675,36.61414546,0.034656945,0.045856143,0.011173469,0.784870808,0.087549613,0.099557522,0.707232884,0.063160615,0.039385357,0.060391781,0.006278194,0.002595146,0.060781296,0.011386447,0.107300885,0.010830096,0.00507736,348.8487106,0.211283186,0.005068504,0.005690829,0.007453613,0.162610619,0.07079646
1,119,0.042035177,0.017360702,358.8100559,0.360508258,0.365540324,89.6195568,0.017464717,0.168141593,0.063900664,0.06415613,0.082365191,50.92464111,0.082324916,0.261145001,0.018508182,0.050960804,0.010409877,0.046988828,0.046545934,0.019364586,0.055465641,0.058348421,0.26229625,344.3922863,0.012846862,57.02590956,0.08960177,0.034067502,0.034059033,0.021950063,0.007628478,0.016325423,0.006371878,78.63353928,933.9363777,0.200513404,0.567483706,0.012822131,0.577454817,0.010798394,0.017293599,0.207310559,0.142699115,0.08625221,0.010238613,88.01438066,0.0467236,0.059893186,875.4747112,0.085803998,0.032252321,0.007672508,0.060598909,0.007362432,27.80366039,0.004637581,0.018823889,0.408704608,0.187547428,0.189363593,0.004891695,81.71560205,0.403092255,0.005203133,0.032689829,0.012063617,0.011989572,0.003396007,0.015966236,0.418775916,0.601867204,0.05293428,0.006036695,0.604436241,0.411943228,0.008205378,0.110619469,0.197316001,0.014560859,0.085176991,0.041542694,0.107300885,0.131637168,0.052404311,0.051900762,0.200647489,0.029867257,0.025733632,0.016618441,0.104813494,0.023705149,0.193996124,0.027491367,555.8916225,0.130370718,0.035309791,0.057563534,-0.001200963,0.022385448,0.866308703,0.015138623,0.078539823,0.104816231,0.866683949,0.002041494,0.028837163,0.018612139,0.042588454,0.035756183,0.023702947,0.004813643,0.011880321,28.56923404,18.47178853,0.191371681,0.003511162,754.4434053,0.002293481,-0.003955446,0.00241179,0.012120854,0.002969799,0.045916597,0.585550316,0.586769729,0.00942702,0.011130261,7.365367745,38.36002847,0.03393381,0.008526702,0.059341626,0.023855454,1.085616057,0.005571526,0.033536761,0.380678003,1.156912596,0.093082526,84.12168117,0.07861042,0.093218478,0.014394066,1.366621353,0.036963729,0.21460177,1.329534898,0.120412208,0.084694994,0.118530201,0.009803035,0.002461866,0.126460677,0.093075579,0.047566372,0.005248152,0.004819769,177.0347222,0.150442478,0.004740434,0.005637277,0.008554993,0.168141593,0.098451327
1,41,0.00621203,0.00387556,56.92232843,0.018304294,0.018414159,20.78293784,0.004725242,0.07300885,0.012002517,0.012040105,0.009241279,73.70305615,0.009241695,0.024967526,0.022608712,0.00705709,0.004073534,0.007762676,0.009475476,0.022658066,0.058414957,0.072329725,0.025199013,59.54849614,0.021488425,84.29353694,0.096238938,0.056626423,0.05765351,0.021074823,0.01119974,0.005733221,0.011320369,21.62373258,663.7263333,0.034664559,0.542918424,0.01978511,0.577534095,0.005796085,0.004856011,0.035623966,0.115044248,0.061251098,0.01773148,75.35642749,0.010312219,0.093539789,658.6301219,0.061134998,0.017851424,0.010373552,0.017384429,0.009928521,29.16886141,0.004521416,0.049933647,0.021280095,0.020698148,0.021606896,0.007626505,79.79603627,0.020584111,0.005864676,0.009470573,0.019069287,0.015748676,0.010718178,0.016776106,0.351079548,0.523505425,0.007231136,0.005660257,0.555698795,0.346971693,0.010408306,0.091814159,0.080367926,0.010301368,0.125,0.046487675,0.130530973,0.152654867,0.027287679,0.027262208,0.043305994,0.042035398,0.041097293,0.005168082,0.229847917,0.047472554,0.040658601,0.052055483,770.2178063,0.231167686,0.052269219,0.025479515,-0.002404791,0.04804567,0.775984094,0.013466366,0.109513274,0.303021087,0.776408151,0.003968595,0.042992062,0.026534907,0.047254583,0.009466464,0.047693441,0.006271237,0.012763781,30.7410152,27.00772804,0.213495575,0.010255592,857.0618259,0.002678605,-0.069372865,0.007876439,0.013069563,0.008109188,0.07043618,0.670765113,0.678034847,0.014298244,0.024859217,12.57291022,70.48997042,0.038017323,0.008110268,0.058068226,0.004782207,1.194022581,0.007419434,0.038037588,0.588140874,1.293548423,0.0094932,75.79123702,0.024269087,0.149257865,0.017776133,1.36520125,0.123912907,0.147123894,1.365785407,0.196654213,0.14620366,0.094286957,0.014416421,0.010385707,0.09790032,0.010168683,0.048672566,0.005091545,0.096871561,137.5949175,0.157079646,0.094071367,0.007544142,0.013221436,0.126106195,0.088495575
1,406,0.008139365,0.003265792,48.50732637,0.014327176,0.014320547,15.29006922,0.007276222,0.191371681,0.009675378,0.009689626,0.007121164,32.07437678,0.007146466,0.013442742,0.009037821,0.00437464,0.003563255,0.006930002,0.007099316,0.009208434,0.032070422,0.027604349,0.013681893,30.34622334,0.0099815,164.9773179,0.069690265,0.024219377,0.024234222,0.008889958,0.004164964,0.003884771,0.003987015,12.49335953,107.2730379,0.03875178,0.072650795,0.009785468,0.072679969,0.006622405,0.007972407,0.038794286,0.189159292,0.080685868,0.006722441,98.00985503,0.007263219,0.049360029,103.9894063,0.080662603,0.023097228,0.004035088,0.011855884,0.005658451,90.85698051,0.006041581,0.023111199,0.011468384,0.01293961,0.012986682,0.004445537,44.01234357,0.011466247,0.010244358,0.004652036,0.012392113,0.007501166,0.005105146,0.011558606,0.512684245,0.127473791,0.004372222,0.029286948,0.128457821,0.511256207,0.004361416,0.172566372,0.221649295,0.078567483,0.10840708,0.082993099,0.146017699,0.130530973,0.0382716,0.038104902,0.019048277,0.058628319,0.064647718,0.006436933,0.232156769,0.085137135,0.018543903,0.115791276,733.3136211,0.021006551,0.116244443,0.051916689,-0.000481978,0.042618096,0.657430357,0.08346021,0.155973451,0.232152705,0.657487116,0.005450384,0.078428645,0.01456471,0.088401362,0.004680685,0.090448447,0.002972402,0.092289159,87.2453149,13.34162066,0.216814159,0.013415705,950.4966686,0.006429641,-0.00023085,0.00889772,0.09229648,0.008952072,0.122497297,0.674721639,0.678554623,0.006762357,0.048848974,14.20696019,54.7175767,0.046158665,0.018644549,0.256397998,0.003167247,1.988879749,0.006477328,0.046183844,0.591085913,1.998307609,0.005480112,47.25571271,0.052555981,0.274711444,0.012013265,1.802893735,0.122206108,0.288716814,1.681765303,0.03822958,0.274606432,0.181952428,0.006936017,0.003475789,0.187902235,0.005494071,0.162610619,0.008298399,0.006012468,366.1412198,0.184734513,0.0060155,0.006237848,0.007875911,0.167035398,0.066371681
0,78,0.004343707,0.002133946,28.13381581,0.012200952,0.012349233,9.78481574,0.004210931,0.211283186,0.004871961,0.005066534,0.005331286,34.50765031,0.005362291,0.012233134,0.012605484,0.003149267,0.002855966,0.006151728,0.004908861,0.012716468,0.008802044,0.016894637,0.012250133,32.09434784,0.010354424,41.08695935,0.102876106,0.020783918,0.021262745,0.005078279,0.00425265,0.002306679,0.002275901,9.539166604,31.7971186,0.01490747,0.03586099,0.004253991,0.036453633,0.00276943,0.007409106,0.015089941,0.043141593,0.033506965,0.004703198,48.95946289,0.004972855,0.032592693,38.62632416,0.025090751,0.007647427,0.003319967,0.012463383,0.003178246,27.68651774,0.004491084,0.014385764,0.01053603,0.013184928,0.013192293,0.004423844,12.23009064,0.010435065,0.004173552,0.002872208,0.006434467,0.004837754,0.003485242,0.004997543,0.463781799,0.014254455,0.003233364,0.060561499,0.014249397,0.460176565,0.003541211,0.174778761,0.026130155,0.016871676,0.048672566,0.005868285,0.238938053,0.225663717,0.022841086,0.021286215,0.021481306,0.060840708,0.013396582,0.00325002,0.200908136,0.015851858,0.021435221,0.023502186,631.5260488,-0.005576181,0.02660196,0.008981518,8.41e-05,0.01147286,0.630004641,0.01708201,0.027654867,0.201110671,0.630037111,0.014380301,0.015028241,0.007851689,0.006059905,0.003087912,0.017960902,0.002704445,0.009002403,30.60432486,11.39205643,0.269911504,0.070913001,546.6296798,0.039805584,-0.058601066,0.031298415,0.009482687,0.031294962,0.03352355,0.269745546,0.270264849,0.006308445,0.041166521,34.67766779,37.57310699,0.016123415,0.014836302,0.110114977,0.003227265,2.475070187,0.005463603,0.016128601,0.370175909,2.473992845,0.005279357,12.83899371,0.02653161,0.129520648,0.003696729,2.19818625,0.040311847,0.183628319,2.196697589,0.002912148,0.128307886,0.153821104,0.006309108,0.00299107,0.15381,0.005334001,0.152654867,0.00918559,0.005322816,229.5401936,0.162610619,0.005303225,0.004901572,0.005906438,0.21460177,0.050884956
0,167,0.008567278,0.003300191,54.33817276,0.018466404,0.018607493,16.31120071,0.007200023,0.068584071,0.009976377,0.010014353,0.006536769,44.27872507,0.006599904,0.016460882,0.015131028,0.006817477,0.003014617,0.007079013,0.007339717,0.015460637,0.028378145,0.015511534,0.016728234,40.09335853,0.013418588,46.29727682,0.10619469,0.028370722,0.028905656,0.006929077,0.01116638,0.003272969,0.003194764,14.12545659,78.40890562,0.040790027,0.025473223,0.010446995,0.025494119,0.005372632,0.004826779,0.040933208,0.065265487,0.034633736,0.003932138,57.31392831,0.007353557,0.028961919,47.87949447,0.030021531,0.021176329,0.004875583,0.011508787,0.00295438,34.84199695,0.009316542,0.012694659,0.016272258,0.017142952,0.017941809,0.006068555,21.64322675,0.016172481,0.00497804,0.00614905,0.006205605,0.003850564,0.022705081,0.006326889,0.289912896,0.048829886,0.006871983,0.010918172,0.049070591,0.287713045,0.004906078,0.202433628,0.051106234,0.013154858,0.102876106,0.01669902,0.189159292,0.201327434,0.019789522,0.019795693,0.021756021,0.076327434,0.016831518,0.003880899,0.25319687,0.016320389,0.021762824,0.024305391,538.6735226,-0.0091808,0.030957679,0.01190201,-0.00085372,0.020634139,1.164627436,0.014055126,0.078539823,0.256073371,1.165269285,0.003993115,0.016925441,0.00755107,0.016690052,0.006296994,0.016359095,0.004327871,0.016645559,36.22413357,19.31141525,0.30420354,0.012207661,658.0047881,0.004751638,0.00741741,0.006767836,0.019272049,0.007054565,0.031416335,0.234790449,0.236397901,0.01317753,0.011546559,11.45903436,128.8476585,0.024174897,0.022314813,0.192021464,0.002771212,1.74609085,0.012096403,0.022634632,0.223400935,1.746334442,0.006816982,15.99386767,0.018733198,0.124324486,0.011801232,1.875432176,0.021919727,0.155973451,1.876467427,0.008529893,0.121995407,0.200542872,0.01319227,0.023820021,0.202171444,0.006925645,0.095132743,0.004055328,0.152935552,205.2512758,0.173672566,0.152926319,0.005798764,0.008358498,0.213495575,0.033185841
1,446,0.006827631,0.003959841,46.75392944,0.020477482,0.020470495,16.54230999,0.005493513,0.105088496,0.008975048,0.008973064,0.008885984,47.9378639,0.008908769,0.019055766,0.015882656,0.006995924,0.003528607,0.007110239,0.008429245,0.016372369,0.032536428,0.037154656,0.019070517,43.89905427,0.011832174,91.10362615,0.076327434,0.032504141,0.032545343,0.012648222,0.004728594,0.004161294,0.004213927,17.58332708,388.3067193,0.028672514,0.230757353,0.008819058,0.233368532,0.003959098,0.005418002,0.028881761,0.029867257,0.05467966,0.006947503,84.3966602,0.008457902,0.040474531,451.4695242,0.054485784,0.01440867,0.004633948,0.012992966,0.005133534,25.51963853,0.003871721,0.01790788,0.020016952,0.016187935,0.016556051,0.004766494,46.19449967,0.020014486,0.003345321,0.006422121,0.010979128,0.007644019,0.009299487,0.010443818,0.526413983,0.114114557,0.007001624,0.005752159,0.114252292,0.521978374,0.004731713,0.128318584,0.070294797,0.006805816,0.14380531,0.021722038,0.165929204,0.159292035,0.041829104,0.040934132,0.027728074,0.086283186,0.041743217,0.005121563,0.195618931,0.05402221,0.025442277,0.077050829,666.3765395,0.208384404,0.077790953,0.020251756,-0.001346138,0.018001095,1.009985002,0.012384043,0.07079646,0.199023106,1.010087245,0.003959237,0.04243955,0.01753275,0.024337286,0.007009373,0.054223619,0.004016737,0.009963305,23.58943862,14.30297148,0.296460177,0.010108048,675.470982,0.003838767,-0.026573948,0.005553775,0.011302461,0.005719916,0.158817169,0.593041648,0.598830998,0.007003179,0.07665011,8.447224151,36.42342515,0.050869832,0.006283159,0.142891785,0.003815332,1.639577154,0.006643516,0.050684368,0.513767646,1.641036183,0.009440511,54.21990838,0.028146645,0.188476039,0.01119243,1.756065203,0.049626727,0.189159292,1.750947355,0.170334743,0.188028456,0.136145138,0.007010834,0.008227368,0.136699738,0.00944992,0.094026549,0.003775602,0.026712212,151.5370698,0.167035398,0.02671824,0.007440051,0.008258576,0.123893805,0.044247788
2,118,0.006761887,0.002922524,46.1929298,0.024800007,0.024826118,18.71062981,0.00503317,0.146017699,0.008167301,0.008168552,0.010876238,55.03032412,0.010873224,0.019405695,0.023470348,0.007472212,0.003272584,0.006296354,0.008233848,0.023464104,0.051881939,0.071090902,0.020477613,46.08186179,0.010744018,123.8767082,0.081858407,0.03051522,0.030645124,0.02897299,0.006936152,0.002733905,0.006047911,18.34149335,647.6366632,0.018049075,0.375598501,0.010085144,0.375629513,0.003691649,0.005858953,0.018322551,0.099557522,0.069278395,0.008890419,111.5777368,0.008285524,0.080305491,821.1307121,0.069003803,0.00834453,0.004939895,0.010231121,0.010244589,58.3034499,0.004456217,0.045663911,0.023787887,0.019450042,0.019636606,0.005034168,94.61232392,0.023637282,0.005805065,0.007534467,0.034321552,0.012857686,0.003609824,0.012767507,0.553724347,0.280570981,0.00755109,0.016111293,0.280467275,0.547454905,0.005183851,0.090707965,0.096066294,0.034683792,0.10619469,0.056524482,0.075221239,0.116150442,0.051107288,0.051053149,0.021346348,0.058628319,0.061087486,0.003945396,0.08680223,0.053245624,0.021356945,0.07382578,1139.575842,0.025841961,0.074600796,0.029212762,-0.000926261,0.034280932,0.417821108,0.03738889,0.100663717,0.087118,0.417725891,0.003950471,0.061369855,0.058487958,0.056567914,0.008162394,0.054630423,0.002890356,0.052520311,69.56704226,17.34832779,0.164823009,0.009623842,1171.506476,0.004204031,-0.032362246,0.005517899,0.052669363,0.005619781,0.11304956,0.616100992,0.616026575,0.007657046,0.048336178,11.93577229,70.23056204,0.047625332,0.017178059,0.048631182,0.002715768,0.752497334,0.008432513,0.047380282,0.626588462,0.779514247,0.009431787,130.5325911,0.035311222,0.056846071,0.028431032,1.047831529,0.114175321,0.109513274,0.95772763,0.228588936,0.055523755,0.081414411,0.008144499,0.002249567,0.091290821,0.009448419,0.087389381,0.00423066,0.004390147,333.0745364,0.142699115,0.004372817,0.005429827,0.010687523,0.117256637,0.067477876
0,283,0.006237739,0.002692788,27.21076774,0.010613488,0.010844258,10.49836111,0.004593452,0.162610619,0.006616402,0.006678912,0.004584852,37.89839769,0.004616724,0.007767175,0.009745136,0.003181672,0.002525907,0.005541713,0.005170762,0.009740513,0.022378647,0.057359554,0.007770433,24.45711096,0.011051611,111.4796208,0.087389381,0.030369713,0.030921461,0.027517587,0.005507528,0.002940139,0.006170356,10.19098488,388.5532757,0.018918034,0.216305682,0.011273576,0.216351234,0.005204089,0.004313789,0.019522249,0.039823009,0.137069099,0.008574129,107.6627607,0.005314218,0.146326625,477.0934072,0.13703267,0.012939621,0.00357056,0.009635594,0.005936343,29.44256304,0.003941865,0.05892138,0.011469261,0.0088363,0.008911193,0.004489883,50.27027506,0.011392895,0.003911459,0.003602643,0.024135306,0.010342762,0.003959042,0.013719501,0.828641807,0.0718744,0.003364692,0.007053217,0.073982985,0.826905947,0.003612793,0.180309735,0.137941207,0.010342813,0.140486726,0.027355542,0.142699115,0.206858407,0.06908019,0.066792499,0.01388858,0.063053097,0.073556854,0.004012792,0.394146403,0.059927629,0.013852626,0.179917483,1030.688207,0.16325395,0.179826164,0.08306611,-0.001839997,0.046633548,1.33318244,0.016302082,0.058628319,0.393944577,1.333245276,0.003755734,0.075611386,0.03266618,0.027690328,0.003640191,0.060142401,0.003042466,0.011367264,28.78360861,12.03314773,0.289823009,0.013930811,863.896075,0.004622025,-0.030939825,0.010122504,0.011364415,0.010238929,0.258642561,0.479612747,0.49176784,0.005912764,0.131056954,11.18384614,31.08970688,0.134534738,0.009031518,0.218976715,0.002776624,2.21739551,0.004777682,0.134579391,0.988002337,2.217168638,0.005255231,59.44552786,0.126159288,0.246129455,0.021781206,2.201306678,0.147948975,0.199115044,2.1950797,0.125643895,0.224937575,0.378475742,0.005909514,0.002898261,0.380100017,0.005263662,0.103982301,0.004185752,0.00700573,120.879181,0.207964602,0.006959356,0.005005299,0.006986502,0.173672566,0.039823009
